run_id,component,event,created_at,gib,expires_at,source
36880389663,linux,pull_request,2026-10-01 16:13:35,0.6292961724102497,2026-12-30 14:56:56,retained_metadata
36880389663,windows,pull_request,2026-10-01 16:29:54,0.06278371810913086,2026-12-30 14:56:56,retained_metadata
36880946877,macos,pull_request,2026-10-01 16:09:42,0.0753197968006134,2026-12-30 15:01:02,retained_metadata
36880946877,wasm64,pull_request,2026-10-01 15:59:38,0.18087857216596603,2026-12-30 15:01:02,retained_metadata
36880389663,macos,pull_request,2026-10-01 15:59:53,0.07531984057277441,2026-12-30 14:56:56,retained_metadata
36880389663,wasm64,pull_request,2026-10-01 15:53:36,0.18087877985090017,2026-12-30 14:56:56,retained_metadata
36880946877,wasm32,pull_request,2026-10-01 15:45:42,0.18087857216596603,2026-12-30 15:01:02,retained_metadata
36880389663,wasm32,pull_request,2026-10-01 15:41:34,0.18087877985090017,2026-12-30 14:56:56,retained_metadata
36880946877,windows,pull_request,2026-10-01 15:06:15,0.0627834303304553,2026-12-30 15:01:02,retained_metadata
36784714510,wasm64,push,2026-09-30 23:19:03,0.18087857216596603,2026-12-29 22:17:38,retained_metadata
36784714510,macos,push,2026-09-30 23:18:08,0.07531985826790333,2026-12-29 22:17:38,retained_metadata
36784714510,linux,push,2026-09-30 23:35:28,0.6301334341987967,2026-12-29 22:17:38,retained_metadata
36784714510,windows,push,2026-09-30 23:40:21,0.06278350856155157,2026-12-29 22:17:38,retained_metadata
36784714510,wasm32,push,2026-09-30 23:05:39,0.18087857216596603,2026-12-29 22:17:38,retained_metadata
36777274384,windows,push,2026-09-30 22:40:14,0.06278358213603497,2026-12-29 21:06:44,retained_metadata
36777274384,macos,push,2026-09-30 22:14:26,0.07531973719596863,2026-12-29 21:06:44,retained_metadata
36777274384,linux,push,2026-09-30 22:12:10,0.9638447090983391,2026-12-29 21:06:44,retained_metadata
36777274384,wasm32,push,2026-09-30 22:06:37,0.18087857216596603,2026-12-29 21:06:44,retained_metadata
36777274384,wasm64,push,2026-09-30 21:49:36,0.18087857216596603,2026-12-29 21:06:44,retained_metadata
36772065330,wasm32,pull_request,2026-09-30 21:15:52,0.18997236527502537,2026-12-29 20:21:37,retained_metadata
36772065330,linux,pull_request,2026-09-30 21:40:41,0.6557190995663404,2026-12-29 20:21:37,retained_metadata
36772065330,wasm64,pull_request,2026-09-30 21:24:50,0.18997236527502537,2026-12-29 20:21:37,retained_metadata
36772065330,macos,pull_request,2026-09-30 21:35:06,0.0818426227197051,2026-12-29 20:21:37,retained_metadata
36772065330,windows,pull_request,2026-09-30 20:35:02,0.06570264045149088,2026-12-29 20:21:37,retained_metadata
36737243245,windows,pull_request,2026-09-30 16:59:01,0.06556122191250324,2026-12-29 15:30:21,retained_metadata
36736685249,linux,pull_request,2026-09-30 16:40:27,0.648926748894155,2026-12-29 15:26:00,retained_metadata
36736685249,windows,pull_request,2026-09-30 16:35:14,0.06556116323918104,2026-12-29 15:26:00,retained_metadata
36737243245,macos,pull_request,2026-09-30 16:22:34,0.08177342545241117,2026-12-29 15:30:21,retained_metadata
36737243245,wasm32,pull_request,2026-09-30 16:34:01,0.18997834995388985,2026-12-29 15:30:21,retained_metadata
36736685249,macos,pull_request,2026-09-30 16:22:24,0.08177345525473356,2026-12-29 15:26:00,retained_metadata
36737243245,linux,pull_request,2026-09-30 16:25:11,0.6489249682053924,2026-12-29 15:30:21,retained_metadata
36736685249,wasm64,pull_request,2026-09-30 16:28:55,0.18997834995388985,2026-12-29 15:26:00,retained_metadata
36737243245,wasm64,pull_request,2026-09-30 16:17:02,0.18997834995388985,2026-12-29 15:30:21,retained_metadata
36736685249,wasm32,pull_request,2026-09-30 16:13:05,0.18997834995388985,2026-12-29 15:26:00,retained_metadata
36615999059,windows,pull_request,2026-09-29 20:37:56,0.0658149728551507,2026-12-28 18:59:15,retained_metadata
36614446083,windows,pull_request,2026-09-29 20:23:42,0.06554936245083809,2026-12-28 18:46:24,retained_metadata
36614446083,wasm32,pull_request,2026-09-29 19:53:28,0.18997264932841063,2026-12-28 18:46:24,retained_metadata
36615999059,linux,pull_request,2026-09-29 20:15:02,0.6558953635394573,2026-12-28 18:59:15,retained_metadata
36615999059,macos,pull_request,2026-09-29 19:50:40,0.0820378651842475,2026-12-28 18:59:15,retained_metadata
36615999059,wasm64,pull_request,2026-09-29 20:03:13,0.19002713356167078,2026-12-28 18:59:15,retained_metadata
36614446083,wasm64,pull_request,2026-09-29 19:53:31,0.18997264932841063,2026-12-28 18:46:24,retained_metadata
36615999059,wasm32,pull_request,2026-09-29 20:00:08,0.19002713356167078,2026-12-28 18:59:15,retained_metadata
36614446083,linux,pull_request,2026-09-29 19:47:38,0.6547419233247638,2026-12-28 18:46:24,retained_metadata
36614446083,macos,pull_request,2026-09-29 19:41:22,0.0817597983404994,2026-12-28 18:46:24,retained_metadata
36472051958,wasm64,pull_request,2026-09-28 20:29:35,0.18997236527502537,2026-12-27 19:24:48,retained_metadata
36472318799,macos,pull_request,2026-09-28 20:28:58,0.08175962883979082,2026-12-27 19:27:03,retained_metadata
36472051958,macos,pull_request,2026-09-28 20:28:08,0.08175957296043634,2026-12-27 19:24:48,retained_metadata
36472318799,wasm32,pull_request,2026-09-28 20:31:04,0.18997236527502537,2026-12-27 19:27:03,retained_metadata
36472318799,wasm64,pull_request,2026-09-28 20:27:42,0.18997236527502537,2026-12-27 19:27:03,retained_metadata
36472611170,linux,pull_request,2026-09-28 20:40:38,0.6547401864081621,2026-12-27 19:29:38,retained_metadata
36472611170,wasm32,pull_request,2026-09-28 20:35:24,0.18997236620634794,2026-12-27 19:29:38,retained_metadata
36472051958,linux,pull_request,2026-09-28 20:38:47,0.6547406390309334,2026-12-27 19:24:48,retained_metadata
36472051958,wasm32,pull_request,2026-09-28 20:29:12,0.18997236527502537,2026-12-27 19:24:48,retained_metadata
36470997869,wasm32,pull_request,2026-09-28 20:18:46,0.18997236527502537,2026-12-27 19:15:44,retained_metadata
36472611170,macos,pull_request,2026-09-28 20:25:28,0.08175954781472683,2026-12-27 19:29:38,retained_metadata
36472318799,linux,pull_request,2026-09-28 20:22:37,0.6547390725463629,2026-12-27 19:27:03,retained_metadata
36470997869,macos,pull_request,2026-09-28 20:14:25,0.08175962511450052,2026-12-27 19:15:44,retained_metadata
36470997869,linux,pull_request,2026-09-28 19:59:35,0.7041597636416554,2026-12-27 19:15:44,retained_metadata
36470997869,wasm64,pull_request,2026-09-28 20:16:02,0.18997236527502537,2026-12-27 19:15:44,retained_metadata
36465708108,linux,pull_request,2026-09-28 19:46:52,0.6548328557983041,2026-12-27 18:30:49,retained_metadata
36472611170,wasm64,pull_request,2026-09-28 20:07:19,0.18997236620634794,2026-12-27 19:29:38,retained_metadata
36470997869,windows,pull_request,2026-09-28 19:23:10,0.06554825883358717,2026-12-27 19:15:44,retained_metadata
36462671446,linux,pull_request,2026-09-28 19:23:06,0.6548458645120263,2026-12-27 18:04:54,retained_metadata
36465708108,wasm32,pull_request,2026-09-28 19:17:57,0.18998173996806145,2026-12-27 18:30:49,retained_metadata
36472611170,windows,pull_request,2026-09-28 19:37:03,0.06554803624749184,2026-12-27 19:29:38,retained_metadata
36465708108,macos,pull_request,2026-09-28 19:35:33,0.08177124615758657,2026-12-27 18:30:49,retained_metadata
36472318799,windows,pull_request,2026-09-28 19:34:17,0.0655480781570077,2026-12-27 19:27:03,retained_metadata
36462671446,wasm64,pull_request,2026-09-28 19:12:23,0.18998173996806145,2026-12-27 18:04:54,retained_metadata
36472051958,windows,pull_request,2026-09-28 19:32:27,0.06554809212684631,2026-12-27 19:24:48,retained_metadata
36465708108,wasm64,pull_request,2026-09-28 19:17:29,0.18998173996806145,2026-12-27 18:30:49,retained_metadata
36463788457,linux,pull_request,2026-09-28 18:55:16,0.654824080877006,2026-12-27 18:14:28,retained_metadata
36462671446,wasm32,pull_request,2026-09-28 19:08:25,0.18998173996806145,2026-12-27 18:04:54,retained_metadata
36462671446,macos,pull_request,2026-09-28 19:00:38,0.08177099097520113,2026-12-27 18:04:54,retained_metadata
36458699924,linux,pull_request,2026-09-28 18:47:08,0.6548438118770719,2026-12-27 17:31:15,retained_metadata
36463788457,macos,pull_request,2026-09-28 19:08:41,0.08177115581929684,2026-12-27 18:14:28,retained_metadata
36462356961,macos,pull_request,2026-09-28 18:56:29,0.08177102170884609,2026-12-27 18:02:14,retained_metadata
36462356961,linux,pull_request,2026-09-28 18:56:56,0.6548426179215312,2026-12-27 18:02:14,retained_metadata
36463788457,wasm64,pull_request,2026-09-28 19:14:32,0.18998174089938402,2026-12-27 18:14:28,retained_metadata
36463788457,wasm32,pull_request,2026-09-28 18:51:36,0.18998174089938402,2026-12-27 18:14:28,retained_metadata
36462356961,wasm32,pull_request,2026-09-28 18:43:25,0.18998173996806145,2026-12-27 18:02:14,retained_metadata
36458699924,wasm32,pull_request,2026-09-28 18:32:47,0.18998173717409372,2026-12-27 17:31:15,retained_metadata
36462356961,wasm64,pull_request,2026-09-28 18:38:32,0.18998173996806145,2026-12-27 18:02:14,retained_metadata
36458699924,macos,pull_request,2026-09-28 18:32:53,0.08177046477794647,2026-12-27 17:31:15,retained_metadata
36455343974,linux,pull_request,2026-09-28 18:19:21,0.6548412963747978,2026-12-27 17:02:41,retained_metadata
36458699924,wasm64,pull_request,2026-09-28 18:21:08,0.18998173717409372,2026-12-27 17:31:15,retained_metadata
36465708108,windows,pull_request,2026-09-28 18:38:03,0.06556092109531164,2026-12-27 18:30:49,retained_metadata
36463788457,windows,pull_request,2026-09-28 18:22:02,0.06556051038205624,2026-12-27 18:14:28,retained_metadata
36455343974,wasm64,pull_request,2026-09-28 17:52:27,0.18998173717409372,2026-12-27 17:02:41,retained_metadata
36455343974,macos,pull_request,2026-09-28 17:55:11,0.08177049551159143,2026-12-27 17:02:41,retained_metadata
36462671446,windows,pull_request,2026-09-28 18:11:37,0.0655604712665081,2026-12-27 18:04:54,retained_metadata
36462356961,windows,pull_request,2026-09-28 18:07:51,0.06556044518947601,2026-12-27 18:02:14,retained_metadata
36455343974,wasm32,pull_request,2026-09-28 18:06:42,0.18998173717409372,2026-12-27 17:02:41,retained_metadata
36448732817,windows,pull_request,2026-09-28 17:46:56,0.06570060644298792,2026-12-27 16:07:28,retained_metadata
36458699924,windows,pull_request,2026-09-28 17:38:12,0.06555980537086725,2026-12-27 17:31:15,retained_metadata
36448732817,wasm64,pull_request,2026-09-28 17:10:52,0.18997236527502537,2026-12-27 16:07:28,retained_metadata
36448732817,macos,pull_request,2026-09-28 17:06:29,0.08184050768613815,2026-12-27 16:07:28,retained_metadata
36448732817,wasm32,pull_request,2026-09-28 17:11:27,0.18997236527502537,2026-12-27 16:07:28,retained_metadata
36448732817,linux,pull_request,2026-09-28 17:11:09,0.6557255676016212,2026-12-27 16:07:28,retained_metadata
36455343974,windows,pull_request,2026-09-28 17:10:57,0.06555978581309319,2026-12-27 17:02:41,retained_metadata
36228785896,windows,pull_request,2026-09-26 10:14:24,0.06554949004203081,2026-12-25 08:37:49,retained_metadata
36228785896,linux,pull_request,2026-09-26 09:52:59,0.6547703947871923,2026-12-25 08:37:49,retained_metadata
36228785896,wasm64,pull_request,2026-09-26 09:37:29,0.18997304793447256,2026-12-25 08:37:49,retained_metadata
36228785896,macos,pull_request,2026-09-26 09:26:20,0.08176109753549099,2026-12-25 08:37:49,retained_metadata
36228785896,wasm32,pull_request,2026-09-26 09:40:50,0.18997304793447256,2026-12-25 08:37:49,retained_metadata
36218522523,windows,push,2026-09-26 07:32:22,0.06554794311523438,2026-12-25 07:25:38,retained_metadata
36218522523,windows,push,2026-09-26 05:47:13,0.0655481107532978,2026-12-25 04:40:21,retained_metadata
36218522523,macos,push,2026-09-26 05:36:20,0.08175960183143616,2026-12-25 04:40:21,retained_metadata
36218522523,linux,push,2026-09-26 06:06:50,1.043631020002067,2026-12-25 04:40:21,retained_metadata
36218522523,wasm32,push,2026-09-26 05:42:53,0.18997236527502537,2026-12-25 04:40:21,retained_metadata
36218522523,wasm64,push,2026-09-26 05:43:35,0.18997236527502537,2026-12-25 04:40:21,retained_metadata
36027666443,macos,pull_request,2026-09-24 17:25:09,0.07408312894403934,2026-12-23 16:28:57,retained_metadata
36027666443,wasm32,pull_request,2026-09-24 17:29:44,0.18343509826809168,2026-12-23 16:28:57,retained_metadata
36027666443,linux,pull_request,2026-09-24 17:27:22,0.6165551841259003,2026-12-23 16:28:57,retained_metadata
36027666443,wasm64,pull_request,2026-09-24 17:30:33,0.18343509826809168,2026-12-23 16:28:57,retained_metadata
36027666443,windows,pull_request,2026-09-24 16:34:35,0.0627500070258975,2026-12-23 16:28:57,retained_metadata
36010930602,windows,pull_request,2026-09-24 15:15:25,0.06276296637952328,2026-12-23 14:11:05,retained_metadata
36010930602,linux,pull_request,2026-09-24 15:25:32,0.6166362352669239,2026-12-23 14:11:05,retained_metadata
36010930602,wasm32,pull_request,2026-09-24 15:11:36,0.18343509826809168,2026-12-23 14:11:05,retained_metadata
36010930602,macos,pull_request,2026-09-24 15:11:05,0.07410542573779821,2026-12-23 14:11:05,retained_metadata
36010930602,wasm64,pull_request,2026-09-24 14:49:32,0.18343509826809168,2026-12-23 14:11:05,retained_metadata
35927254659,linux,pull_request,2026-09-23 23:31:43,0.6177414190024137,2026-12-22 22:14:56,retained_metadata
35927254659,wasm32,pull_request,2026-09-23 23:10:25,0.18349064700305462,2026-12-22 22:14:56,retained_metadata
35927254659,macos,pull_request,2026-09-23 23:06:41,0.07437050715088844,2026-12-22 22:14:56,retained_metadata
35927254659,wasm64,pull_request,2026-09-23 23:09:48,0.18349064700305462,2026-12-22 22:14:56,retained_metadata
35927254659,windows,pull_request,2026-09-23 22:21:29,0.06302496045827866,2026-12-22 22:14:56,retained_metadata
35908848831,wasm32,pull_request,2026-09-23 20:37:55,0.18343509826809168,2026-12-22 20:02:34,retained_metadata
35908848831,wasm64,pull_request,2026-09-23 20:49:20,0.18343509826809168,2026-12-22 20:02:34,retained_metadata
35908848831,linux,pull_request,2026-09-23 21:00:16,0.6166069637984037,2026-12-22 20:02:34,retained_metadata
35908848831,macos,pull_request,2026-09-23 21:06:56,0.07409625314176083,2026-12-22 20:02:34,retained_metadata
35908848831,windows,pull_request,2026-09-23 20:08:52,0.06275906972587109,2026-12-22 20:02:34,retained_metadata
35890910868,linux,pull_request,2026-09-23 18:02:12,0.6165585750713944,2026-12-22 16:45:07,retained_metadata
35890910868,wasm32,pull_request,2026-09-23 17:47:08,0.18343509826809168,2026-12-22 16:45:07,retained_metadata
35890910868,wasm64,pull_request,2026-09-23 17:44:32,0.18343509826809168,2026-12-22 16:45:07,retained_metadata
35890910868,macos,pull_request,2026-09-23 17:35:59,0.07408386096358299,2026-12-22 16:45:07,retained_metadata
35890910868,windows,pull_request,2026-09-23 16:50:43,0.0627501243725419,2026-12-22 16:45:07,retained_metadata
35834606047,linux,pull_request,2026-09-23 09:16:00,0.616558101028204,2026-12-22 07:59:24,retained_metadata
35834606047,wasm64,pull_request,2026-09-23 09:01:19,0.18343509826809168,2026-12-22 07:59:24,retained_metadata
35834606047,macos,pull_request,2026-09-23 08:38:38,0.07408405374735594,2026-12-22 07:59:24,retained_metadata
35834606047,wasm32,pull_request,2026-09-23 08:38:45,0.18343509826809168,2026-12-22 07:59:24,retained_metadata
35834606047,windows,pull_request,2026-09-23 08:04:16,0.06275084894150496,2026-12-22 07:59:24,retained_metadata
35804331113,macos,pull_request,2026-09-23 01:51:43,0.07408147770911455,2026-12-22 00:58:19,retained_metadata
35804331113,wasm64,pull_request,2026-09-23 01:43:29,0.18343419674783945,2026-12-22 00:58:19,retained_metadata
35804331113,linux,pull_request,2026-09-23 01:56:24,0.6165450420230627,2026-12-22 00:58:19,retained_metadata
35804331113,wasm32,pull_request,2026-09-23 01:59:20,0.18343419674783945,2026-12-22 00:58:19,retained_metadata
35804331113,windows,pull_request,2026-09-23 01:02:42,0.06274766102433205,2026-12-22 00:58:19,retained_metadata
35787135682,linux,pull_request,2026-09-22 22:46:48,0.6174702066928148,2026-12-21 21:31:12,retained_metadata
35787135682,wasm32,pull_request,2026-09-22 22:32:10,0.18343509826809168,2026-12-21 21:31:12,retained_metadata
35787135682,wasm64,pull_request,2026-09-22 22:31:17,0.18343509826809168,2026-12-21 21:31:12,retained_metadata
35787135682,macos,pull_request,2026-09-22 22:19:53,0.07415671274065971,2026-12-21 21:31:12,retained_metadata
35787135682,windows,pull_request,2026-09-22 21:54:17,0.06289473921060562,2026-12-21 21:31:12,retained_metadata
35773266190,wasm32,push,2026-09-22 20:18:56,0.18343509826809168,2026-12-21 19:21:32,retained_metadata
35773266190,wasm64,push,2026-09-22 20:07:33,0.18343509826809168,2026-12-21 19:21:32,retained_metadata
35773266190,macos,push,2026-09-22 20:31:06,0.07408390194177628,2026-12-21 19:21:32,retained_metadata
35769484841,wasm64,push,2026-09-22 19:48:23,0.18343509826809168,2026-12-21 18:47:09,retained_metadata
35769484841,macos,push,2026-09-22 19:39:25,0.07408392801880836,2026-12-21 18:47:09,retained_metadata
35769484841,wasm32,push,2026-09-22 19:32:14,0.18343509826809168,2026-12-21 18:47:09,retained_metadata
35773266190,windows,push,2026-09-22 19:27:03,0.06275057792663574,2026-12-21 19:21:32,retained_metadata
35769484841,windows,push,2026-09-22 18:56:23,0.06275056209415197,2026-12-21 18:47:09,retained_metadata
35707020075,linux,pull_request,2026-09-22 10:02:07,0.6165475407615304,2026-12-21 08:50:40,retained_metadata
35707020075,wasm64,pull_request,2026-09-22 09:51:44,0.18343550246208906,2026-12-21 08:50:40,retained_metadata
35707020075,macos,pull_request,2026-09-22 09:39:12,0.07367426063865423,2026-12-21 08:50:40,retained_metadata
35707020075,wasm32,pull_request,2026-09-22 09:29:16,0.18343550246208906,2026-12-21 08:50:40,retained_metadata
35702619703,linux,pull_request,2026-09-22 09:04:13,0.616548914462328,2026-12-21 08:02:03,retained_metadata
35702619703,wasm32,pull_request,2026-09-22 09:02:28,0.18343550246208906,2026-12-21 08:02:03,retained_metadata
35702619703,macos,pull_request,2026-09-22 08:57:19,0.07367407903075218,2026-12-21 08:02:03,retained_metadata
35707020075,windows,pull_request,2026-09-22 08:58:13,0.06274731643497944,2026-12-21 08:50:40,retained_metadata
35702619703,wasm64,pull_request,2026-09-22 08:38:05,0.18343550246208906,2026-12-21 08:02:03,retained_metadata
35702619703,windows,pull_request,2026-09-22 08:07:20,0.06274749152362347,2026-12-21 08:02:03,retained_metadata
35662076872,linux,pull_request,2026-09-21 23:31:26,0.6165532898157835,2026-12-20 22:19:37,retained_metadata
35662401820,linux,pull_request,2026-09-21 23:06:50,0.6165396794676781,2026-12-20 22:23:19,retained_metadata
35662401820,wasm64,pull_request,2026-09-21 23:23:47,0.1834349874407053,2026-12-20 22:23:19,retained_metadata
35662076872,wasm32,pull_request,2026-09-21 23:04:10,0.18343550246208906,2026-12-20 22:19:37,retained_metadata
35662401820,macos,pull_request,2026-09-21 23:12:33,0.07367298565804958,2026-12-20 22:23:19,retained_metadata
35662076872,wasm64,pull_request,2026-09-21 23:20:55,0.18343550246208906,2026-12-20 22:19:37,retained_metadata
35662076872,macos,pull_request,2026-09-21 23:07:30,0.07367430161684752,2026-12-20 22:19:37,retained_metadata
35660275533,wasm32,pull_request,2026-09-21 23:00:54,0.18343550246208906,2026-12-20 21:59:30,retained_metadata
35660275533,wasm64,pull_request,2026-09-21 23:01:24,0.18343550246208906,2026-12-20 21:59:30,retained_metadata
35662401820,wasm32,pull_request,2026-09-21 23:23:08,0.1834349874407053,2026-12-20 22:23:19,retained_metadata
35660275533,linux,pull_request,2026-09-21 23:14:37,0.6165517382323742,2026-12-20 21:59:30,retained_metadata
35662401820,windows,pull_request,2026-09-21 22:29:15,0.06274612434208393,2026-12-20 22:23:19,retained_metadata
35660275533,macos,pull_request,2026-09-21 22:54:04,0.07367426808923483,2026-12-20 21:59:30,retained_metadata
35662076872,windows,pull_request,2026-09-21 22:25:36,0.06274772714823484,2026-12-20 22:19:37,retained_metadata
35654983260,wasm32,pull_request,2026-09-21 22:05:02,0.18343550246208906,2026-12-20 21:04:24,retained_metadata
35660275533,windows,pull_request,2026-09-21 22:05:14,0.0627475781366229,2026-12-20 21:59:30,retained_metadata
35654983260,linux,pull_request,2026-09-21 22:20:28,0.6165529703721404,2026-12-20 21:04:24,retained_metadata
35654983260,macos,pull_request,2026-09-21 21:59:57,0.07367421966046095,2026-12-20 21:04:24,retained_metadata
35654983260,wasm64,pull_request,2026-09-21 22:05:19,0.18343550246208906,2026-12-20 21:04:24,retained_metadata
35654983260,windows,pull_request,2026-09-21 21:10:18,0.06274763401597738,2026-12-20 21:04:24,retained_metadata
35604006306,wasm32,pull_request,2026-09-21 14:09:40,0.18343550246208906,2026-12-20 13:11:26,retained_metadata
35604006306,wasm64,pull_request,2026-09-21 14:11:39,0.18343550246208906,2026-12-20 13:11:26,retained_metadata
35604006306,macos,pull_request,2026-09-21 14:13:06,0.0736742177978158,2026-12-20 13:11:26,retained_metadata
35604006306,linux,pull_request,2026-09-21 13:55:12,0.6165446238592267,2026-12-20 13:11:26,retained_metadata
35604006306,windows,pull_request,2026-09-21 13:17:22,0.06274740677326918,2026-12-20 13:11:26,retained_metadata
35579773063,linux,pull_request,2026-09-21 10:03:38,0.6169190304353833,2026-12-20 08:47:48,retained_metadata
35580203578,windows,pull_request,2026-09-21 09:54:49,0.06275482010096312,2026-12-20 08:52:48,retained_metadata
35581093283,macos,pull_request,2026-09-21 10:11:56,0.07368267141282558,2026-12-20 09:02:51,retained_metadata
35579773063,wasm32,pull_request,2026-09-21 09:49:01,0.18343550246208906,2026-12-20 08:47:48,retained_metadata
35579773063,wasm64,pull_request,2026-09-21 09:48:07,0.18343550246208906,2026-12-20 08:47:48,retained_metadata
35580203578,wasm64,pull_request,2026-09-21 09:54:08,0.18343550246208906,2026-12-20 08:52:48,retained_metadata
35580203578,macos,pull_request,2026-09-21 09:55:23,0.07368317060172558,2026-12-20 08:52:48,retained_metadata
35580203578,linux,pull_request,2026-09-21 09:49:54,0.6171928672119975,2026-12-20 08:52:48,retained_metadata
35581093283,linux,pull_request,2026-09-21 09:42:49,0.6169123463332653,2026-12-20 09:02:51,retained_metadata
35579773063,macos,pull_request,2026-09-21 09:48:24,0.07368266209959984,2026-12-20 08:47:48,retained_metadata
35580203578,wasm32,pull_request,2026-09-21 09:37:41,0.18343550246208906,2026-12-20 08:52:48,retained_metadata
35581093283,wasm32,pull_request,2026-09-21 09:48:09,0.18343550246208906,2026-12-20 09:02:51,retained_metadata
35581093283,wasm64,pull_request,2026-09-21 09:49:11,0.18343550246208906,2026-12-20 09:02:51,retained_metadata
35581093283,windows,pull_request,2026-09-21 09:08:29,0.06275454256683588,2026-12-20 09:02:51,retained_metadata
35579773063,windows,pull_request,2026-09-21 08:53:50,0.062754200771451,2026-12-20 08:47:48,retained_metadata
35397082637,wasm32,pull_request,2026-09-18 22:31:27,0.18343550246208906,2026-12-17 21:30:12,retained_metadata
35397023493,macos,pull_request,2026-09-18 22:24:21,0.07367423828691244,2026-12-17 21:29:30,retained_metadata
35397082637,wasm64,pull_request,2026-09-18 22:31:28,0.18343550246208906,2026-12-17 21:30:12,retained_metadata
35397023493,windows,pull_request,2026-09-18 22:47:28,0.06274749990552664,2026-12-17 21:29:30,retained_metadata
35397023493,wasm64,pull_request,2026-09-18 22:27:47,0.18343550246208906,2026-12-17 21:29:30,retained_metadata
35397023493,linux,pull_request,2026-09-18 22:45:12,0.616547673009336,2026-12-17 21:29:30,retained_metadata
35397082637,macos,pull_request,2026-09-18 22:21:39,0.07372214645147324,2026-12-17 21:30:12,retained_metadata
35397082637,windows,pull_request,2026-09-18 22:25:43,0.06274749152362347,2026-12-17 21:30:12,retained_metadata
35393494376,windows,push,2026-09-18 22:23:32,0.06274766381829977,2026-12-17 20:49:05,retained_metadata
35397082637,linux,pull_request,2026-09-18 22:46:25,0.5272162770852447,2026-12-17 21:30:12,retained_metadata
35397023493,wasm32,pull_request,2026-09-18 22:14:27,0.18343550246208906,2026-12-17 21:29:30,retained_metadata
35393494376,wasm64,push,2026-09-18 21:48:38,0.18343550246208906,2026-12-17 20:49:05,retained_metadata
35393494376,macos,push,2026-09-18 21:40:00,0.07367432117462158,2026-12-17 20:49:05,retained_metadata
35393494376,wasm32,push,2026-09-18 21:49:01,0.18343550246208906,2026-12-17 20:49:05,retained_metadata
35318986753,windows,pull_request,2026-09-18 08:56:47,0.06279865559190512,2026-12-17 07:20:55,retained_metadata
35318986753,linux,pull_request,2026-09-18 08:16:12,0.616804770193994,2026-12-17 07:20:55,retained_metadata
35318986753,wasm32,pull_request,2026-09-18 08:18:00,0.18352811131626368,2026-12-17 07:20:55,retained_metadata
35318986753,macos,pull_request,2026-09-18 08:12:07,0.07370780035853386,2026-12-17 07:20:55,retained_metadata
35318986753,wasm64,pull_request,2026-09-18 08:00:43,0.18352811131626368,2026-12-17 07:20:55,retained_metadata
35230714495,windows,pull_request,2026-09-17 15:23:25,0.06279834918677807,2026-12-16 14:00:27,retained_metadata
35230714495,macos,pull_request,2026-09-17 15:03:37,0.07370758522301912,2026-12-16 14:00:27,retained_metadata
35230714495,linux,pull_request,2026-09-17 15:17:17,0.6168047031387687,2026-12-16 14:00:27,retained_metadata
35230714495,wasm64,pull_request,2026-09-17 14:39:58,0.1835281029343605,2026-12-16 14:00:27,retained_metadata
35230714495,wasm32,pull_request,2026-09-17 14:54:56,0.1835281029343605,2026-12-16 14:00:27,retained_metadata
35172767153,windows,pull_request,2026-09-17 03:35:49,0.06281291972845793,2026-12-16 02:00:57,retained_metadata
35173981231,wasm64,pull_request,2026-09-17 03:21:50,0.18353862036019564,2026-12-16 02:19:38,retained_metadata
35173981231,macos,pull_request,2026-09-17 03:29:53,0.07372143398970366,2026-12-16 02:19:38,retained_metadata
35172767153,linux,pull_request,2026-09-17 03:14:31,0.6169017944484949,2026-12-16 02:00:57,retained_metadata
35173981231,wasm32,pull_request,2026-09-17 03:16:49,0.18353862036019564,2026-12-16 02:19:38,retained_metadata
35173981231,linux,pull_request,2026-09-17 03:35:48,0.6169063616544008,2026-12-16 02:19:38,retained_metadata
35171836305,windows,pull_request,2026-09-17 03:20:50,0.06280182860791683,2026-12-16 01:46:17,retained_metadata
35173981231,windows,pull_request,2026-09-17 03:45:56,0.06281330436468124,2026-12-16 02:19:38,retained_metadata
35171836305,wasm64,pull_request,2026-09-17 02:43:39,0.18352919910103083,2026-12-16 01:46:17,retained_metadata
35172767153,macos,pull_request,2026-09-17 02:50:55,0.0737208528444171,2026-12-16 02:00:57,retained_metadata
35172767153,wasm64,pull_request,2026-09-17 03:05:09,0.18353858776390553,2026-12-16 02:00:57,retained_metadata
35171836305,macos,pull_request,2026-09-17 02:40:54,0.07371036428958178,2026-12-16 01:46:17,retained_metadata
35169276693,linux,pull_request,2026-09-17 02:23:13,0.6169038182124496,2026-12-16 01:06:49,retained_metadata
35171836305,linux,pull_request,2026-09-17 02:28:25,0.6168156275525689,2026-12-16 01:46:17,retained_metadata
35172767153,wasm32,pull_request,2026-09-17 02:40:53,0.18353858776390553,2026-12-16 02:00:57,retained_metadata
35169276693,windows,pull_request,2026-09-17 02:41:39,0.06281255558133125,2026-12-16 01:06:49,retained_metadata
35171836305,wasm32,pull_request,2026-09-17 02:43:35,0.18352919910103083,2026-12-16 01:46:17,retained_metadata
35169276693,wasm64,pull_request,2026-09-17 02:08:07,0.18353866878896952,2026-12-16 01:06:49,retained_metadata
35169276693,wasm32,pull_request,2026-09-17 01:51:44,0.18353866878896952,2026-12-16 01:06:49,retained_metadata
35169276693,macos,pull_request,2026-09-17 01:54:48,0.07372039090842009,2026-12-16 01:06:49,retained_metadata
35132188879,wasm64,pull_request,2026-09-16 18:54:46,0.1835281029343605,2026-12-15 18:05:14,retained_metadata
35130874170,linux,pull_request,2026-09-16 18:50:09,0.6171808112412691,2026-12-15 17:52:34,retained_metadata
35132188879,macos,pull_request,2026-09-16 19:02:50,0.07371657527983189,2026-12-15 18:05:14,retained_metadata
35130874170,macos,pull_request,2026-09-16 18:48:36,0.07371606770902872,2026-12-15 17:52:34,retained_metadata
35130874170,wasm64,pull_request,2026-09-16 18:49:55,0.1835281029343605,2026-12-15 17:52:34,retained_metadata
35132188879,linux,pull_request,2026-09-16 19:03:38,0.6174550037831068,2026-12-15 18:05:14,retained_metadata
35130874170,wasm32,pull_request,2026-09-16 18:28:30,0.1835281029343605,2026-12-15 17:52:34,retained_metadata
35126427386,linux,pull_request,2026-09-16 18:25:31,0.61726139113307,2026-12-15 17:09:35,retained_metadata
35132188879,wasm32,pull_request,2026-09-16 18:41:15,0.1835281029343605,2026-12-15 18:05:14,retained_metadata
35132188879,windows,pull_request,2026-09-16 18:11:23,0.06280580814927816,2026-12-15 18:05:14,retained_metadata
35126429373,wasm64,pull_request,2026-09-16 18:16:06,0.1835281029343605,2026-12-15 17:09:36,retained_metadata
35126427386,wasm64,pull_request,2026-09-16 18:10:53,0.1835281029343605,2026-12-15 17:09:35,retained_metadata
35126427386,macos,pull_request,2026-09-16 18:01:27,0.07372629642486572,2026-12-15 17:09:35,retained_metadata
35126429373,linux,pull_request,2026-09-16 18:08:23,0.6175333335995674,2026-12-15 17:09:36,retained_metadata
35126429373,macos,pull_request,2026-09-16 18:01:47,0.07372702565044165,2026-12-15 17:09:36,retained_metadata
35126429373,wasm32,pull_request,2026-09-16 17:54:27,0.1835281029343605,2026-12-15 17:09:36,retained_metadata
35130874170,windows,pull_request,2026-09-16 17:58:52,0.06280540209263563,2026-12-15 17:52:34,retained_metadata
35126427386,wasm32,pull_request,2026-09-16 17:54:25,0.1835281029343605,2026-12-15 17:09:35,retained_metadata
35126429373,windows,pull_request,2026-09-16 17:16:53,0.06281442008912563,2026-12-15 17:09:36,retained_metadata
35126427386,windows,pull_request,2026-09-16 17:16:34,0.06281412485986948,2026-12-15 17:09:35,retained_metadata
35065809206,wasm64,pull_request,2026-09-16 07:51:27,0.18353000190109015,2026-12-15 06:53:28,retained_metadata
35065809206,linux,pull_request,2026-09-16 08:09:27,0.6168408822268248,2026-12-15 06:53:28,retained_metadata
35065809206,wasm32,pull_request,2026-09-16 07:46:46,0.18353000190109015,2026-12-15 06:53:28,retained_metadata
35065809206,macos,pull_request,2026-09-16 07:42:40,0.07371202949434519,2026-12-15 06:53:28,retained_metadata
35065809206,windows,pull_request,2026-09-16 07:00:04,0.06280393805354834,2026-12-15 06:53:28,retained_metadata
35004680507,linux,pull_request,2026-09-15 19:15:35,0.6179328141734004,2026-12-14 17:59:42,retained_metadata
35004680507,wasm32,pull_request,2026-09-15 19:03:50,0.1835799217224121,2026-12-14 17:59:42,retained_metadata
35004680507,macos,pull_request,2026-09-15 19:04:53,0.07396793738007545,2026-12-14 17:59:42,retained_metadata
35004680507,windows,pull_request,2026-09-15 19:06:21,0.06305527687072754,2026-12-14 17:59:42,retained_metadata
35001772225,linux,pull_request,2026-09-15 18:41:38,0.6179273938760161,2026-12-14 17:31:07,retained_metadata
35002756734,wasm64,pull_request,2026-09-15 18:39:33,0.18357979599386454,2026-12-14 17:40:42,retained_metadata
35004680507,wasm64,pull_request,2026-09-15 18:45:13,0.1835799217224121,2026-12-14 17:59:42,retained_metadata
35002756734,windows,pull_request,2026-09-15 19:02:26,0.06305496860295534,2026-12-14 17:40:42,retained_metadata
35002756734,macos,pull_request,2026-09-15 18:37:32,0.07396789733320475,2026-12-14 17:40:42,retained_metadata
35001772225,windows,pull_request,2026-09-15 18:53:47,0.06305490899831057,2026-12-14 17:31:07,retained_metadata
35001772225,wasm32,pull_request,2026-09-15 18:32:18,0.18357967026531696,2026-12-14 17:31:07,retained_metadata
35002756734,wasm32,pull_request,2026-09-15 18:44:58,0.18357979599386454,2026-12-14 17:40:42,retained_metadata
35001772225,macos,pull_request,2026-09-15 18:23:22,0.0739676607772708,2026-12-14 17:31:07,retained_metadata
35001772225,wasm64,pull_request,2026-09-15 18:29:48,0.18357967026531696,2026-12-14 17:31:07,retained_metadata
35002756734,linux,pull_request,2026-09-15 18:39:02,0.6179302576929331,2026-12-14 17:40:42,retained_metadata
34909787201,windows,push,2026-09-15 01:06:31,0.06279838364571333,2026-12-13 23:38:42,retained_metadata
34909787201,macos,push,2026-09-15 00:23:07,0.07370770163834095,2026-12-13 23:38:42,retained_metadata
34909787201,wasm64,push,2026-09-15 00:39:22,0.1835281029343605,2026-12-13 23:38:42,retained_metadata
34909787201,wasm32,push,2026-09-15 00:23:22,0.1835281029343605,2026-12-13 23:38:42,retained_metadata
34872084420,wasm64,pull_request,2026-09-14 17:57:25,0.18353237211704254,2026-12-13 17:00:29,retained_metadata
34872084420,linux,pull_request,2026-09-14 18:12:58,0.6450904924422503,2026-12-13 17:00:29,retained_metadata
34872084420,wasm32,pull_request,2026-09-14 17:57:59,0.18353237211704254,2026-12-13 17:00:29,retained_metadata
34872084420,macos,pull_request,2026-09-14 17:52:12,0.07379857636988163,2026-12-13 17:00:29,retained_metadata
34872084420,windows,pull_request,2026-09-14 17:11:53,0.0669678095728159,2026-12-13 17:00:29,retained_metadata
34657810101,linux,pull_request,2026-09-12 00:27:47,0.6448064809665084,2026-12-10 23:22:27,retained_metadata
34657810101,wasm64,pull_request,2026-09-12 00:01:37,0.18353368993848562,2026-12-10 23:22:27,retained_metadata
34657810101,wasm32,pull_request,2026-09-12 00:16:47,0.18353368993848562,2026-12-10 23:22:27,retained_metadata
34657810101,macos,pull_request,2026-09-12 00:26:22,0.07379747927188873,2026-12-10 23:22:27,retained_metadata
34657810101,windows,pull_request,2026-09-11 23:28:49,0.06696880608797073,2026-12-10 23:22:27,retained_metadata
34525026419,linux,pull_request,2026-09-10 21:19:31,0.6457201614975929,2026-12-09 20:12:59,retained_metadata
34525026419,wasm32,pull_request,2026-09-10 21:11:46,0.18358653225004673,2026-12-09 20:12:59,retained_metadata
34525026419,wasm64,pull_request,2026-09-10 21:10:41,0.18358653225004673,2026-12-09 20:12:59,retained_metadata
34525026419,macos,pull_request,2026-09-10 21:05:12,0.07402569055557251,2026-12-09 20:12:59,retained_metadata
34520497353,linux,pull_request,2026-09-10 20:38:23,0.6457219971343875,2026-12-09 19:27:19,retained_metadata
34520497353,wasm32,pull_request,2026-09-10 20:28:44,0.1835864456370473,2026-12-09 19:27:19,retained_metadata
34525026419,windows,pull_request,2026-09-10 20:19:43,0.06718459539115429,2026-12-09 20:12:59,retained_metadata
34520497353,macos,pull_request,2026-09-10 20:19:04,0.074025540612638,2026-12-09 19:27:19,retained_metadata
34520497353,wasm64,pull_request,2026-09-10 20:13:14,0.1835864456370473,2026-12-09 19:27:19,retained_metadata
34520497353,windows,pull_request,2026-09-10 19:33:53,0.06718449480831623,2026-12-09 19:27:19,retained_metadata
34415076185,linux,pull_request,2026-09-10 00:13:12,0.6207154672592878,2026-12-08 23:02:14,retained_metadata
34414273753,linux,pull_request,2026-09-10 00:04:02,0.620716649107635,2026-12-08 22:51:49,retained_metadata
34415076185,wasm64,pull_request,2026-09-10 00:03:37,0.18353237211704254,2026-12-08 23:02:14,retained_metadata
34415076185,wasm32,pull_request,2026-09-10 00:02:44,0.18353237211704254,2026-12-08 23:02:14,retained_metadata
34413924695,linux,pull_request,2026-09-09 23:58:50,0.6207186263054609,2026-12-08 22:47:21,retained_metadata
34415076185,macos,pull_request,2026-09-09 23:51:28,0.07379208505153656,2026-12-08 23:02:14,retained_metadata
34414273753,wasm32,pull_request,2026-09-09 23:50:29,0.18353237211704254,2026-12-08 22:51:49,retained_metadata
34413924695,wasm32,pull_request,2026-09-09 23:48:53,0.18353237211704254,2026-12-08 22:47:21,retained_metadata
34413924695,wasm64,pull_request,2026-09-09 23:45:36,0.18353237211704254,2026-12-08 22:47:21,retained_metadata
34414273753,macos,pull_request,2026-09-09 23:41:34,0.07379211019724607,2026-12-08 22:51:49,retained_metadata
34413924695,macos,pull_request,2026-09-09 23:39:25,0.07379202544689178,2026-12-08 22:47:21,retained_metadata
34414273753,wasm64,pull_request,2026-09-09 23:36:53,0.18353237211704254,2026-12-08 22:51:49,retained_metadata
34415076185,windows,pull_request,2026-09-09 23:08:13,0.06696502584964037,2026-12-08 23:02:14,retained_metadata
34414273753,windows,pull_request,2026-09-09 22:57:20,0.06696485262364149,2026-12-08 22:51:49,retained_metadata
34413924695,windows,pull_request,2026-09-09 22:53:05,0.06696486659348011,2026-12-08 22:47:21,retained_metadata
34268387301,macos,push,2026-09-08 20:40:16,0.0737941125407815,2026-12-07 19:20:32,retained_metadata
34268387301,windows,push,2026-09-08 20:36:37,0.0669647166505456,2026-12-07 19:20:32,retained_metadata
34268387301,linux_gpu,push,2026-09-08 20:24:49,0.0001813489943742752,2026-12-07 19:20:32,retained_metadata
34268387301,wasm64,push,2026-09-08 20:17:03,0.18353237211704254,2026-12-07 19:20:32,retained_metadata
34268387301,linux,push,2026-09-08 20:15:19,0.6455283388495445,2026-12-07 19:20:32,retained_metadata
34268387301,wasm32,push,2026-09-08 20:06:45,0.18353237211704254,2026-12-07 19:20:32,retained_metadata
34256216903,linux,pull_request,2026-09-08 18:25:39,0.6437909947708249,2026-12-07 17:17:42,retained_metadata
34256216903,wasm64,pull_request,2026-09-08 18:19:56,0.18312989082187414,2026-12-07 17:17:42,retained_metadata
34256216903,wasm32,pull_request,2026-09-08 18:18:36,0.18312989082187414,2026-12-07 17:17:42,retained_metadata
34256216903,macos,pull_request,2026-09-08 18:10:41,0.07363277114927769,2026-12-07 17:17:42,retained_metadata
34256216903,windows,pull_request,2026-09-08 17:24:14,0.06683010701090097,2026-12-07 17:17:42,retained_metadata
33893389400,linux,pull_request,2026-09-04 17:15:41,0.6437912620604038,2026-12-03 16:07:46,retained_metadata
33893389400,wasm32,pull_request,2026-09-04 17:09:05,0.1831298964098096,2026-12-03 16:07:46,retained_metadata
33893389400,macos,pull_request,2026-09-04 16:59:55,0.0736327851191163,2026-12-03 16:07:46,retained_metadata
33893389400,wasm64,pull_request,2026-09-04 16:58:13,0.1831298964098096,2026-12-03 16:07:46,retained_metadata
33893389400,windows,pull_request,2026-09-04 16:14:49,0.06683054752647877,2026-12-03 16:07:46,retained_metadata
33546142183,linux,pull_request,2026-09-01 19:59:35,0.6445425832644105,2026-11-30 18:51:50,retained_metadata
33546142183,wasm64,pull_request,2026-09-01 19:53:35,0.18312857300043106,2026-11-30 18:51:50,retained_metadata
33546142183,wasm32,pull_request,2026-09-01 19:53:04,0.18312857300043106,2026-11-30 18:51:50,retained_metadata
33546142183,macos,pull_request,2026-09-01 19:49:23,0.07368541788309813,2026-11-30 18:51:50,retained_metadata
33546142183,windows,pull_request,2026-09-01 18:57:43,0.06694748904556036,2026-11-30 18:51:50,retained_metadata
33526988582,macos,pull_request,2026-09-01 16:45:15,0.07364516891539097,2026-11-30 15:38:42,retained_metadata
33526988582,wasm32,pull_request,2026-09-01 16:37:09,0.18312857300043106,2026-11-30 15:38:42,retained_metadata
33526988582,wasm64,pull_request,2026-09-01 16:35:52,0.18312857300043106,2026-11-30 15:38:42,retained_metadata
33526988582,linux,pull_request,2026-09-01 16:33:39,0.6438377955928445,2026-11-30 15:38:42,retained_metadata
33524379431,wasm64,pull_request,2026-09-01 16:14:05,0.18312857300043106,2026-11-30 15:13:11,retained_metadata
33524379431,wasm32,pull_request,2026-09-01 16:09:57,0.18312857300043106,2026-11-30 15:13:11,retained_metadata
33524379431,macos,pull_request,2026-09-01 16:07:15,0.07368550449609756,2026-11-30 15:13:11,retained_metadata
33524379431,linux,pull_request,2026-09-01 15:55:12,0.644537684507668,2026-11-30 15:13:11,retained_metadata
33526988582,windows,pull_request,2026-09-01 15:45:07,0.06683734897524118,2026-11-30 15:38:42,retained_metadata
33524379431,windows,pull_request,2026-09-01 15:37:19,0.06694792862981558,2026-11-30 15:13:11,retained_metadata
33518808792,wasm64,pull_request,2026-09-01 15:23:40,0.18312857300043106,2026-11-30 14:19:46,retained_metadata
33518808792,wasm32,pull_request,2026-09-01 15:16:48,0.18312857300043106,2026-11-30 14:19:46,retained_metadata
33518808792,linux,pull_request,2026-09-01 15:14:10,0.6438399469479918,2026-11-30 14:19:46,retained_metadata
33518808792,macos,pull_request,2026-09-01 15:11:56,0.07364540547132492,2026-11-30 14:19:46,retained_metadata
33518808792,windows,pull_request,2026-09-01 14:25:16,0.06683732196688652,2026-11-30 14:19:46,retained_metadata
33116876906,linux,pull_request,2026-08-27 22:21:39,0.6437711166217923,2026-11-25 21:10:21,retained_metadata
33116876906,wasm32,pull_request,2026-08-27 22:08:38,0.18312857300043106,2026-11-25 21:10:21,retained_metadata
33116876906,wasm64,pull_request,2026-08-27 22:01:54,0.18312857300043106,2026-11-25 21:10:21,retained_metadata
33116876906,macos,pull_request,2026-08-27 21:56:19,0.07362948451191187,2026-11-25 21:10:21,retained_metadata
33116876906,windows,pull_request,2026-08-27 21:16:24,0.0668253842741251,2026-11-25 21:10:21,retained_metadata
33100469088,linux_gpu,push,2026-08-27 19:09:09,0.00018128938972949982,2026-11-25 17:50:35,retained_metadata
33100469088,linux,push,2026-08-27 18:58:56,0.6443947330117226,2026-11-25 17:50:35,retained_metadata
33100469088,wasm64,push,2026-08-27 18:52:36,0.18312857300043106,2026-11-25 17:50:35,retained_metadata
33100469088,wasm32,push,2026-08-27 18:48:16,0.18312857300043106,2026-11-25 17:50:35,retained_metadata
33100469088,macos,push,2026-08-27 18:38:24,0.07362941186875105,2026-11-25 17:50:35,retained_metadata
33100469088,windows,push,2026-08-27 18:27:52,0.06682648696005344,2026-11-25 17:50:35,retained_metadata
32886438544,linux_gpu,push,2026-08-25 20:28:19,0.0001810649409890175,2026-11-23 18:53:54,retained_metadata
32886438544,linux,push,2026-08-25 20:16:31,1.201142555102706,2026-11-23 18:53:54,retained_metadata
32886438544,wasm64,push,2026-08-25 19:55:25,0.18159672152251005,2026-11-23 18:53:54,retained_metadata
32886438544,windows,push,2026-08-25 19:52:57,0.06678971834480762,2026-11-23 18:53:54,retained_metadata
32886438544,wasm32,push,2026-08-25 19:51:08,0.18159672152251005,2026-11-23 18:53:54,retained_metadata
32886438544,macos,push,2026-08-25 19:45:18,0.0735984779894352,2026-11-23 18:53:54,retained_metadata
32861378638,linux,pull_request,2026-08-25 15:54:35,0.6442633885890245,2026-11-23 14:44:18,retained_metadata
32861378638,wasm64,pull_request,2026-08-25 15:47:01,0.17919781990349293,2026-11-23 14:44:18,retained_metadata
32861378638,wasm32,pull_request,2026-08-25 15:46:01,0.17919781990349293,2026-11-23 14:44:18,retained_metadata
32861378638,macos,pull_request,2026-08-25 15:37:56,0.07384101580828428,2026-11-23 14:44:18,retained_metadata
32861378638,windows,pull_request,2026-08-25 14:51:34,0.06708056293427944,2026-11-23 14:44:18,retained_metadata
32765311385,linux,pull_request,2026-08-24 20:09:10,0.6442653611302376,2026-11-22 18:57:02,retained_metadata
32765427131,linux,pull_request,2026-08-24 20:06:13,0.6442657085135579,2026-11-22 18:58:13,retained_metadata
32765555870,wasm64,pull_request,2026-08-24 20:01:49,0.17919781990349293,2026-11-22 18:59:33,retained_metadata
32765555870,wasm32,pull_request,2026-08-24 19:59:34,0.17919781990349293,2026-11-22 18:59:33,retained_metadata
32765427131,wasm64,pull_request,2026-08-24 19:58:24,0.17919781990349293,2026-11-22 18:58:13,retained_metadata
32765555870,macos,pull_request,2026-08-24 19:55:42,0.0738412095233798,2026-11-22 18:59:33,retained_metadata
32765427131,wasm32,pull_request,2026-08-24 19:55:07,0.17919781990349293,2026-11-22 18:58:13,retained_metadata
32765311385,wasm64,pull_request,2026-08-24 19:54:03,0.17919781990349293,2026-11-22 18:57:02,retained_metadata
32765311385,wasm32,pull_request,2026-08-24 19:53:33,0.17919781990349293,2026-11-22 18:57:02,retained_metadata
32765555870,linux,pull_request,2026-08-24 19:49:27,0.6442612512037158,2026-11-22 18:59:33,retained_metadata
32765018059,macos,pull_request,2026-08-24 19:45:42,0.07384113315492868,2026-11-22 18:54:02,retained_metadata
32765311385,macos,pull_request,2026-08-24 19:44:46,0.07384136691689491,2026-11-22 18:57:02,retained_metadata
32765427131,macos,pull_request,2026-08-24 19:44:20,0.07384140882641077,2026-11-22 18:58:13,retained_metadata
32765018059,wasm64,pull_request,2026-08-24 19:41:06,0.17919781990349293,2026-11-22 18:54:02,retained_metadata
32765018059,wasm32,pull_request,2026-08-24 19:39:50,0.17919781990349293,2026-11-22 18:54:02,retained_metadata
32765018059,linux,pull_request,2026-08-24 19:34:42,0.6442598924040794,2026-11-22 18:54:02,retained_metadata
32762106645,linux,pull_request,2026-08-24 19:34:02,0.6442609513178468,2026-11-22 18:23:06,retained_metadata
32762106645,wasm32,pull_request,2026-08-24 19:19:33,0.17919781524688005,2026-11-22 18:23:06,retained_metadata
32762106645,wasm64,pull_request,2026-08-24 19:15:04,0.17919781524688005,2026-11-22 18:23:06,retained_metadata
32762106645,macos,pull_request,2026-08-24 19:14:20,0.07384100276976824,2026-11-22 18:23:06,retained_metadata
32765555870,windows,pull_request,2026-08-24 19:06:17,0.06708079390227795,2026-11-22 18:59:33,retained_metadata
32765311385,windows,pull_request,2026-08-24 19:05:13,0.06708139181137085,2026-11-22 18:57:02,retained_metadata
32765427131,windows,pull_request,2026-08-24 19:03:48,0.06708117015659809,2026-11-22 18:58:13,retained_metadata
32765018059,windows,pull_request,2026-08-24 18:59:38,0.06708077620714903,2026-11-22 18:54:02,retained_metadata
32762106645,windows,pull_request,2026-08-24 18:30:49,0.06708043161779642,2026-11-22 18:23:06,retained_metadata
32755691039,linux,pull_request,2026-08-24 18:14:18,0.6442582095041871,2026-11-22 17:16:38,retained_metadata
32755691039,macos,pull_request,2026-08-24 18:12:08,0.07384095434099436,2026-11-22 17:16:38,retained_metadata
32755691039,wasm32,pull_request,2026-08-24 18:04:43,0.17919780127704144,2026-11-22 17:16:38,retained_metadata
32755691039,wasm64,pull_request,2026-08-24 18:00:09,0.17919780127704144,2026-11-22 17:16:38,retained_metadata
32753516417,wasm64,pull_request,2026-08-24 17:54:58,0.17919780127704144,2026-11-22 16:54:13,retained_metadata
32753516417,wasm32,pull_request,2026-08-24 17:51:46,0.17919780127704144,2026-11-22 16:54:13,retained_metadata
32753170708,wasm64,pull_request,2026-08-24 17:48:26,0.17919780127704144,2026-11-22 16:50:40,retained_metadata
32753170708,wasm32,pull_request,2026-08-24 17:36:00,0.17919780127704144,2026-11-22 16:50:40,retained_metadata
32755691039,windows,pull_request,2026-08-24 17:22:26,0.06708080787211657,2026-11-22 17:16:38,retained_metadata
32733357880,linux,pull_request,2026-08-24 14:43:46,0.644263256341219,2026-11-22 13:33:12,retained_metadata
32733357880,wasm32,pull_request,2026-08-24 14:32:44,0.17919781990349293,2026-11-22 13:33:12,retained_metadata
32733357880,wasm64,pull_request,2026-08-24 14:31:41,0.17919781990349293,2026-11-22 13:33:12,retained_metadata
32733357880,macos,pull_request,2026-08-24 14:22:56,0.07384089939296246,2026-11-22 13:33:12,retained_metadata
32733357880,windows,pull_request,2026-08-24 13:38:24,0.06708043906837702,2026-11-22 13:33:12,retained_metadata
32722833586,linux,pull_request,2026-08-24 12:45:05,0.5281840013340116,2026-11-22 11:37:50,retained_metadata
32722833586,wasm32,pull_request,2026-08-24 12:37:08,0.17919781990349293,2026-11-22 11:37:50,retained_metadata
32722833586,wasm64,pull_request,2026-08-24 12:36:43,0.17919781990349293,2026-11-22 11:37:50,retained_metadata
32722833586,macos,pull_request,2026-08-24 12:17:01,0.0738409897312522,2026-11-22 11:37:50,retained_metadata
32722833586,windows,pull_request,2026-08-24 11:43:09,0.06708049308508635,2026-11-22 11:37:50,retained_metadata
32537258107,wasm32,pull_request,2026-08-22 00:34:19,0.17919781990349293,2026-11-19 23:32:56,retained_metadata
32537258107,wasm64,pull_request,2026-08-22 00:29:30,0.17919781990349293,2026-11-19 23:32:56,retained_metadata
32537258107,linux,pull_request,2026-08-22 00:29:26,0.6204706532880664,2026-11-19 23:32:56,retained_metadata
32537258107,macos,pull_request,2026-08-22 00:28:08,0.07384093850851059,2026-11-19 23:32:56,retained_metadata
32537258107,windows,pull_request,2026-08-21 23:38:43,0.06708059646189213,2026-11-19 23:32:56,retained_metadata
32406927365,windows,pull_request,2026-08-20 20:37:58,0.06708045303821564,2026-11-18 19:07:07,retained_metadata
32406998302,windows,pull_request,2026-08-20 20:31:19,0.06708055082708597,2026-11-18 19:07:53,retained_metadata
32406998302,linux,pull_request,2026-08-20 20:19:45,0.6204714123159647,2026-11-18 19:07:53,retained_metadata
32404823960,windows,pull_request,2026-08-20 20:16:04,0.06708048470318317,2026-11-18 18:44:15,retained_metadata
32406927365,linux,pull_request,2026-08-20 20:15:00,0.6204724926501513,2026-11-18 19:07:07,retained_metadata
32406998302,wasm64,pull_request,2026-08-20 20:06:51,0.17919781990349293,2026-11-18 19:07:53,retained_metadata
32404237456,linux_gpu,push,2026-08-20 20:04:15,0.00018009915947914124,2026-11-18 18:37:43,retained_metadata
32406998302,wasm32,pull_request,2026-08-20 20:03:55,0.17919781990349293,2026-11-18 19:07:53,retained_metadata
32406927365,wasm64,pull_request,2026-08-20 20:02:54,0.17919781990349293,2026-11-18 19:07:07,retained_metadata
32404237456,windows,push,2026-08-20 20:00:37,0.0670806709676981,2026-11-18 18:37:43,retained_metadata
32406927365,macos,pull_request,2026-08-20 19:57:02,0.07384107820689678,2026-11-18 19:07:07,retained_metadata
32406998302,macos,pull_request,2026-08-20 19:54:43,0.07384102512151003,2026-11-18 19:07:53,retained_metadata
32404237456,linux,push,2026-08-20 19:53:14,1.2017662059515715,2026-11-18 18:37:43,retained_metadata
32404237456,linux,push,2026-08-20 19:53:11,1.2017662059515715,2026-11-18 18:37:43,retained_metadata
32406927365,wasm32,pull_request,2026-08-20 19:52:24,0.17919781990349293,2026-11-18 19:07:07,retained_metadata
32404823960,wasm64,pull_request,2026-08-20 19:45:31,0.17919781990349293,2026-11-18 18:44:15,retained_metadata
32404823960,wasm32,pull_request,2026-08-20 19:44:10,0.17919781990349293,2026-11-18 18:44:15,retained_metadata
32404823960,linux,pull_request,2026-08-20 19:43:22,0.6204748591408134,2026-11-18 18:44:15,retained_metadata
32404237456,wasm32,push,2026-08-20 19:37:07,0.17919781990349293,2026-11-18 18:37:43,retained_metadata
32404823960,macos,pull_request,2026-08-20 19:34:57,0.07384103629738092,2026-11-18 18:44:15,retained_metadata
32404237456,wasm64,push,2026-08-20 19:32:59,0.17919781990349293,2026-11-18 18:37:43,retained_metadata
32404237456,macos,push,2026-08-20 19:30:56,0.07384099904447794,2026-11-18 18:37:43,retained_metadata
32354657208,linux,pull_request,2026-08-20 10:46:19,0.6198986936360598,2026-11-18 09:35:29,retained_metadata
32354657208,wasm64,pull_request,2026-08-20 10:34:32,0.17857990600168705,2026-11-18 09:35:29,retained_metadata
32354657208,wasm32,pull_request,2026-08-20 10:30:45,0.17857990600168705,2026-11-18 09:35:29,retained_metadata
32354657208,macos,pull_request,2026-08-20 10:25:39,0.07387537602335215,2026-11-18 09:35:29,retained_metadata
32354657208,windows,pull_request,2026-08-20 09:41:29,0.06706003658473492,2026-11-18 09:35:29,retained_metadata
32317362931,macos,pull_request,2026-08-20 01:32:32,0.07387539651244879,2026-11-18 00:27:11,retained_metadata
32317362931,wasm32,pull_request,2026-08-20 01:25:10,0.17857990600168705,2026-11-18 00:27:11,retained_metadata
32317362931,linux,pull_request,2026-08-20 01:06:35,0.6198915122076869,2026-11-18 00:27:11,retained_metadata
32317362931,wasm64,pull_request,2026-08-20 01:04:18,0.17857990600168705,2026-11-18 00:27:11,retained_metadata
32317362931,windows,pull_request,2026-08-20 00:32:35,0.06705969385802746,2026-11-18 00:27:11,retained_metadata
32214953918,linux,pull_request,2026-08-19 05:24:06,0.6446031481027603,2026-11-17 04:13:19,retained_metadata
32214686581,linux,pull_request,2026-08-19 05:17:54,0.6446038521826267,2026-11-17 04:09:01,retained_metadata
32214953918,wasm64,pull_request,2026-08-19 05:12:42,0.17863450944423676,2026-11-17 04:13:19,retained_metadata
32214686581,wasm64,pull_request,2026-08-19 05:08:20,0.17863450944423676,2026-11-17 04:09:01,retained_metadata
32214686581,wasm32,pull_request,2026-08-19 05:08:01,0.17863450944423676,2026-11-17 04:09:01,retained_metadata
32214953918,macos,pull_request,2026-08-19 05:02:06,0.07419024780392647,2026-11-17 04:13:19,retained_metadata
32214686581,macos,pull_request,2026-08-19 04:58:29,0.07419032044708729,2026-11-17 04:09:01,retained_metadata
32213492640,linux,pull_request,2026-08-19 04:57:34,0.6445550909265876,2026-11-17 03:49:09,retained_metadata
32214953918,wasm32,pull_request,2026-08-19 04:51:19,0.17863450944423676,2026-11-17 04:13:19,retained_metadata
32213492640,wasm64,pull_request,2026-08-19 04:47:46,0.17863055877387524,2026-11-17 03:49:09,retained_metadata
32212901778,wasm32,pull_request,2026-08-19 04:39:27,0.17862278781831264,2026-11-17 03:39:10,retained_metadata
32212901778,wasm64,pull_request,2026-08-19 04:38:11,0.17862278781831264,2026-11-17 03:39:10,retained_metadata
32212901778,macos,pull_request,2026-08-19 04:33:14,0.07416925020515919,2026-11-17 03:39:10,retained_metadata
32213492640,wasm32,pull_request,2026-08-19 04:32:53,0.17863055877387524,2026-11-17 03:49:09,retained_metadata
32213492640,macos,pull_request,2026-08-19 04:30:55,0.07417756970971823,2026-11-17 03:49:09,retained_metadata
32212901778,linux,pull_request,2026-08-19 04:30:48,0.6445326497778296,2026-11-17 03:39:10,retained_metadata
32214953918,windows,pull_request,2026-08-19 04:19:27,0.06727945897728205,2026-11-17 04:13:19,retained_metadata
32214686581,windows,pull_request,2026-08-19 04:14:55,0.06727952044457197,2026-11-17 04:09:01,retained_metadata
32213492640,windows,pull_request,2026-08-19 03:55:04,0.06726837158203125,2026-11-17 03:49:09,retained_metadata
32212901778,windows,pull_request,2026-08-19 03:46:06,0.06726295687258244,2026-11-17 03:39:10,retained_metadata
32206927829,wasm32,pull_request,2026-08-19 02:56:08,0.17857990600168705,2026-11-17 01:59:40,retained_metadata
32206927829,wasm64,pull_request,2026-08-19 02:55:32,0.17857990600168705,2026-11-17 01:59:40,retained_metadata
32206927829,macos,pull_request,2026-08-19 02:46:03,0.07395986467599869,2026-11-17 01:59:40,retained_metadata
32206927829,linux,pull_request,2026-08-19 02:44:30,0.6436759326606989,2026-11-17 01:59:40,retained_metadata
32206927829,windows,pull_request,2026-08-19 02:05:17,0.06705907825380564,2026-11-17 01:59:40,retained_metadata
32189733631,linux,pull_request,2026-08-18 23:00:46,0.6437087440863252,2026-11-16 21:49:45,retained_metadata
32189588991,linux,pull_request,2026-08-18 22:59:07,0.6436917670071125,2026-11-16 21:48:01,retained_metadata
32189588991,wasm64,pull_request,2026-08-18 22:46:33,0.17858113814145327,2026-11-16 21:48:01,retained_metadata
32189733631,wasm64,pull_request,2026-08-18 22:46:17,0.17858169693499804,2026-11-16 21:49:45,retained_metadata
32189733631,macos,pull_request,2026-08-18 22:41:49,0.0739648761227727,2026-11-16 21:49:45,retained_metadata
32189588991,wasm32,pull_request,2026-08-18 22:41:17,0.17858113814145327,2026-11-16 21:48:01,retained_metadata
32189733631,wasm32,pull_request,2026-08-18 22:33:19,0.17858169693499804,2026-11-16 21:49:45,retained_metadata
32189588991,macos,pull_request,2026-08-18 22:30:31,0.07396287843585014,2026-11-16 21:48:01,retained_metadata
32189733631,windows,pull_request,2026-08-18 21:56:10,0.06706554628908634,2026-11-16 21:49:45,retained_metadata
32189588991,windows,pull_request,2026-08-18 21:53:58,0.06706338748335838,2026-11-16 21:48:01,retained_metadata
32181915878,wasm32,pull_request,2026-08-18 21:19:08,0.17859684862196445,2026-11-16 20:22:48,retained_metadata
32181915878,linux,pull_request,2026-08-18 21:16:22,0.6436841087415814,2026-11-16 20:22:48,retained_metadata
32181915878,macos,pull_request,2026-08-18 21:14:26,0.07396265678107738,2026-11-16 20:22:48,retained_metadata
32181915878,wasm64,pull_request,2026-08-18 21:07:30,0.17859684862196445,2026-11-16 20:22:48,retained_metadata
32181915878,windows,pull_request,2026-08-18 20:29:03,0.06706123985350132,2026-11-16 20:22:48,retained_metadata
31847549591,linux,pull_request,2026-08-14 23:46:56,0.6436853026971221,2026-11-12 22:40:52,retained_metadata
31847549591,wasm32,pull_request,2026-08-14 23:38:26,0.17859666887670755,2026-11-12 22:40:52,retained_metadata
31847549591,wasm64,pull_request,2026-08-14 23:30:48,0.17859666887670755,2026-11-12 22:40:52,retained_metadata
31847549591,macos,pull_request,2026-08-14 23:24:43,0.07396253012120724,2026-11-12 22:40:52,retained_metadata
31847549591,windows,pull_request,2026-08-14 22:46:14,0.06706168875098228,2026-11-12 22:40:52,retained_metadata
31792602130,linux,pull_request,2026-08-14 11:41:37,0.6436852542683482,2026-11-12 10:32:11,retained_metadata
31792602130,wasm64,pull_request,2026-08-14 11:24:04,0.17861393373459578,2026-11-12 10:32:11,retained_metadata
31792602130,macos,pull_request,2026-08-14 11:19:43,0.07396206632256508,2026-11-12 10:32:11,retained_metadata
31792602130,wasm32,pull_request,2026-08-14 11:15:45,0.17861393373459578,2026-11-12 10:32:11,retained_metadata
31792602130,windows,pull_request,2026-08-14 10:38:59,0.06706097070127726,2026-11-12 10:32:11,retained_metadata
31750038942,windows,pull_request,2026-08-13 23:53:59,0.06706120260059834,2026-11-11 22:27:41,retained_metadata
31750038942,linux,pull_request,2026-08-13 23:38:59,0.6436878237873316,2026-11-11 22:27:41,retained_metadata
31750038942,wasm32,pull_request,2026-08-13 23:23:27,0.17859675642102957,2026-11-11 22:27:41,retained_metadata
31750038942,wasm64,pull_request,2026-08-13 23:22:41,0.17859675642102957,2026-11-11 22:27:41,retained_metadata
31750038942,macos,pull_request,2026-08-13 23:08:13,0.0739622600376606,2026-11-11 22:27:41,retained_metadata
31441464382,linux,pull_request,2026-08-11 00:15:44,0.6436823466792703,2026-11-08 23:13:01,retained_metadata
31441464382,wasm64,pull_request,2026-08-11 00:12:13,0.17859397362917662,2026-11-08 23:13:01,retained_metadata
31441464382,macos,pull_request,2026-08-11 00:08:41,0.0739601431414485,2026-11-08 23:13:01,retained_metadata
31441464382,wasm32,pull_request,2026-08-10 23:57:28,0.17859397362917662,2026-11-08 23:13:01,retained_metadata
31441464382,windows,pull_request,2026-08-10 23:18:44,0.06706023588776588,2026-11-08 23:13:01,retained_metadata
31063261791,linux,pull_request,2026-08-06 02:37:17,0.643671840429306,2026-11-04 01:37:16,retained_metadata
31063261791,wasm64,pull_request,2026-08-06 02:36:14,0.1785799078643322,2026-11-04 01:37:16,retained_metadata
31063261791,wasm32,pull_request,2026-08-06 02:34:39,0.1785799078643322,2026-11-04 01:37:16,retained_metadata
31062974932,macos,pull_request,2026-08-06 02:32:12,0.07395978551357985,2026-11-04 01:31:23,retained_metadata
31062974932,wasm64,pull_request,2026-08-06 02:30:28,0.1785799078643322,2026-11-04 01:31:23,retained_metadata
31063261791,windows,pull_request,2026-08-06 02:29:45,0.06705959513783455,2026-11-04 01:37:16,retained_metadata
31062974932,windows,pull_request,2026-08-06 02:29:28,0.0670594871044159,2026-11-04 01:31:23,retained_metadata
31062974932,wasm32,pull_request,2026-08-06 02:26:09,0.1785799078643322,2026-11-04 01:31:23,retained_metadata
31063261791,macos,pull_request,2026-08-06 02:23:44,0.0739597287029028,2026-11-04 01:37:16,retained_metadata
31062974932,linux,pull_request,2026-08-06 02:20:03,0.6436698166653514,2026-11-04 01:31:23,retained_metadata
30948891536,linux_gpu,push,2026-08-04 21:52:26,0.00017981603741645813,2026-11-02 20:39:58,retained_metadata
30948891536,linux,push,2026-08-04 21:41:08,0.6444024341180921,2026-11-02 20:39:58,retained_metadata
30948891536,wasm32,push,2026-08-04 21:38:56,0.17857990600168705,2026-11-02 20:39:58,retained_metadata
30948891536,wasm64,push,2026-08-04 21:38:51,0.17857990600168705,2026-11-02 20:39:58,retained_metadata
30948891536,macos,push,2026-08-04 21:27:56,0.07395975105464458,2026-11-02 20:39:58,retained_metadata
30948891536,windows,push,2026-08-04 21:25:51,0.06705932877957821,2026-11-02 20:39:58,retained_metadata
30797351464,wasm64,pull_request,2026-08-03 09:27:30,0.17856426630169153,2026-11-01 09:25:41,retained_metadata
30797351464,wasm32,pull_request,2026-08-03 09:19:42,0.17856426630169153,2026-11-01 09:25:41,retained_metadata
30797351464,linux,pull_request,2026-08-03 09:18:06,0.6434830464422703,2026-11-01 09:25:41,retained_metadata
30797351464,macos,pull_request,2026-08-03 09:17:37,0.0739181712269783,2026-11-01 09:25:41,retained_metadata
30797351464,windows,pull_request,2026-08-03 08:32:56,0.06702861096709967,2026-11-01 09:25:41,retained_metadata
30723141624,linux,pull_request,2026-08-02 00:26:48,0.643480472266674,2026-10-30 23:20:30,retained_metadata
30723215201,linux,pull_request,2026-08-02 00:24:59,0.6434767516329885,2026-10-30 23:22:47,retained_metadata
30723141624,wasm64,pull_request,2026-08-02 00:23:06,0.17856426630169153,2026-10-30 23:20:30,retained_metadata
30723141624,wasm32,pull_request,2026-08-02 00:22:36,0.17856426630169153,2026-10-30 23:20:30,retained_metadata
30723075612,wasm64,pull_request,2026-08-02 00:22:26,0.17856426630169153,2026-10-30 23:18:28,retained_metadata
30723215201,wasm64,pull_request,2026-08-02 00:21:59,0.17858118750154972,2026-10-30 23:22:47,retained_metadata
30723215201,wasm32,pull_request,2026-08-02 00:20:42,0.17858118750154972,2026-10-30 23:22:47,retained_metadata
30723019673,linux,pull_request,2026-08-02 00:16:07,0.643477494828403,2026-10-30 23:16:42,retained_metadata
30723019673,wasm64,pull_request,2026-08-02 00:16:01,0.17856426630169153,2026-10-30 23:16:42,retained_metadata
30723075612,wasm32,pull_request,2026-08-02 00:14:01,0.17856426630169153,2026-10-30 23:18:28,retained_metadata
30723075612,linux,pull_request,2026-08-02 00:12:28,0.6434796117246151,2026-10-30 23:18:28,retained_metadata
30723215201,macos,pull_request,2026-08-02 00:11:03,0.07380349561572075,2026-10-30 23:22:47,retained_metadata
30723019673,wasm32,pull_request,2026-08-02 00:10:04,0.17856426630169153,2026-10-30 23:16:42,retained_metadata
30723141624,macos,pull_request,2026-08-02 00:09:45,0.07391809578984976,2026-10-30 23:20:30,retained_metadata
30723075612,macos,pull_request,2026-08-02 00:01:25,0.07391815725713968,2026-10-30 23:18:28,retained_metadata
30723019673,macos,pull_request,2026-08-01 23:56:56,0.07391795236617327,2026-10-30 23:16:42,retained_metadata
30723075612,windows,pull_request,2026-08-01 23:36:24,0.06702881678938866,2026-10-30 23:18:28,retained_metadata
30723215201,windows,pull_request,2026-08-01 23:28:02,0.06702873203903437,2026-10-30 23:22:47,retained_metadata
30723141624,windows,pull_request,2026-08-01 23:26:18,0.0670285988599062,2026-10-30 23:20:30,retained_metadata
30723019673,windows,pull_request,2026-08-01 23:23:22,0.06702868267893791,2026-10-30 23:16:42,retained_metadata
30483227873,linux_gpu,push,2026-07-29 21:12:44,0.00018001534044742584,2026-10-27 21:05:53,retained_metadata
30483227873,windows,push,2026-07-29 20:24:37,0.06702859420329332,2026-10-27 19:10:24,retained_metadata
30483227873,linux_gpu,push,2026-07-29 20:20:48,0.0001798681914806366,2026-10-27 19:10:24,retained_metadata
30483227873,linux,push,2026-07-29 20:11:20,0.6442115679383278,2026-10-27 19:10:24,retained_metadata
30483227873,wasm64,push,2026-07-29 20:10:15,0.17856426630169153,2026-10-27 19:10:24,retained_metadata
30483227873,wasm32,push,2026-07-29 20:03:26,0.17856426630169153,2026-10-27 19:10:24,retained_metadata
30483227873,macos,push,2026-07-29 19:56:43,0.07391810975968838,2026-10-27 19:10:24,retained_metadata
30291722371,macos,pull_request,2026-07-27 19:09:07,0.07382761966437101,2026-10-25 17:59:15,retained_metadata
30291667310,macos,pull_request,2026-07-27 19:03:40,0.0738258259370923,2026-10-25 17:58:31,retained_metadata
30291722371,linux,pull_request,2026-07-27 19:02:48,0.6428323397412896,2026-10-25 17:59:15,retained_metadata
30291667310,linux,pull_request,2026-07-27 19:01:47,0.6428150627762079,2026-10-25 17:58:31,retained_metadata
30291667310,wasm64,pull_request,2026-07-27 19:00:41,0.17858457006514072,2026-10-25 17:58:31,retained_metadata
30291722371,wasm32,pull_request,2026-07-27 19:00:01,0.1785851325839758,2026-10-25 17:59:15,retained_metadata
30291722371,wasm64,pull_request,2026-07-27 18:59:37,0.1785851325839758,2026-10-25 17:59:15,retained_metadata
30290782497,linux,pull_request,2026-07-27 18:50:03,0.6428289255127311,2026-10-25 17:46:57,retained_metadata
30290782497,wasm64,pull_request,2026-07-27 18:49:00,0.17858504131436348,2026-10-25 17:46:57,retained_metadata
30290782497,wasm32,pull_request,2026-07-27 18:48:39,0.17858504131436348,2026-10-25 17:46:57,retained_metadata
30291667310,wasm32,pull_request,2026-07-27 18:46:35,0.17858457006514072,2026-10-25 17:58:31,retained_metadata
30290532573,wasm32,pull_request,2026-07-27 18:44:39,0.178584479726851,2026-10-25 17:43:42,retained_metadata
30290782497,macos,pull_request,2026-07-27 18:44:28,0.07382721453905106,2026-10-25 17:46:57,retained_metadata
30290532573,linux,pull_request,2026-07-27 18:44:22,0.6428118608891964,2026-10-25 17:43:42,retained_metadata
30290532573,wasm64,pull_request,2026-07-27 18:44:13,0.178584479726851,2026-10-25 17:43:42,retained_metadata
30290532573,macos,pull_request,2026-07-27 18:37:17,0.07382533885538578,2026-10-25 17:43:42,retained_metadata
30291722371,windows,pull_request,2026-07-27 18:05:44,0.06695176102221012,2026-10-25 17:59:15,retained_metadata
30291667310,windows,pull_request,2026-07-27 18:04:37,0.06694975029677153,2026-10-25 17:58:31,retained_metadata
30290782497,windows,pull_request,2026-07-27 17:53:45,0.0669509582221508,2026-10-25 17:46:57,retained_metadata
30290532573,windows,pull_request,2026-07-27 17:49:39,0.06694870535284281,2026-10-25 17:43:42,retained_metadata
29965567423,wasm64,pull_request,2026-07-23 00:16:28,0.17858461383730173,2026-10-20 23:15:35,retained_metadata
29965567423,wasm32,pull_request,2026-07-23 00:13:58,0.17858461383730173,2026-10-20 23:15:35,retained_metadata
29965567423,linux,pull_request,2026-07-23 00:12:17,0.6428230321034789,2026-10-20 23:15:35,retained_metadata
29965567423,macos,pull_request,2026-07-23 00:07:17,0.07382629159837961,2026-10-20 23:15:35,retained_metadata
29965567423,windows,pull_request,2026-07-22 23:21:52,0.06694940850138664,2026-10-20 23:15:35,retained_metadata
29961790847,linux,pull_request,2026-07-22 23:12:58,0.6428084298968315,2026-10-20 22:08:11,retained_metadata
29961790847,macos,pull_request,2026-07-22 23:07:52,0.07382450718432665,2026-10-20 22:08:11,retained_metadata
29961790847,wasm32,pull_request,2026-07-22 23:05:35,0.17858411464840174,2026-10-20 22:08:11,retained_metadata
29961790847,wasm64,pull_request,2026-07-22 22:52:58,0.17858411464840174,2026-10-20 22:08:11,retained_metadata
29961790847,windows,pull_request,2026-07-22 22:13:58,0.06694754026830196,2026-10-20 22:08:11,retained_metadata
29933419809,windows,pull_request,2026-07-22 17:29:07,0.06695704441517591,2026-10-20 15:27:01,retained_metadata
29933419809,wasm32,pull_request,2026-07-22 16:28:10,0.17858944740146399,2026-10-20 15:27:01,retained_metadata
29933419809,linux,pull_request,2026-07-22 16:26:14,0.6370584461838007,2026-10-20 15:27:01,retained_metadata
29933419809,macos,pull_request,2026-07-22 16:18:30,0.0738383112475276,2026-10-20 15:27:01,retained_metadata
29933419809,wasm64,pull_request,2026-07-22 16:15:23,0.17858944740146399,2026-10-20 15:27:01,retained_metadata
29908505319,macos,pull_request,2026-07-22 10:47:32,0.07382387295365334,2026-10-20 09:34:29,retained_metadata
29909258481,wasm64,pull_request,2026-07-22 10:47:28,0.1785835037007928,2026-10-20 09:45:50,retained_metadata
29909258481,macos,pull_request,2026-07-22 10:45:58,0.07382394466549158,2026-10-20 09:45:50,retained_metadata
29908472147,macos,pull_request,2026-07-22 10:45:13,0.07382385525852442,2026-10-20 09:33:58,retained_metadata
29909083092,wasm64,pull_request,2026-07-22 10:44:07,0.1785835037007928,2026-10-20 09:43:14,retained_metadata
29908676555,linux,pull_request,2026-07-22 10:43:38,0.6428069742396474,2026-10-20 09:37:01,retained_metadata
29908991282,linux,pull_request,2026-07-22 10:43:07,0.6428065337240696,2026-10-20 09:41:52,retained_metadata
29908991282,wasm32,pull_request,2026-07-22 10:42:31,0.1785835037007928,2026-10-20 09:41:52,retained_metadata
29908991282,macos,pull_request,2026-07-22 10:42:30,0.07382387667894363,2026-10-20 09:41:52,retained_metadata
29908676555,macos,pull_request,2026-07-22 10:42:27,0.07382379565387964,2026-10-20 09:37:01,retained_metadata
29908991282,wasm64,pull_request,2026-07-22 10:42:06,0.1785835037007928,2026-10-20 09:41:52,retained_metadata
29909083092,macos,pull_request,2026-07-22 10:40:41,0.07382381334900856,2026-10-20 09:43:14,retained_metadata
29909083092,wasm32,pull_request,2026-07-22 10:40:29,0.1785835037007928,2026-10-20 09:43:14,retained_metadata
29908472147,linux,pull_request,2026-07-22 10:40:24,0.6428073486313224,2026-10-20 09:33:58,retained_metadata
29908676555,wasm32,pull_request,2026-07-22 10:38:17,0.1785835037007928,2026-10-20 09:37:01,retained_metadata
29908472147,wasm32,pull_request,2026-07-22 10:38:16,0.1785835037007928,2026-10-20 09:33:58,retained_metadata
29908569679,macos,pull_request,2026-07-22 10:37:22,0.07382392510771751,2026-10-20 09:35:24,retained_metadata
29908505319,linux,pull_request,2026-07-22 10:37:17,0.6428060550242662,2026-10-20 09:34:29,retained_metadata
29908505319,wasm32,pull_request,2026-07-22 10:36:58,0.1785835037007928,2026-10-20 09:34:29,retained_metadata
29909258481,linux,pull_request,2026-07-22 10:36:19,0.642805521376431,2026-10-20 09:45:50,retained_metadata
29908472147,wasm64,pull_request,2026-07-22 10:36:13,0.1785835037007928,2026-10-20 09:33:58,retained_metadata
29909083092,linux,pull_request,2026-07-22 10:32:41,0.642805140465498,2026-10-20 09:43:14,retained_metadata
29908505319,wasm64,pull_request,2026-07-22 10:32:34,0.1785835037007928,2026-10-20 09:34:29,retained_metadata
29909258481,wasm32,pull_request,2026-07-22 10:30:29,0.1785835037007928,2026-10-20 09:45:50,retained_metadata
29908569679,wasm32,pull_request,2026-07-22 10:30:15,0.1785835037007928,2026-10-20 09:35:24,retained_metadata
29908569679,wasm64,pull_request,2026-07-22 10:30:08,0.1785835037007928,2026-10-20 09:35:24,retained_metadata
29908676555,wasm64,pull_request,2026-07-22 10:29:22,0.1785835037007928,2026-10-20 09:37:01,retained_metadata
29908569679,linux,pull_request,2026-07-22 10:20:01,0.6428037779405713,2026-10-20 09:35:24,retained_metadata
29909258481,windows,pull_request,2026-07-22 09:51:19,0.06694698240607977,2026-10-20 09:45:50,retained_metadata
29908991282,windows,pull_request,2026-07-22 09:48:42,0.06694706249982119,2026-10-20 09:41:52,retained_metadata
29909083092,windows,pull_request,2026-07-22 09:48:24,0.06694706808775663,2026-10-20 09:43:14,retained_metadata
29908676555,windows,pull_request,2026-07-22 09:42:45,0.06694674398750067,2026-10-20 09:37:01,retained_metadata
29908569679,windows,pull_request,2026-07-22 09:41:16,0.06694681476801634,2026-10-20 09:35:24,retained_metadata
29908472147,windows,pull_request,2026-07-22 09:40:43,0.06694678869098425,2026-10-20 09:33:58,retained_metadata
29908505319,windows,pull_request,2026-07-22 09:40:39,0.0669469190761447,2026-10-20 09:34:29,retained_metadata
29750620569,windows,push,2026-07-20 17:11:11,0.0669469814747572,2026-10-18 14:26:08,retained_metadata
29750770186,linux,push,2026-07-20 15:30:42,0.643350288271904,2026-10-18 14:28:13,retained_metadata
29750620569,linux,push,2026-07-20 15:30:02,0.6434156922623515,2026-10-18 14:26:08,retained_metadata
29750770186,macos,push,2026-07-20 15:28:20,0.07380958832800388,2026-10-18 14:28:13,retained_metadata
29750620569,macos,push,2026-07-20 15:27:38,0.07382374070584774,2026-10-18 14:26:08,retained_metadata
29750770186,wasm64,push,2026-07-20 15:27:34,0.17858051043003798,2026-10-18 14:28:13,retained_metadata
29750620569,wasm64,push,2026-07-20 15:26:56,0.1785835037007928,2026-10-18 14:26:08,retained_metadata
29750770186,wasm32,push,2026-07-20 15:25:00,0.17858051043003798,2026-10-18 14:28:13,retained_metadata
29750620569,wasm32,push,2026-07-20 14:58:54,0.1785835037007928,2026-10-18 14:26:08,retained_metadata
29750770186,windows,push,2026-07-20 14:33:46,0.06693992204964161,2026-10-18 14:28:13,retained_metadata
29728621678,wasm64,pull_request,2026-07-20 09:58:19,0.19222917780280113,2026-10-18 08:39:38,retained_metadata
29728621678,wasm32,pull_request,2026-07-20 09:53:27,0.19222917780280113,2026-10-18 08:39:38,retained_metadata
29728621678,linux,pull_request,2026-07-20 09:44:51,0.6171132540330291,2026-10-18 08:39:38,retained_metadata
29728621678,macos,pull_request,2026-07-20 09:36:33,0.0737261176109314,2026-10-18 08:39:38,retained_metadata
29728621678,windows,pull_request,2026-07-20 08:59:28,0.0669405423104763,2026-10-18 08:39:38,retained_metadata
29613818974,wasm32,pull_request,2026-07-17 22:15:20,0.17858051043003798,2026-10-15 21:10:41,retained_metadata
29613818974,linux,pull_request,2026-07-17 22:13:36,0.6405862905085087,2026-10-15 21:10:41,retained_metadata
29613818974,macos,pull_request,2026-07-17 22:03:28,0.073726168833673,2026-10-15 21:10:41,retained_metadata
29613818974,wasm64,pull_request,2026-07-17 21:56:05,0.17858051043003798,2026-10-15 21:10:41,retained_metadata
29613818974,windows,pull_request,2026-07-17 21:17:08,0.06694067269563675,2026-10-15 21:10:41,retained_metadata
29517879958,linux,pull_request,2026-07-16 18:05:22,0.640579110942781,2026-10-14 16:59:17,retained_metadata
29517879958,macos,pull_request,2026-07-16 18:01:36,0.0737253986299038,2026-10-14 16:59:17,retained_metadata
29517879958,wasm64,pull_request,2026-07-16 17:58:17,0.17858051043003798,2026-10-14 16:59:17,retained_metadata
29517879958,wasm32,pull_request,2026-07-16 17:57:54,0.17858051043003798,2026-10-14 16:59:17,retained_metadata
29517879958,windows,pull_request,2026-07-16 17:05:57,0.06693990435451269,2026-10-14 16:59:17,retained_metadata
29456212001,wasm64,pull_request,2026-07-15 23:49:08,0.18414210621267557,2026-10-13 22:41:00,retained_metadata
29456212001,linux,pull_request,2026-07-15 23:42:59,0.6985547561198473,2026-10-13 22:41:00,retained_metadata
29456212001,wasm32,pull_request,2026-07-15 23:39:38,0.18414210621267557,2026-10-13 22:41:00,retained_metadata
29456212001,macos,pull_request,2026-07-15 23:35:56,0.08128777984529734,2026-10-13 22:41:00,retained_metadata
29456212001,windows,pull_request,2026-07-15 22:47:53,0.069458051584661,2026-10-13 22:41:00,retained_metadata
29366812139,linux,push,2026-07-14 21:55:00,1.1980498991906643,2026-10-12 20:43:31,retained_metadata
29366812139,wasm32,push,2026-07-14 21:40:35,0.17858051043003798,2026-10-12 20:43:31,retained_metadata
29366812139,wasm64,push,2026-07-14 21:40:31,0.17858051043003798,2026-10-12 20:43:31,retained_metadata
29366812139,macos,push,2026-07-14 21:38:00,0.07372559141367674,2026-10-12 20:43:31,retained_metadata
29366812139,windows,push,2026-07-14 20:48:45,0.06694021727889776,2026-10-12 20:43:31,retained_metadata
29127201885,linux,pull_request,2026-07-10 23:19:43,0.6405969746410847,2026-10-08 22:15:35,retained_metadata
29127201885,macos,pull_request,2026-07-10 23:19:40,0.0737272147089243,2026-10-08 22:15:35,retained_metadata
29127201885,wasm64,pull_request,2026-07-10 23:16:06,0.17858051043003798,2026-10-08 22:15:35,retained_metadata
29127201885,wasm32,pull_request,2026-07-10 23:12:19,0.17858051043003798,2026-10-08 22:15:35,retained_metadata
29127201885,windows,pull_request,2026-07-10 22:21:27,0.06693988479673862,2026-10-08 22:15:35,retained_metadata
29118925431,macos,pull_request,2026-07-10 20:45:19,0.07372541818767786,2026-10-08 19:42:47,retained_metadata
29118925431,wasm64,pull_request,2026-07-10 20:44:58,0.17858051043003798,2026-10-08 19:42:47,retained_metadata
29118925431,wasm32,pull_request,2026-07-10 20:43:03,0.17858051043003798,2026-10-08 19:42:47,retained_metadata
29118925431,linux,pull_request,2026-07-10 20:31:10,0.6405931552872062,2026-10-08 19:42:47,retained_metadata
29115934799,wasm64,pull_request,2026-07-10 19:53:10,0.17858051043003798,2026-10-08 18:49:53,retained_metadata
29115934799,wasm32,pull_request,2026-07-10 19:51:49,0.17858051043003798,2026-10-08 18:49:53,retained_metadata
29115934799,linux,pull_request,2026-07-10 19:51:12,0.6169288046658039,2026-10-08 18:49:53,retained_metadata
29118925431,windows,pull_request,2026-07-10 19:48:36,0.06693993788212538,2026-10-08 19:42:47,retained_metadata
29115934799,macos,pull_request,2026-07-10 19:42:35,0.07372542284429073,2026-10-08 18:49:53,retained_metadata
29115934799,windows,pull_request,2026-07-10 18:55:16,0.06693989783525467,2026-10-08 18:49:53,retained_metadata
29100706299,macos,pull_request,2026-07-10 15:47:42,0.07372553646564484,2026-10-08 14:40:22,retained_metadata
29100706299,linux,pull_request,2026-07-10 15:44:33,0.6405969550833106,2026-10-08 14:40:22,retained_metadata
29100706299,wasm64,pull_request,2026-07-10 15:43:34,0.17858051043003798,2026-10-08 14:40:22,retained_metadata
29100706299,wasm32,pull_request,2026-07-10 15:42:53,0.17858051043003798,2026-10-08 14:40:22,retained_metadata
29097279113,linux,pull_request,2026-07-10 14:50:08,0.6405950905755162,2026-10-08 13:46:00,retained_metadata
29097279113,wasm32,pull_request,2026-07-10 14:46:50,0.17858051043003798,2026-10-08 13:46:00,retained_metadata
29097279113,wasm64,pull_request,2026-07-10 14:46:44,0.17858051043003798,2026-10-08 13:46:00,retained_metadata
29100706299,windows,pull_request,2026-07-10 14:46:14,0.06694004405289888,2026-10-08 14:40:22,retained_metadata
29097279113,macos,pull_request,2026-07-10 14:38:13,0.07372565101832151,2026-10-08 13:46:00,retained_metadata
29097279113,windows,pull_request,2026-07-10 13:51:37,0.0669401166960597,2026-10-08 13:46:00,retained_metadata
29042910404,wasm64,pull_request,2026-07-09 20:25:56,0.19222917687147856,2026-10-07 19:02:53,retained_metadata
29042910404,wasm32,pull_request,2026-07-09 20:20:27,0.19222917687147856,2026-10-07 19:02:53,retained_metadata
29042910404,macos,pull_request,2026-07-09 19:59:57,0.07372618932276964,2026-10-07 19:02:53,retained_metadata
29042910404,linux,pull_request,2026-07-09 19:57:16,0.6171242594718933,2026-10-07 19:02:53,retained_metadata
29041068279,linux,push,2026-07-09 19:44:38,1.1980514517053962,2026-10-07 18:33:06,retained_metadata
29041068279,macos,push,2026-07-09 19:39:16,0.07372546754777431,2026-10-07 18:33:06,retained_metadata
29041068279,wasm32,push,2026-07-09 19:34:33,0.17858051043003798,2026-10-07 18:33:06,retained_metadata
29041068279,wasm64,push,2026-07-09 19:18:24,0.17858051043003798,2026-10-07 18:33:06,retained_metadata
29042910404,windows,pull_request,2026-07-09 19:12:01,0.06694061402231455,2026-10-07 19:02:53,retained_metadata
29041068279,windows,push,2026-07-09 18:41:24,0.06694008130580187,2026-10-07 18:33:06,retained_metadata
29034499074,linux,pull_request,2026-07-09 17:48:37,0.6409840574488044,2026-10-07 16:44:17,retained_metadata
29034499074,wasm64,pull_request,2026-07-09 17:48:04,0.17858051043003798,2026-10-07 16:44:17,retained_metadata
29034499074,wasm32,pull_request,2026-07-09 17:46:57,0.17858051043003798,2026-10-07 16:44:17,retained_metadata
29034080297,macos,pull_request,2026-07-09 17:44:38,0.0737245213240385,2026-10-07 16:37:25,retained_metadata
29034499074,macos,pull_request,2026-07-09 17:43:27,0.07372731156647205,2026-10-07 16:44:17,retained_metadata
29034080297,linux,pull_request,2026-07-09 17:41:18,0.6406718175858259,2026-10-07 16:37:25,retained_metadata
29034080297,wasm32,pull_request,2026-07-09 17:39:38,0.17858051043003798,2026-10-07 16:37:25,retained_metadata
29034080297,wasm64,pull_request,2026-07-09 17:37:58,0.17858051043003798,2026-10-07 16:37:25,retained_metadata
29034499074,windows,pull_request,2026-07-09 16:52:30,0.06694245431572199,2026-10-07 16:44:17,retained_metadata
29034080297,windows,pull_request,2026-07-09 16:43:43,0.06694014370441437,2026-10-07 16:37:25,retained_metadata
29015263106,wasm64,pull_request,2026-07-09 12:53:16,0.19222917780280113,2026-10-07 11:33:58,retained_metadata
29015263106,wasm32,pull_request,2026-07-09 12:45:20,0.19222917687147856,2026-10-07 11:33:58,retained_metadata
29015263106,linux,pull_request,2026-07-09 12:36:51,0.6171901598572731,2026-10-07 11:33:58,retained_metadata
29015263106,macos,pull_request,2026-07-09 12:19:39,0.07372537907212973,2026-10-07 11:33:58,retained_metadata
29015263106,windows,pull_request,2026-07-09 11:54:46,0.06694007944315672,2026-10-07 11:33:58,retained_metadata
28967080480,linux,pull_request,2026-07-08 19:47:40,0.6406907625496387,2026-10-06 18:42:34,retained_metadata
28967080480,linux,pull_request,2026-07-08 19:47:37,0.6406907625496387,2026-10-06 18:42:34,retained_metadata
28967080480,macos,pull_request,2026-07-08 19:45:16,0.0737287774682045,2026-10-06 18:42:34,retained_metadata
28967080480,wasm32,pull_request,2026-07-08 19:42:30,0.1785824941471219,2026-10-06 18:42:34,retained_metadata
28967080480,wasm64,pull_request,2026-07-08 19:40:49,0.1785824941471219,2026-10-06 18:42:34,retained_metadata
28966803063,linux,pull_request,2026-07-08 19:40:01,0.6406721705570817,2026-10-06 18:38:08,retained_metadata
28966803063,wasm32,pull_request,2026-07-08 19:35:11,0.1785806566476822,2026-10-06 18:38:08,retained_metadata
28966803063,wasm64,pull_request,2026-07-08 19:34:40,0.1785806566476822,2026-10-06 18:38:08,retained_metadata
28966803063,macos,pull_request,2026-07-08 19:26:04,0.07372468616813421,2026-10-06 18:38:08,retained_metadata
28967080480,windows,pull_request,2026-07-08 18:49:17,0.06694343592971563,2026-10-06 18:42:34,retained_metadata
28966803063,windows,pull_request,2026-07-08 18:43:44,0.06693999748677015,2026-10-06 18:38:08,retained_metadata
28955881950,windows,pull_request,2026-07-08 18:30:27,0.0669510206207633,2026-10-06 15:45:43,retained_metadata
28955606440,windows,pull_request,2026-07-08 18:28:22,0.06695653405040503,2026-10-06 15:41:47,retained_metadata
28955957472,windows,pull_request,2026-07-08 17:59:28,0.06695105321705341,2026-10-06 15:46:50,retained_metadata
28955606440,macos,pull_request,2026-07-08 16:50:15,0.07374007534235716,2026-10-06 15:41:47,retained_metadata
28955957472,linux,pull_request,2026-07-08 16:50:14,0.6407335987314582,2026-10-06 15:46:50,retained_metadata
28955957472,wasm64,pull_request,2026-07-08 16:48:58,0.17858051043003798,2026-10-06 15:46:50,retained_metadata
28955881950,wasm32,pull_request,2026-07-08 16:47:52,0.17858051043003798,2026-10-06 15:45:43,retained_metadata
28955881950,linux,pull_request,2026-07-08 16:46:33,0.6407440258190036,2026-10-06 15:45:43,retained_metadata
28955881950,wasm64,pull_request,2026-07-08 16:45:53,0.17858051043003798,2026-10-06 15:45:43,retained_metadata
28955606440,linux,pull_request,2026-07-08 16:45:07,0.6407360145822167,2026-10-06 15:41:47,retained_metadata
28955606440,wasm64,pull_request,2026-07-08 16:43:01,0.18021775875240564,2026-10-06 15:41:47,retained_metadata
28955957472,wasm32,pull_request,2026-07-08 16:42:59,0.17858051043003798,2026-10-06 15:46:50,retained_metadata
28955957472,macos,pull_request,2026-07-08 16:40:23,0.07374059408903122,2026-10-06 15:46:50,retained_metadata
28955881950,macos,pull_request,2026-07-08 16:39:58,0.07374054100364447,2026-10-06 15:45:43,retained_metadata
28955606440,wasm32,pull_request,2026-07-08 16:39:55,0.18021775875240564,2026-10-06 15:41:47,retained_metadata
28900091921,macos,pull_request,2026-07-07 22:53:45,0.07372455485165119,2026-10-05 21:31:02,retained_metadata
28900091921,wasm64,pull_request,2026-07-07 22:32:50,0.17858330626040697,2026-10-05 21:31:02,retained_metadata
28900091921,wasm32,pull_request,2026-07-07 22:31:32,0.17858330626040697,2026-10-05 21:31:02,retained_metadata
28900091921,linux,pull_request,2026-07-07 22:20:41,0.6406698757782578,2026-10-05 21:31:02,retained_metadata
28900091921,windows,pull_request,2026-07-07 21:36:48,0.0669399295002222,2026-10-05 21:31:02,retained_metadata
28890232570,windows,pull_request,2026-07-07 21:21:04,0.066939746029675,2026-10-05 18:44:02,retained_metadata
28888883351,windows,push,2026-07-07 20:57:07,0.06693972740322351,2026-10-05 18:21:26,retained_metadata
28890232570,linux,pull_request,2026-07-07 19:49:55,0.6169944629073143,2026-10-05 18:44:02,retained_metadata
28890232570,wasm64,pull_request,2026-07-07 19:42:27,0.17858051043003798,2026-10-05 18:44:02,retained_metadata
28890232570,wasm32,pull_request,2026-07-07 19:41:37,0.17858051043003798,2026-10-05 18:44:02,retained_metadata
28890232570,macos,pull_request,2026-07-07 19:40:59,0.07372463122010231,2026-10-05 18:44:02,retained_metadata
28888883351,linux,push,2026-07-07 19:35:46,1.1981290932744741,2026-10-05 18:21:26,retained_metadata
28888883351,wasm64,push,2026-07-07 19:26:43,0.17858051043003798,2026-10-05 18:21:26,retained_metadata
28888883351,wasm32,push,2026-07-07 19:19:12,0.17858051043003798,2026-10-05 18:21:26,retained_metadata
28888883351,macos,push,2026-07-07 19:15:30,0.07372464798390865,2026-10-05 18:21:26,retained_metadata
28885525285,wasm64,pull_request,2026-07-07 18:25:56,0.1729222945868969,2026-10-05 17:24:44,retained_metadata
28885525285,wasm32,pull_request,2026-07-07 18:23:23,0.1729222945868969,2026-10-05 17:24:44,retained_metadata
28885525285,macos,pull_request,2026-07-07 18:15:12,0.07352087274193764,2026-10-05 17:24:44,retained_metadata
28885525285,linux,pull_request,2026-07-07 18:14:17,0.638553655706346,2026-10-05 17:24:44,retained_metadata
28885525285,windows,pull_request,2026-07-07 17:31:26,0.06607218272984028,2026-10-05 17:24:44,retained_metadata
28880258984,macos,pull_request,2026-07-07 17:06:21,0.07351737190037966,2026-10-05 15:59:30,retained_metadata
28880258984,linux,pull_request,2026-07-07 17:01:02,0.6385301509872079,2026-10-05 15:59:30,retained_metadata
28880258984,wasm64,pull_request,2026-07-07 17:00:14,0.1712677674368024,2026-10-05 15:59:30,retained_metadata
28880258984,wasm32,pull_request,2026-07-07 16:43:28,0.1712677674368024,2026-10-05 15:59:30,retained_metadata
28880258984,windows,pull_request,2026-07-07 16:05:09,0.06606206484138966,2026-10-05 15:59:30,retained_metadata
28819397715,linux,pull_request,2026-07-06 21:02:18,0.6384683782234788,2026-10-04 19:59:31,retained_metadata
28819397715,wasm64,pull_request,2026-07-06 20:59:03,0.1712677674368024,2026-10-04 19:59:31,retained_metadata
28819397715,wasm32,pull_request,2026-07-06 20:58:22,0.1712677674368024,2026-10-04 19:59:31,retained_metadata
28819397715,macos,pull_request,2026-07-06 20:58:06,0.07350142858922482,2026-10-04 19:59:31,retained_metadata
28819397715,windows,pull_request,2026-07-06 20:05:09,0.06605088245123625,2026-10-04 19:59:31,retained_metadata
28805435884,linux,pull_request,2026-07-06 17:08:53,0.6384695740416646,2026-10-04 16:05:33,retained_metadata
28805435884,macos,pull_request,2026-07-06 17:03:54,0.07350147049874067,2026-10-04 16:05:33,retained_metadata
28805435884,wasm64,pull_request,2026-07-06 17:01:45,0.1712677674368024,2026-10-04 16:05:33,retained_metadata
28805435884,wasm32,pull_request,2026-07-06 17:00:06,0.1712677674368024,2026-10-04 16:05:33,retained_metadata
28805435884,windows,pull_request,2026-07-06 16:11:24,0.0660514198243618,2026-10-04 16:05:33,retained_metadata
28784071852,wasm64,pull_request,2026-07-06 11:28:49,0.1849164366722107,2026-10-04 10:10:55,retained_metadata
28784071852,wasm32,pull_request,2026-07-06 11:27:00,0.1849164366722107,2026-10-04 10:10:55,retained_metadata
28784071852,linux,pull_request,2026-07-06 11:14:12,0.6156539525836706,2026-10-04 10:10:55,retained_metadata
28784071852,macos,pull_request,2026-07-06 10:52:56,0.07345370203256607,2026-10-04 10:10:55,retained_metadata
28784071852,windows,pull_request,2026-07-06 10:16:32,0.06605108268558979,2026-10-04 10:10:55,retained_metadata
16657824938,linux,push,2025-07-31 20:08:06,0.9134545085951686,2025-10-29 20:08:06,imputed_job_success
16657824938,windows,push,2025-07-31 20:26:06,0.06548246197206409,2025-10-29 20:26:06,imputed_job_success
16657824938,macos,push,2025-07-31 19:50:03,0.07441660823921363,2025-10-29 19:50:03,imputed_job_success
16657892999,linux,push,2025-07-31 20:11:35,0.9134545085951686,2025-10-29 20:11:35,imputed_job_success
16657892999,windows,push,2025-07-31 20:28:59,0.06548246197206409,2025-10-29 20:28:59,imputed_job_success
16657892999,macos,push,2025-07-31 19:53:48,0.07441660823921363,2025-10-29 19:53:48,imputed_job_success
16658490101,linux,pull_request,2025-07-31 20:42:17,0.6345239110357527,2025-10-29 20:42:17,imputed_job_success
16658490101,windows,pull_request,2025-07-31 20:59:33,0.06573745974206499,2025-10-29 20:59:33,imputed_job_success
16682870245,linux,pull_request,2025-08-01 19:48:48,0.6345239110357527,2025-10-30 19:48:48,imputed_job_success
16682870245,windows,pull_request,2025-08-01 20:06:45,0.06573745974206499,2025-10-30 20:06:45,imputed_job_success
16682870245,macos,pull_request,2025-08-01 19:33:44,0.07485979037758494,2025-10-30 19:33:44,imputed_job_success
16685399005,linux,pull_request,2025-08-01 22:16:47,0.6345239110357527,2025-10-30 22:16:47,imputed_job_success
16685399005,windows,pull_request,2025-08-01 22:36:16,0.06573745974206499,2025-10-30 22:36:16,imputed_job_success
16685399005,macos,pull_request,2025-08-01 22:11:21,0.07485979037758494,2025-10-30 22:11:21,imputed_job_success
16688256879,linux,pull_request,2025-08-02 02:08:49,0.6345239110357527,2025-10-31 02:08:49,imputed_job_success
16688256879,windows,pull_request,2025-08-02 02:26:38,0.06573745974206499,2025-10-31 02:26:38,imputed_job_success
16720079453,linux,pull_request,2025-08-04 10:58:25,0.6345239110357527,2025-11-02 10:58:25,imputed_job_success
16720079453,windows,pull_request,2025-08-04 11:16:27,0.06573745974206499,2025-11-02 11:16:27,imputed_job_success
16720079453,macos,pull_request,2025-08-04 11:22:04,0.07485979037758494,2025-11-02 11:22:04,imputed_job_success
16746840646,linux,pull_request,2025-08-05 10:54:14,0.6345239110357527,2025-11-03 10:54:14,imputed_job_success
16746840646,windows,pull_request,2025-08-05 11:11:43,0.06573745974206499,2025-11-03 11:11:43,imputed_job_success
16746840646,macos,pull_request,2025-08-05 10:58:00,0.07485979037758494,2025-11-03 10:58:00,imputed_job_success
16781440066,linux,pull_request,2025-08-06 16:27:28,0.6345239110357527,2025-11-04 16:27:28,imputed_job_success
16781440066,macos,pull_request,2025-08-06 16:29:45,0.07485979037758494,2025-11-04 16:29:45,imputed_job_success
16791415004,linux,push,2025-08-07 00:52:55,0.9134545085951686,2025-11-05 00:52:55,imputed_job_success
16791415004,windows,push,2025-08-07 01:13:24,0.06548246197206409,2025-11-05 01:13:24,imputed_job_success
16791415004,macos,push,2025-08-07 00:36:00,0.07441660823921363,2025-11-05 00:36:00,imputed_job_success
16838279439,linux,push,2025-08-08 19:55:57,0.9134545085951686,2025-11-06 19:55:57,imputed_job_success
16838279439,windows,push,2025-08-08 20:19:28,0.06548246197206409,2025-11-06 20:19:28,imputed_job_success
16838279439,macos,push,2025-08-08 19:34:03,0.07441660823921363,2025-11-06 19:34:03,imputed_job_success
16839902058,linux,pull_request,2025-08-08 21:29:26,0.6345239110357527,2025-11-06 21:29:26,imputed_job_success
16839902058,windows,pull_request,2025-08-08 21:52:10,0.06573745974206499,2025-11-06 21:52:10,imputed_job_success
16839902058,macos,pull_request,2025-08-08 21:09:23,0.07485979037758494,2025-11-06 21:09:23,imputed_job_success
16930568489,macos,pull_request,2025-08-13 08:43:26,0.07485979037758494,2025-11-11 08:43:26,imputed_job_success
16930568489,linux,pull_request,2025-08-13 08:28:59,0.6345239110357527,2025-11-11 08:28:59,imputed_job_success
16953391675,linux,pull_request,2025-08-14 02:19:07,0.6345239110357527,2025-11-12 02:19:07,imputed_job_success
16953391675,windows,pull_request,2025-08-14 02:42:31,0.06573745974206499,2025-11-12 02:42:31,imputed_job_success
16953391675,macos,pull_request,2025-08-14 02:38:02,0.07485979037758494,2025-11-12 02:38:02,imputed_job_success
16999060273,linux,pull_request,2025-08-15 21:45:45,0.6345239110357527,2025-11-13 21:45:45,imputed_job_success
16999060273,macos,pull_request,2025-08-15 21:36:57,0.07485979037758494,2025-11-13 21:36:57,imputed_job_success
16999060273,windows,pull_request,2025-08-15 22:08:25,0.06573745974206499,2025-11-13 22:08:25,imputed_job_success
17067098234,linux,pull_request,2025-08-19 11:37:52,0.6345239110357527,2025-11-17 11:37:52,imputed_job_success
17067098234,windows,pull_request,2025-08-19 12:00:56,0.06573745974206499,2025-11-17 12:00:56,imputed_job_success
17067098234,macos,pull_request,2025-08-19 11:33:23,0.07485979037758494,2025-11-17 11:33:23,imputed_job_success
17101485278,linux,pull_request,2025-08-20 15:31:43,0.6345239110357527,2025-11-18 15:31:43,imputed_job_success
17101485278,windows,pull_request,2025-08-20 15:54:11,0.06573745974206499,2025-11-18 15:54:11,imputed_job_success
17103759377,windows,pull_request,2025-08-20 17:23:22,0.06573745974206499,2025-11-18 17:23:22,imputed_job_success
17103759377,linux,pull_request,2025-08-20 17:01:08,0.6345239110357527,2025-11-18 17:01:08,imputed_job_success
17103759377,macos,pull_request,2025-08-20 16:50:01,0.07485979037758494,2025-11-18 16:50:01,imputed_job_success
17107661127,linux,pull_request,2025-08-20 19:55:38,0.6345239110357527,2025-11-18 19:55:38,imputed_job_success
17107661127,windows,pull_request,2025-08-20 20:19:29,0.06573745974206499,2025-11-18 20:19:29,imputed_job_success
17107661127,macos,pull_request,2025-08-20 19:40:59,0.07485979037758494,2025-11-18 19:40:59,imputed_job_success
17124264595,windows,pull_request,2025-08-21 11:52:08,0.06573745974206499,2025-11-19 11:52:08,imputed_job_success
17124264595,linux,pull_request,2025-08-21 11:28:39,0.6345239110357527,2025-11-19 11:28:39,imputed_job_success
17124264595,macos,pull_request,2025-08-21 11:34:07,0.07485979037758494,2025-11-19 11:34:07,imputed_job_success
17146137228,linux,push,2025-08-22 05:30:16,0.9134545085951686,2025-11-20 05:30:16,imputed_job_success
17146137228,windows,push,2025-08-22 05:53:44,0.06548246197206409,2025-11-20 05:53:44,imputed_job_success
17146137228,macos,push,2025-08-22 05:22:47,0.07441660823921363,2025-11-20 05:22:47,imputed_job_success
17196879428,linux,pull_request,2025-08-25 02:47:48,0.6345239110357527,2025-11-23 02:47:48,imputed_job_success
17196879428,windows,pull_request,2025-08-25 03:09:10,0.06573745974206499,2025-11-23 03:09:10,imputed_job_success
17196879428,macos,pull_request,2025-08-25 02:46:03,0.07485979037758494,2025-11-23 02:46:03,imputed_job_success
17223710847,linux,push,2025-08-26 00:49:01,0.9134545085951686,2025-11-24 00:49:01,imputed_job_success
17223710847,macos,push,2025-08-26 00:55:16,0.07441660823921363,2025-11-24 00:55:16,imputed_job_success
17223710847,windows,push,2025-08-26 01:10:50,0.06548246197206409,2025-11-24 01:10:50,imputed_job_success
17270376551,linux,pull_request,2025-08-27 15:53:34,0.6345239110357527,2025-11-25 15:53:34,imputed_job_success
17270376551,macos,pull_request,2025-08-27 16:00:32,0.07485979037758494,2025-11-25 16:00:32,imputed_job_success
17270376551,windows,pull_request,2025-08-27 16:17:20,0.06573745974206499,2025-11-25 16:17:20,imputed_job_success
17298044066,linux,pull_request,2025-08-28 14:55:19,0.6345239110357527,2025-11-26 14:55:19,imputed_job_success
17298044066,windows,pull_request,2025-08-28 15:16:47,0.06573745974206499,2025-11-26 15:16:47,imputed_job_success
17298044066,macos,pull_request,2025-08-28 15:04:33,0.07485979037758494,2025-11-26 15:04:33,imputed_job_success
17298276692,linux,pull_request,2025-08-28 15:05:11,0.6345239110357527,2025-11-26 15:05:11,imputed_job_success
17298276692,windows,pull_request,2025-08-28 15:25:32,0.06573745974206499,2025-11-26 15:25:32,imputed_job_success
17298276692,macos,pull_request,2025-08-28 15:08:36,0.07485979037758494,2025-11-26 15:08:36,imputed_job_success
17305447960,macos,pull_request,2025-08-28 20:05:44,0.07485979037758494,2025-11-26 20:05:44,imputed_job_success
17305447960,linux,pull_request,2025-08-28 20:05:25,0.6345239110357527,2025-11-26 20:05:25,imputed_job_success
17305447960,windows,pull_request,2025-08-28 20:28:46,0.06573745974206499,2025-11-26 20:28:46,imputed_job_success
17317454197,macos,pull_request,2025-08-29 08:29:38,0.07485979037758494,2025-11-27 08:29:38,imputed_job_success
17317454197,linux,pull_request,2025-08-29 08:20:22,0.6345239110357527,2025-11-27 08:20:22,imputed_job_success
17317454197,windows,pull_request,2025-08-29 08:42:02,0.06573745974206499,2025-11-27 08:42:02,imputed_job_success
17317548482,linux,pull_request,2025-08-29 08:24:57,0.6345239110357527,2025-11-27 08:24:57,imputed_job_success
17317548482,macos,pull_request,2025-08-29 08:29:59,0.07485979037758494,2025-11-27 08:29:59,imputed_job_success
17317548482,windows,pull_request,2025-08-29 08:46:59,0.06573745974206499,2025-11-27 08:46:59,imputed_job_success
17397648617,linux,pull_request,2025-09-02 09:21:08,0.6345239110357527,2025-12-01 09:21:08,imputed_job_success
17397648617,macos,pull_request,2025-09-02 09:20:29,0.07485979037758494,2025-12-01 09:20:29,imputed_job_success
17397648617,windows,pull_request,2025-09-02 09:43:23,0.06573745974206499,2025-12-01 09:43:23,imputed_job_success
17424671765,linux,pull_request,2025-09-03 07:09:21,0.6345239110357527,2025-12-02 07:09:21,imputed_job_success
17424671765,windows,pull_request,2025-09-03 07:32:43,0.06573745974206499,2025-12-02 07:32:43,imputed_job_success
17434855785,linux,pull_request,2025-09-03 14:22:34,0.6345239110357527,2025-12-02 14:22:34,imputed_job_success
17434855785,windows,pull_request,2025-09-03 14:45:55,0.06573745974206499,2025-12-02 14:45:55,imputed_job_success
17434855785,macos,pull_request,2025-09-03 14:19:56,0.07485979037758494,2025-12-02 14:19:56,imputed_job_success
17436273644,linux,pull_request,2025-09-03 15:19:54,0.6345239110357527,2025-12-02 15:19:54,imputed_job_success
17436273644,windows,pull_request,2025-09-03 15:35:16,0.06573745974206499,2025-12-02 15:35:16,imputed_job_success
17436273644,macos,pull_request,2025-09-03 15:15:24,0.07485979037758494,2025-12-02 15:15:24,imputed_job_success
17485377769,linux,pull_request,2025-09-05 07:18:26,0.6345239110357527,2025-12-04 07:18:26,imputed_job_success
17485377769,macos,pull_request,2025-09-05 07:01:24,0.07485979037758494,2025-12-04 07:01:24,imputed_job_success
17485377769,windows,pull_request,2025-09-05 07:41:30,0.06573745974206499,2025-12-04 07:41:30,imputed_job_success
17503805410,linux,pull_request,2025-09-05 21:31:37,0.6345239110357527,2025-12-04 21:31:37,imputed_job_success
17503805410,macos,pull_request,2025-09-05 21:33:13,0.07485979037758494,2025-12-04 21:33:13,imputed_job_success
17503805410,windows,pull_request,2025-09-05 21:52:41,0.06573745974206499,2025-12-04 21:52:41,imputed_job_success
17510445075,linux,push,2025-09-06 06:15:09,0.9134545085951686,2025-12-05 06:15:09,imputed_job_success
17510445075,macos,push,2025-09-06 06:17:06,0.07441660823921363,2025-12-05 06:17:06,imputed_job_success
17510445075,windows,push,2025-09-06 06:40:10,0.06548246197206409,2025-12-05 06:40:10,imputed_job_success
17556314062,linux,pull_request,2025-09-08 16:42:05,0.6345239110357527,2025-12-07 16:42:05,imputed_job_success
17556314062,macos,pull_request,2025-09-08 16:23:03,0.07485979037758494,2025-12-07 16:23:03,imputed_job_success
17623338634,windows,pull_request,2025-09-10 19:54:10,0.06573745974206499,2025-12-09 19:54:10,imputed_job_success
17623338634,linux,pull_request,2025-09-10 19:31:49,0.6345239110357527,2025-12-09 19:31:49,imputed_job_success
17623338634,macos,pull_request,2025-09-10 19:41:07,0.07485979037758494,2025-12-09 19:41:07,imputed_job_success
17654219738,windows,pull_request,2025-09-11 20:11:11,0.06573745974206499,2025-12-10 20:11:11,imputed_job_success
17654219738,linux,pull_request,2025-09-11 19:47:15,0.6345239110357527,2025-12-10 19:47:15,imputed_job_success
17654219738,macos,pull_request,2025-09-11 19:51:16,0.07485979037758494,2025-12-10 19:51:16,imputed_job_success
17654256649,linux,pull_request,2025-09-11 19:48:35,0.6345239110357527,2025-12-10 19:48:35,imputed_job_success
17654256649,windows,pull_request,2025-09-11 20:11:30,0.06573745974206499,2025-12-10 20:11:30,imputed_job_success
17654256649,macos,pull_request,2025-09-11 19:52:00,0.07485979037758494,2025-12-10 19:52:00,imputed_job_success
17683764351,linux,push,2025-09-12 20:11:24,0.9134545085951686,2025-12-11 20:11:24,imputed_job_success
17683764351,windows,push,2025-09-12 20:34:58,0.06548246197206409,2025-12-11 20:34:58,imputed_job_success
17727990865,macos,pull_request,2025-09-15 10:00:40,0.07485979037758494,2025-12-14 10:00:40,imputed_job_success
17727990865,linux,pull_request,2025-09-15 10:12:57,0.6345239110357527,2025-12-14 10:12:57,imputed_job_success
17728506030,macos,pull_request,2025-09-15 10:28:38,0.07485979037758494,2025-12-14 10:28:38,imputed_job_success
17728506030,linux,pull_request,2025-09-15 10:32:49,0.6345239110357527,2025-12-14 10:32:49,imputed_job_success
17728506030,windows,pull_request,2025-09-15 10:54:09,0.06573745974206499,2025-12-14 10:54:09,imputed_job_success
17766180959,windows,pull_request,2025-09-16 14:07:41,0.06573745974206499,2025-12-15 14:07:41,imputed_job_success
17766180959,linux,pull_request,2025-09-16 13:45:29,0.6345239110357527,2025-12-15 13:45:29,imputed_job_success
17766180959,macos,pull_request,2025-09-16 13:40:22,0.07485979037758494,2025-12-15 13:40:22,imputed_job_success
17766974994,macos,pull_request,2025-09-16 14:09:14,0.07485979037758494,2025-12-15 14:09:14,imputed_job_success
17766974994,linux,pull_request,2025-09-16 14:15:25,0.6345239110357527,2025-12-15 14:15:25,imputed_job_success
17766974994,windows,pull_request,2025-09-16 14:36:35,0.06573745974206499,2025-12-15 14:36:35,imputed_job_success
17806265342,linux,pull_request,2025-09-17 18:55:24,0.6345239110357527,2025-12-16 18:55:24,imputed_job_success
17806265342,macos,pull_request,2025-09-17 18:58:43,0.07485979037758494,2025-12-16 18:58:43,imputed_job_success
17806265342,windows,pull_request,2025-09-17 19:18:44,0.06573745974206499,2025-12-16 19:18:44,imputed_job_success
17865827998,linux,push,2025-09-19 18:47:47,0.9134545085951686,2025-12-18 18:47:47,imputed_job_success
17865827998,macos,push,2025-09-19 18:44:13,0.07441660823921363,2025-12-18 18:44:13,imputed_job_success
17865827998,windows,push,2025-09-19 19:11:11,0.06548246197206409,2025-12-18 19:11:11,imputed_job_success
17986278236,linux,pull_request,2025-09-24 19:41:22,0.6345239110357527,2025-12-23 19:41:22,imputed_job_success
17986278236,windows,pull_request,2025-09-24 20:05:39,0.06573745974206499,2025-12-23 20:05:39,imputed_job_success
17986295830,linux,pull_request,2025-09-24 19:40:37,0.6345239110357527,2025-12-23 19:40:37,imputed_job_success
17986295830,windows,pull_request,2025-09-24 20:03:32,0.06573745974206499,2025-12-23 20:03:32,imputed_job_success
18036736748,macos,pull_request,2025-09-26 13:18:39,0.07485979037758494,2025-12-25 13:18:39,imputed_job_success
18036736748,windows,pull_request,2025-09-26 13:07:19,0.06573745974206499,2025-12-25 13:07:19,imputed_job_success
18036736748,linux,pull_request,2025-09-26 12:42:18,0.6345239110357527,2025-12-25 12:42:18,imputed_job_success
18054892733,linux,pull_request,2025-09-27 05:14:33,0.6345239110357527,2025-12-26 05:14:33,imputed_job_success
18054892733,macos,pull_request,2025-09-27 05:03:35,0.07485979037758494,2025-12-26 05:03:35,imputed_job_success
18054892733,windows,pull_request,2025-09-27 05:36:56,0.06573745974206499,2025-12-26 05:36:56,imputed_job_success
18054972530,windows,pull_request,2025-09-27 05:43:49,0.06573745974206499,2025-12-26 05:43:49,imputed_job_success
18054972530,linux,pull_request,2025-09-27 05:19:53,0.6345239110357527,2025-12-26 05:19:53,imputed_job_success
18055094115,windows,pull_request,2025-09-27 05:56:03,0.06573745974206499,2025-12-26 05:56:03,imputed_job_success
18055094115,linux,pull_request,2025-09-27 05:34:03,0.6345239110357527,2025-12-26 05:34:03,imputed_job_success
18055094115,macos,pull_request,2025-09-27 05:38:27,0.07485979037758494,2025-12-26 05:38:27,imputed_job_success
18083529252,linux,pull_request,2025-09-29 03:06:48,0.6345239110357527,2025-12-28 03:06:48,imputed_job_success
18083529252,windows,pull_request,2025-09-29 03:29:22,0.06573745974206499,2025-12-28 03:29:22,imputed_job_success
18083529252,macos,pull_request,2025-09-29 03:02:27,0.07485979037758494,2025-12-28 03:02:27,imputed_job_success
18083639703,windows,pull_request,2025-09-29 03:37:43,0.06573745974206499,2025-12-28 03:37:43,imputed_job_success
18083639703,macos,pull_request,2025-09-29 02:58:39,0.07485979037758494,2025-12-28 02:58:39,imputed_job_success
18083639703,linux,pull_request,2025-09-29 03:14:03,0.6345239110357527,2025-12-28 03:14:03,imputed_job_success
18104797696,macos,pull_request,2025-09-29 17:59:56,0.07485979037758494,2025-12-28 17:59:56,imputed_job_success
18104797696,linux,pull_request,2025-09-29 18:07:32,0.6345239110357527,2025-12-28 18:07:32,imputed_job_success
18104797696,windows,pull_request,2025-09-29 18:27:58,0.06573745974206499,2025-12-28 18:27:58,imputed_job_success
18113154460,windows,push,2025-09-30 00:26:02,0.06548246197206409,2025-12-29 00:26:02,imputed_job_success
18113154460,linux,push,2025-09-30 00:02:22,0.9134545085951686,2025-12-29 00:02:22,imputed_job_success
18113154460,macos,push,2025-09-30 00:07:18,0.07441660823921363,2025-12-29 00:07:18,imputed_job_success
18161831739,macos,pull_request,2025-10-01 13:31:19,0.07485979037758494,2025-12-30 13:31:19,imputed_job_success
18161831739,linux,pull_request,2025-10-01 13:19:24,0.6345239110357527,2025-12-30 13:19:24,imputed_job_success
18161831739,windows,pull_request,2025-10-01 13:41:43,0.06573745974206499,2025-12-30 13:41:43,imputed_job_success
18192173550,linux,pull_request,2025-10-02 12:54:23,0.6345239110357527,2025-12-31 12:54:23,imputed_job_success
18192173550,macos,pull_request,2025-10-02 13:02:26,0.07485979037758494,2025-12-31 13:02:26,imputed_job_success
18192173550,windows,pull_request,2025-10-02 13:13:44,0.06573745974206499,2025-12-31 13:13:44,imputed_job_success
18206456522,linux,pull_request,2025-10-02 22:44:17,0.6345239110357527,2025-12-31 22:44:17,imputed_job_success
18206456522,macos,pull_request,2025-10-02 22:38:13,0.07485979037758494,2025-12-31 22:38:13,imputed_job_success
18206456522,windows,pull_request,2025-10-02 23:06:27,0.06573745974206499,2025-12-31 23:06:27,imputed_job_success
18234161944,linux,push,2025-10-03 22:20:15,0.9134545085951686,2026-01-01 22:20:15,imputed_job_success
18234161944,macos,push,2025-10-03 22:13:01,0.07441660823921363,2026-01-01 22:13:01,imputed_job_success
18234161944,windows,push,2025-10-03 22:47:14,0.06548246197206409,2026-01-01 22:47:14,imputed_job_success
18238511048,windows,pull_request,2025-10-04 04:05:17,0.06573745974206499,2026-01-02 04:05:17,imputed_job_success
18238511048,macos,pull_request,2025-10-04 03:34:44,0.07485979037758494,2026-01-02 03:34:44,imputed_job_success
18238511048,linux,pull_request,2025-10-04 03:43:22,0.6345239110357527,2026-01-02 03:43:22,imputed_job_success
18306434146,linux,pull_request,2025-10-07 09:13:20,0.6345239110357527,2026-01-05 09:13:20,imputed_job_success
18306434146,windows,pull_request,2025-10-07 09:37:19,0.06573745974206499,2026-01-05 09:37:19,imputed_job_success
18306676854,linux,pull_request,2025-10-07 09:22:13,0.6345239110357527,2026-01-05 09:22:13,imputed_job_success
18306676854,windows,pull_request,2025-10-07 09:44:54,0.06573745974206499,2026-01-05 09:44:54,imputed_job_success
18306676854,macos,pull_request,2025-10-07 09:26:35,0.07485979037758494,2026-01-05 09:26:35,imputed_job_success
18306712448,windows,pull_request,2025-10-07 09:47:11,0.06573745974206499,2026-01-05 09:47:11,imputed_job_success
18306712448,macos,pull_request,2025-10-07 09:24:12,0.07485979037758494,2026-01-05 09:24:12,imputed_job_success
18306712448,linux,pull_request,2025-10-07 09:24:37,0.6345239110357527,2026-01-05 09:24:37,imputed_job_success
18315503581,macos,pull_request,2025-10-07 15:10:12,0.07485979037758494,2026-01-05 15:10:12,imputed_job_success
18315503581,windows,pull_request,2025-10-07 15:31:18,0.06573745974206499,2026-01-05 15:31:18,imputed_job_success
18323757540,linux,pull_request,2025-10-07 20:20:40,0.6345239110357527,2026-01-05 20:20:40,imputed_job_success
18323757540,macos,pull_request,2025-10-07 20:27:46,0.07485979037758494,2026-01-05 20:27:46,imputed_job_success
18323757540,windows,pull_request,2025-10-07 20:42:05,0.06573745974206499,2026-01-05 20:42:05,imputed_job_success
18328677269,macos,pull_request,2025-10-08 00:06:20,0.07485979037758494,2026-01-06 00:06:20,imputed_job_success
18328677269,linux,pull_request,2025-10-08 00:08:59,0.6345239110357527,2026-01-06 00:08:59,imputed_job_success
18328677269,windows,pull_request,2025-10-08 00:32:42,0.06573745974206499,2026-01-06 00:32:42,imputed_job_success
18350689289,macos,push,2025-10-08 17:05:10,0.07441660823921363,2026-01-06 17:05:10,imputed_job_success
18350689289,linux,push,2025-10-08 16:57:27,0.9134545085951686,2026-01-06 16:57:27,imputed_job_success
18350689289,windows,push,2025-10-08 17:16:11,0.06548246197206409,2026-01-06 17:16:11,imputed_job_success
18390511555,macos,pull_request,2025-10-09 23:13:06,0.07485979037758494,2026-01-07 23:13:06,imputed_job_success
18390511555,linux,pull_request,2025-10-09 23:09:54,0.6345239110357527,2026-01-07 23:09:54,imputed_job_success
18390511555,windows,pull_request,2025-10-09 23:32:38,0.06573745974206499,2026-01-07 23:32:38,imputed_job_success
18390639611,linux,pull_request,2025-10-09 23:15:28,0.6345239110357527,2026-01-07 23:15:28,imputed_job_success
18390639611,windows,pull_request,2025-10-09 23:39:07,0.06573745974206499,2026-01-07 23:39:07,imputed_job_success
18390639611,macos,pull_request,2025-10-09 23:29:14,0.07485979037758494,2026-01-07 23:29:14,imputed_job_success
18415704208,linux,pull_request,2025-10-10 19:53:05,0.6345239110357527,2026-01-08 19:53:05,imputed_job_success
18415704208,macos,pull_request,2025-10-10 19:58:17,0.07485979037758494,2026-01-08 19:58:17,imputed_job_success
18415704208,windows,pull_request,2025-10-10 20:17:56,0.06573745974206499,2026-01-08 20:17:56,imputed_job_success
18419192132,macos,push,2025-10-10 22:49:45,0.07441660823921363,2026-01-08 22:49:45,imputed_job_success
18419192132,linux,push,2025-10-10 22:45:16,0.9134545085951686,2026-01-08 22:45:16,imputed_job_success
18419192132,windows,push,2025-10-10 23:07:52,0.06548246197206409,2026-01-08 23:07:52,imputed_job_success
18479267153,linux,pull_request,2025-10-13 22:58:20,0.6345239110357527,2026-01-11 22:58:20,imputed_job_success
18479267153,macos,pull_request,2025-10-13 22:56:47,0.07485979037758494,2026-01-11 22:56:47,imputed_job_success
18479267153,windows,pull_request,2025-10-13 23:21:42,0.06573745974206499,2026-01-11 23:21:42,imputed_job_success
18507401525,linux,pull_request,2025-10-14 20:09:27,0.6345239110357527,2026-01-12 20:09:27,imputed_job_success
18507401525,windows,pull_request,2025-10-14 20:31:11,0.06573745974206499,2026-01-12 20:31:11,imputed_job_success
18507401525,macos,pull_request,2025-10-14 20:14:40,0.07485979037758494,2026-01-12 20:14:40,imputed_job_success
18490284393,linux,pull_request,2025-10-15 00:47:33,0.6345239110357527,2026-01-13 00:47:33,imputed_job_success
18490284393,macos,pull_request,2025-10-15 01:01:03,0.07485979037758494,2026-01-13 01:01:03,imputed_job_success
18490284393,windows,pull_request,2025-10-15 01:11:50,0.06573745974206499,2026-01-13 01:11:50,imputed_job_success
18513410712,linux,pull_request,2025-10-15 00:58:22,0.6345239110357527,2026-01-13 00:58:22,imputed_job_success
18513410712,macos,pull_request,2025-10-15 01:04:56,0.07485979037758494,2026-01-13 01:04:56,imputed_job_success
18513410712,windows,pull_request,2025-10-15 01:17:08,0.06573745974206499,2026-01-13 01:17:08,imputed_job_success
18513505900,linux,pull_request,2025-10-15 01:04:51,0.6345239110357527,2026-01-13 01:04:51,imputed_job_success
18513505900,macos,pull_request,2025-10-15 01:04:15,0.07485979037758494,2026-01-13 01:04:15,imputed_job_success
18513505900,windows,pull_request,2025-10-15 01:32:36,0.06573745974206499,2026-01-13 01:32:36,imputed_job_success
18516944514,linux,pull_request,2025-10-15 04:36:03,0.6345239110357527,2026-01-13 04:36:03,imputed_job_success
18516944514,macos,pull_request,2025-10-15 04:33:24,0.07485979037758494,2026-01-13 04:33:24,imputed_job_success
18516944514,windows,pull_request,2025-10-15 04:54:44,0.06573745974206499,2026-01-13 04:54:44,imputed_job_success
18517002893,linux,pull_request,2025-10-15 04:36:14,0.6345239110357527,2026-01-13 04:36:14,imputed_job_success
18517002893,windows,pull_request,2025-10-15 04:57:52,0.06573745974206499,2026-01-13 04:57:52,imputed_job_success
18517002893,macos,pull_request,2025-10-15 04:38:36,0.07485979037758494,2026-01-13 04:38:36,imputed_job_success
18518179232,linux,pull_request,2025-10-15 05:49:00,0.6345239110357527,2026-01-13 05:49:00,imputed_job_success
18518179232,macos,pull_request,2025-10-15 05:53:37,0.07485979037758494,2026-01-13 05:53:37,imputed_job_success
18518179232,windows,pull_request,2025-10-15 06:06:06,0.06573745974206499,2026-01-13 06:06:06,imputed_job_success
18540195154,linux,pull_request,2025-10-15 20:22:49,0.6345239110357527,2026-01-13 20:22:49,imputed_job_success
18540195154,macos,pull_request,2025-10-15 20:16:04,0.07485979037758494,2026-01-13 20:16:04,imputed_job_success
18549117147,macos,pull_request,2025-10-16 04:09:37,0.07485979037758494,2026-01-14 04:09:37,imputed_job_success
18549117147,linux,pull_request,2025-10-16 04:10:25,0.6345239110357527,2026-01-14 04:10:25,imputed_job_success
18549117147,windows,pull_request,2025-10-16 04:35:54,0.06573745974206499,2026-01-14 04:35:54,imputed_job_success
18597955601,windows,push,2025-10-17 17:12:47,0.06548246197206409,2026-01-15 17:12:47,imputed_job_success
18597955601,linux,push,2025-10-17 16:48:57,0.9134545085951686,2026-01-15 16:48:57,imputed_job_success
18597955601,macos,push,2025-10-17 17:03:06,0.07441660823921363,2026-01-15 17:03:06,imputed_job_success
18697351913,linux,pull_request,2025-10-21 21:50:40,0.6345239110357527,2026-01-19 21:50:40,imputed_job_success
18697351913,windows,pull_request,2025-10-21 22:16:02,0.06573745974206499,2026-01-19 22:16:02,imputed_job_success
18697351913,macos,pull_request,2025-10-21 22:06:47,0.07485979037758494,2026-01-19 22:06:47,imputed_job_success
18700093644,macos,pull_request,2025-10-21 23:54:53,0.07485979037758494,2026-01-19 23:54:53,imputed_job_success
18700093644,linux,pull_request,2025-10-22 00:01:18,0.6345239110357527,2026-01-20 00:01:18,imputed_job_success
18700093644,windows,pull_request,2025-10-22 00:25:46,0.06573745974206499,2026-01-20 00:25:46,imputed_job_success
18785377530,windows,pull_request,2025-10-24 17:28:26,0.06573745974206499,2026-01-22 17:28:26,imputed_job_success
18785377530,linux,pull_request,2025-10-24 17:04:19,0.6345239110357527,2026-01-22 17:04:19,imputed_job_success
18785722845,linux,push,2025-10-24 17:19:08,0.9134545085951686,2026-01-22 17:19:08,imputed_job_success
18785722845,windows,push,2025-10-24 17:37:58,0.06548246197206409,2026-01-22 17:37:58,imputed_job_success
18785722845,macos,push,2025-10-24 17:26:26,0.07441660823921363,2026-01-22 17:26:26,imputed_job_success
18788974324,linux,push,2025-10-24 19:39:16,0.9134545085951686,2026-01-22 19:39:16,imputed_job_success
18788974324,windows,push,2025-10-24 20:02:59,0.06548246197206409,2026-01-22 20:02:59,imputed_job_success
18791650083,linux,pull_request,2025-10-24 21:39:03,0.6345239110357527,2026-01-22 21:39:03,imputed_job_success
18791650083,windows,pull_request,2025-10-24 22:02:14,0.06573745974206499,2026-01-22 22:02:14,imputed_job_success
18791650083,macos,pull_request,2025-10-24 21:36:01,0.07485979037758494,2026-01-22 21:36:01,imputed_job_success
18788974324,macos,push,2025-10-24 21:59:28,0.07441660823921363,2026-01-22 21:59:28,imputed_job_success
18799092918,macos,push,2025-10-25 06:50:09,0.07441660823921363,2026-01-23 06:50:09,imputed_job_success
18799092918,linux,push,2025-10-25 06:56:37,0.9134545085951686,2026-01-23 06:56:37,imputed_job_success
18799092918,windows,push,2025-10-25 07:20:19,0.06548246197206409,2026-01-23 07:20:19,imputed_job_success
18857006842,linux,pull_request,2025-10-27 22:51:18,0.6345239110357527,2026-01-25 22:51:18,imputed_job_success
18857006842,macos,pull_request,2025-10-27 22:55:28,0.07485979037758494,2026-01-25 22:55:28,imputed_job_success
18886016410,windows,pull_request,2025-10-28 20:18:25,0.06573745974206499,2026-01-26 20:18:25,imputed_job_success
18886016410,linux,pull_request,2025-10-28 19:52:12,0.6345239110357527,2026-01-26 19:52:12,imputed_job_success
18886016410,macos,pull_request,2025-10-28 19:38:48,0.07485979037758494,2026-01-26 19:38:48,imputed_job_success
18960381305,windows,pull_request,2025-10-31 03:15:26,0.06573745974206499,2026-01-29 03:15:26,imputed_job_success
18960381305,linux,pull_request,2025-10-31 02:56:49,0.6345239110357527,2026-01-29 02:56:49,imputed_job_success
18960381305,macos,pull_request,2025-10-31 02:42:21,0.07485979037758494,2026-01-29 02:42:21,imputed_job_success
19047933271,linux,pull_request,2025-11-03 21:09:15,0.6345239110357527,2026-02-01 21:09:15,imputed_job_success
19047933271,windows,pull_request,2025-11-03 21:31:44,0.06573745974206499,2026-02-01 21:31:44,imputed_job_success
19047933271,macos,pull_request,2025-11-03 21:11:42,0.07485979037758494,2026-02-01 21:11:42,imputed_job_success
19078351572,macos,pull_request,2025-11-04 19:15:12,0.07485979037758494,2026-02-02 19:15:12,imputed_job_success
19078351572,windows,pull_request,2025-11-04 19:26:14,0.06573745974206499,2026-02-02 19:26:14,imputed_job_success
19078351572,linux,pull_request,2025-11-04 19:03:21,0.6345239110357527,2026-02-02 19:03:21,imputed_job_success
19111361442,linux,push,2025-11-05 18:52:19,0.9134545085951686,2026-02-03 18:52:19,imputed_job_success
19111361442,macos,push,2025-11-05 18:59:54,0.07441660823921363,2026-02-03 18:59:54,imputed_job_success
19111361442,windows,push,2025-11-05 19:15:19,0.06548246197206409,2026-02-03 19:15:19,imputed_job_success
19264543594,linux,pull_request,2025-11-11 12:40:17,0.6345239110357527,2026-02-09 12:40:17,imputed_job_success
19264543594,macos,pull_request,2025-11-11 12:23:09,0.07485979037758494,2026-02-09 12:23:09,imputed_job_success
19264543594,windows,pull_request,2025-11-11 13:05:50,0.06573745974206499,2026-02-09 13:05:50,imputed_job_success
19278564763,macos,push,2025-11-11 22:05:50,0.07441660823921363,2026-02-09 22:05:50,imputed_job_success
19278564763,windows,push,2025-11-11 22:28:51,0.06548246197206409,2026-02-09 22:28:51,imputed_job_success
19278564763,linux,push,2025-11-11 22:05:55,0.9134545085951686,2026-02-09 22:05:55,imputed_job_success
19520571574,linux,push,2025-11-20 01:11:12,0.9134545085951686,2026-02-18 01:11:12,imputed_job_success
19520571574,macos,push,2025-11-20 01:09:32,0.07441660823921363,2026-02-18 01:09:32,imputed_job_success
19520571574,windows,push,2025-11-20 01:38:07,0.06548246197206409,2026-02-18 01:38:07,imputed_job_success
19546538493,linux,pull_request,2025-11-20 18:59:34,0.6345239110357527,2026-02-18 18:59:34,imputed_job_success
19546538493,windows,pull_request,2025-11-20 19:26:58,0.06573745974206499,2026-02-18 19:26:58,imputed_job_success
19546538493,macos,pull_request,2025-11-20 19:06:46,0.07485979037758494,2026-02-18 19:06:46,imputed_job_success
19671556205,linux,pull_request,2025-11-25 14:40:12,0.6345239110357527,2026-02-23 14:40:12,imputed_job_success
19671556205,macos,pull_request,2025-11-25 14:48:53,0.07485979037758494,2026-02-23 14:48:53,imputed_job_success
19671556205,windows,pull_request,2025-11-25 15:04:45,0.06573745974206499,2026-02-23 15:04:45,imputed_job_success
19713194276,linux,push,2025-11-26 18:59:11,0.9134545085951686,2026-02-24 18:59:11,imputed_job_success
19713194276,windows,push,2025-11-26 19:32:11,0.06548246197206409,2026-02-24 19:32:11,imputed_job_success
19716062432,macos,pull_request,2025-11-26 21:08:31,0.07485979037758494,2026-02-24 21:08:31,imputed_job_success
19716062432,windows,pull_request,2025-11-26 21:36:06,0.06573745974206499,2026-02-24 21:36:06,imputed_job_success
19716062432,linux,pull_request,2025-11-26 21:01:06,0.6345239110357527,2026-02-24 21:01:06,imputed_job_success
19713194276,macos,push,2025-11-26 21:32:06,0.07441660823921363,2026-02-24 21:32:06,imputed_job_success
19862830216,linux,pull_request,2025-12-02 15:49:13,0.6345239110357527,2026-03-02 15:49:13,imputed_job_success
19862830216,windows,pull_request,2025-12-02 16:22:58,0.06573745974206499,2026-03-02 16:22:58,imputed_job_success
19872096447,linux,pull_request,2025-12-02 21:07:38,0.6345239110357527,2026-03-02 21:07:38,imputed_job_success
19872096447,windows,pull_request,2025-12-02 21:42:15,0.06573745974206499,2026-03-02 21:42:15,imputed_job_success
19878242104,linux,pull_request,2025-12-03 01:33:11,0.6345239110357527,2026-03-03 01:33:11,imputed_job_success
19878242104,windows,pull_request,2025-12-03 02:07:06,0.06573745974206499,2026-03-03 02:07:06,imputed_job_success
19878242104,macos,pull_request,2025-12-03 01:30:57,0.07485979037758494,2026-03-03 01:30:57,imputed_job_success
19903592434,windows,pull_request,2025-12-03 19:21:21,0.06573745974206499,2026-03-03 19:21:21,imputed_job_success
19903592434,macos,pull_request,2025-12-03 19:07:41,0.07485979037758494,2026-03-03 19:07:41,imputed_job_success
19903592434,linux,pull_request,2025-12-03 18:47:46,0.6345239110357527,2026-03-03 18:47:46,imputed_job_success
19904117195,macos,pull_request,2025-12-03 18:53:01,0.07485979037758494,2026-03-03 18:53:01,imputed_job_success
19904117195,linux,pull_request,2025-12-03 19:08:05,0.6345239110357527,2026-03-03 19:08:05,imputed_job_success
19904117195,windows,pull_request,2025-12-03 19:40:25,0.06573745974206499,2026-03-03 19:40:25,imputed_job_success
19904539922,windows,pull_request,2025-12-03 19:55:41,0.06573745974206499,2026-03-03 19:55:41,imputed_job_success
19904539922,linux,pull_request,2025-12-03 19:23:21,0.6345239110357527,2026-03-03 19:23:21,imputed_job_success
19904539922,macos,pull_request,2025-12-03 19:13:17,0.07485979037758494,2026-03-03 19:13:17,imputed_job_success
19931715434,linux,pull_request,2025-12-04 15:00:20,0.6345239110357527,2026-03-04 15:00:20,imputed_job_success
19931715434,windows,pull_request,2025-12-04 15:30:25,0.06573745974206499,2026-03-04 15:30:25,imputed_job_success
19931715434,macos,pull_request,2025-12-04 15:06:49,0.07485979037758494,2026-03-04 15:06:49,imputed_job_success
19974423224,linux,pull_request,2025-12-05 20:54:47,0.6345239110357527,2026-03-05 20:54:47,imputed_job_success
19974423224,macos,pull_request,2025-12-05 21:00:33,0.07485979037758494,2026-03-05 21:00:33,imputed_job_success
19974423224,windows,pull_request,2025-12-05 21:25:30,0.06573745974206499,2026-03-05 21:25:30,imputed_job_success
19979287704,linux,push,2025-12-06 00:46:22,0.9134545085951686,2026-03-06 00:46:22,imputed_job_success
19979287704,windows,push,2025-12-06 01:19:33,0.06548246197206409,2026-03-06 01:19:33,imputed_job_success
19979287704,macos,push,2025-12-06 00:42:20,0.07441660823921363,2026-03-06 00:42:20,imputed_job_success
20047087464,linux,pull_request,2025-12-09 01:02:15,0.6345239110357527,2026-03-09 01:02:15,imputed_job_success
20047087464,windows,pull_request,2025-12-09 01:36:30,0.06573745974206499,2026-03-09 01:36:30,imputed_job_success
20047087464,macos,pull_request,2025-12-09 01:18:45,0.07485979037758494,2026-03-09 01:18:45,imputed_job_success
20133671807,linux,pull_request,2025-12-11 13:46:20,0.6345239110357527,2026-03-11 13:46:20,imputed_job_success
20133671807,windows,pull_request,2025-12-11 14:18:46,0.06573745974206499,2026-03-11 14:18:46,imputed_job_success
20133671807,macos,pull_request,2025-12-11 13:36:46,0.07485979037758494,2026-03-11 13:36:46,imputed_job_success
20133701621,linux,pull_request,2025-12-11 13:46:57,0.6345239110357527,2026-03-11 13:46:57,imputed_job_success
20133701621,windows,pull_request,2025-12-11 14:20:59,0.06573745974206499,2026-03-11 14:20:59,imputed_job_success
20133701621,macos,pull_request,2025-12-11 14:04:37,0.07485979037758494,2026-03-11 14:04:37,imputed_job_success
20133771297,windows,pull_request,2025-12-11 14:17:58,0.06573745974206499,2026-03-11 14:17:58,imputed_job_success
20133771297,linux,pull_request,2025-12-11 13:49:31,0.6345239110357527,2026-03-11 13:49:31,imputed_job_success
20133771297,macos,pull_request,2025-12-11 13:56:12,0.07485979037758494,2026-03-11 13:56:12,imputed_job_success
20149668793,macos,pull_request,2025-12-11 23:24:45,0.07485979037758494,2026-03-11 23:24:45,imputed_job_success
20149668793,linux,pull_request,2025-12-11 23:32:54,0.6345239110357527,2026-03-11 23:32:54,imputed_job_success
20149668793,windows,pull_request,2025-12-12 00:05:26,0.06573745974206499,2026-03-12 00:05:26,imputed_job_success
20151816212,linux,pull_request,2025-12-12 01:15:48,0.6345239110357527,2026-03-12 01:15:48,imputed_job_success
20151816212,macos,pull_request,2025-12-12 01:24:32,0.07485979037758494,2026-03-12 01:24:32,imputed_job_success
20151816212,windows,pull_request,2025-12-12 01:51:00,0.06573745974206499,2026-03-12 01:51:00,imputed_job_success
20152429061,windows,pull_request,2025-12-12 02:20:01,0.06573745974206499,2026-03-12 02:20:01,imputed_job_success
20152429061,linux,pull_request,2025-12-12 01:46:43,0.6345239110357527,2026-03-12 01:46:43,imputed_job_success
20152429061,macos,pull_request,2025-12-12 02:03:43,0.07485979037758494,2026-03-12 02:03:43,imputed_job_success
20153666219,linux,pull_request,2025-12-12 02:51:11,0.6345239110357527,2026-03-12 02:51:11,imputed_job_success
20153666219,windows,pull_request,2025-12-12 03:19:48,0.06573745974206499,2026-03-12 03:19:48,imputed_job_success
20153666219,macos,pull_request,2025-12-12 02:58:53,0.07485979037758494,2026-03-12 02:58:53,imputed_job_success
20177128565,linux,pull_request,2025-12-12 20:04:11,0.6345239110357527,2026-03-12 20:04:11,imputed_job_success
20177128565,windows,pull_request,2025-12-12 20:38:30,0.06573745974206499,2026-03-12 20:38:30,imputed_job_success
20177128565,macos,pull_request,2025-12-12 20:07:10,0.07485979037758494,2026-03-12 20:07:10,imputed_job_success
20177138707,macos,pull_request,2025-12-12 20:11:18,0.07485979037758494,2026-03-12 20:11:18,imputed_job_success
20177138707,linux,pull_request,2025-12-12 20:04:44,0.6345239110357527,2026-03-12 20:04:44,imputed_job_success
20177205497,linux,pull_request,2025-12-12 20:06:15,0.6345239110357527,2026-03-12 20:06:15,imputed_job_success
20177205497,windows,pull_request,2025-12-12 20:39:51,0.06573745974206499,2026-03-12 20:39:51,imputed_job_success
20177205497,macos,pull_request,2025-12-12 20:12:21,0.07485979037758494,2026-03-12 20:12:21,imputed_job_success
20181152467,macos,pull_request,2025-12-12 23:08:31,0.07485979037758494,2026-03-12 23:08:31,imputed_job_success
20181152467,linux,pull_request,2025-12-12 23:01:40,0.6345239110357527,2026-03-12 23:01:40,imputed_job_success
20181702668,linux,pull_request,2025-12-12 23:26:28,0.6345239110357527,2026-03-12 23:26:28,imputed_job_success
20182125297,linux,pull_request,2025-12-12 23:47:02,0.6345239110357527,2026-03-12 23:47:02,imputed_job_success
20182125297,macos,pull_request,2025-12-12 23:59:37,0.07485979037758494,2026-03-12 23:59:37,imputed_job_success
20182125297,windows,pull_request,2025-12-13 00:20:27,0.06573745974206499,2026-03-13 00:20:27,imputed_job_success
20189204403,windows,push,2025-12-13 09:33:22,0.06548246197206409,2026-03-13 09:33:22,imputed_job_success
20189204403,linux,push,2025-12-13 09:01:46,0.9134545085951686,2026-03-13 09:01:46,imputed_job_success
20189204403,macos,push,2025-12-13 17:36:44,0.07441660823921363,2026-03-13 17:36:44,imputed_job_success
20275543949,macos,pull_request,2025-12-16 17:42:15,0.07485979037758494,2026-03-16 17:42:15,imputed_job_success
20275543949,linux,pull_request,2025-12-16 17:35:18,0.6345239110357527,2026-03-16 17:35:18,imputed_job_success
20275543949,windows,pull_request,2025-12-16 18:04:15,0.06573745974206499,2026-03-16 18:04:15,imputed_job_success
20382992025,linux,push,2025-12-19 22:23:52,0.9134545085951686,2026-03-19 22:23:52,imputed_job_success
20382992025,windows,push,2025-12-19 22:55:39,0.06548246197206409,2026-03-19 22:55:39,imputed_job_success
20382992025,macos,push,2025-12-19 22:24:17,0.07441660823921363,2026-03-19 22:24:17,imputed_job_success
20432271243,linux,pull_request,2025-12-22 13:40:51,0.6345239110357527,2026-03-22 13:40:51,imputed_job_success
20432271243,windows,pull_request,2025-12-22 14:14:06,0.06573745974206499,2026-03-22 14:14:06,imputed_job_success
20432271243,macos,pull_request,2025-12-22 13:40:14,0.07485979037758494,2026-03-22 13:40:14,imputed_job_success
20432487818,linux,pull_request,2025-12-22 13:51:21,0.6345239110357527,2026-03-22 13:51:21,imputed_job_success
20432487818,windows,pull_request,2025-12-22 14:22:55,0.06573745974206499,2026-03-22 14:22:55,imputed_job_success
20432853890,linux,pull_request,2025-12-22 14:06:13,0.6345239110357527,2026-03-22 14:06:13,imputed_job_success
20432853890,macos,pull_request,2025-12-22 14:10:29,0.07485979037758494,2026-03-22 14:10:29,imputed_job_success
20432853890,windows,pull_request,2025-12-22 14:38:53,0.06573745974206499,2026-03-22 14:38:53,imputed_job_success
20454537998,macos,pull_request,2025-12-23 08:19:26,0.07485979037758494,2026-03-23 08:19:26,imputed_job_success
20454537998,linux,pull_request,2025-12-23 08:29:50,0.6345239110357527,2026-03-23 08:29:50,imputed_job_success
20454537998,windows,pull_request,2025-12-23 09:02:58,0.06573745974206499,2026-03-23 09:02:58,imputed_job_success
20767135786,windows,pull_request,2026-01-07 02:26:58,0.06573745974206499,2026-04-07 02:26:58,imputed_job_success
20767135786,macos,pull_request,2026-01-07 01:55:03,0.07485979037758494,2026-04-07 01:55:03,imputed_job_success
20767135786,linux,pull_request,2026-01-07 01:58:59,0.6345239110357527,2026-04-07 01:58:59,imputed_job_success
20773070298,linux,pull_request,2026-01-07 07:41:18,0.6345239110357527,2026-04-07 07:41:18,imputed_job_success
20773070298,windows,pull_request,2026-01-07 08:15:40,0.06573745974206499,2026-04-07 08:15:40,imputed_job_success
20773070298,macos,pull_request,2026-01-07 07:33:40,0.07485979037758494,2026-04-07 07:33:40,imputed_job_success
20773202169,linux,pull_request,2026-01-07 07:48:15,0.6345239110357527,2026-04-07 07:48:15,imputed_job_success
20773202169,windows,pull_request,2026-01-07 08:21:19,0.06573745974206499,2026-04-07 08:21:19,imputed_job_success
20773202169,macos,pull_request,2026-01-07 07:52:42,0.07485979037758494,2026-04-07 07:52:42,imputed_job_success
20773207674,macos,pull_request,2026-01-07 07:47:43,0.07485979037758494,2026-04-07 07:47:43,imputed_job_success
20773207674,linux,pull_request,2026-01-07 07:46:53,0.6345239110357527,2026-04-07 07:46:53,imputed_job_success
20773207674,windows,pull_request,2026-01-07 08:20:31,0.06573745974206499,2026-04-07 08:20:31,imputed_job_success
20773217605,linux,pull_request,2026-01-07 07:47:26,0.6345239110357527,2026-04-07 07:47:26,imputed_job_success
20773217605,windows,pull_request,2026-01-07 08:15:22,0.06573745974206499,2026-04-07 08:15:22,imputed_job_success
20773217605,macos,pull_request,2026-01-07 07:47:05,0.07485979037758494,2026-04-07 07:47:05,imputed_job_success
20773346949,linux,pull_request,2026-01-07 07:54:24,0.6345239110357527,2026-04-07 07:54:24,imputed_job_success
20773346949,macos,pull_request,2026-01-07 08:00:30,0.07485979037758494,2026-04-07 08:00:30,imputed_job_success
20773346949,windows,pull_request,2026-01-07 08:29:09,0.06573745974206499,2026-04-07 08:29:09,imputed_job_success
20773439276,windows,pull_request,2026-01-07 08:33:57,0.06573745974206499,2026-04-07 08:33:57,imputed_job_success
20773439276,linux,pull_request,2026-01-07 08:00:40,0.6345239110357527,2026-04-07 08:00:40,imputed_job_success
20773439276,macos,pull_request,2026-01-07 07:57:58,0.07485979037758494,2026-04-07 07:57:58,imputed_job_success
20838061956,linux,pull_request,2026-01-09 02:25:56,0.6345239110357527,2026-04-09 02:25:56,imputed_job_success
20838061956,windows,pull_request,2026-01-09 03:00:29,0.06573745974206499,2026-04-09 03:00:29,imputed_job_success
20838061956,macos,pull_request,2026-01-09 02:33:56,0.07485979037758494,2026-04-09 02:33:56,imputed_job_success
20931076212,linux,push,2026-01-12 19:44:22,0.9134545085951686,2026-04-12 19:44:22,imputed_job_success
20931076212,macos,push,2026-01-12 19:51:53,0.07441660823921363,2026-04-12 19:51:53,imputed_job_success
20931076212,windows,push,2026-01-12 20:15:52,0.06548246197206409,2026-04-12 20:15:52,imputed_job_success
20968267356,windows,pull_request,2026-01-13 20:07:32,0.06573745974206499,2026-04-13 20:07:32,imputed_job_success
20968267356,linux,pull_request,2026-01-13 19:31:08,0.6345239110357527,2026-04-13 19:31:08,imputed_job_success
20968267356,macos,pull_request,2026-01-13 19:52:24,0.07485979037758494,2026-04-13 19:52:24,imputed_job_success
21044522182,linux,pull_request,2026-01-15 20:56:32,0.6345239110357527,2026-04-15 20:56:32,imputed_job_success
21044522182,macos,pull_request,2026-01-15 21:14:13,0.07485979037758494,2026-04-15 21:14:13,imputed_job_success
21044522182,windows,pull_request,2026-01-15 21:31:12,0.06573745974206499,2026-04-15 21:31:12,imputed_job_success
21071035295,macos,pull_request,2026-01-16 16:26:33,0.07485979037758494,2026-04-16 16:26:33,imputed_job_success
21071035295,windows,pull_request,2026-01-16 16:31:47,0.06573745974206499,2026-04-16 16:31:47,imputed_job_success
21071035295,linux,pull_request,2026-01-16 16:04:29,0.6345239110357527,2026-04-16 16:04:29,imputed_job_success
21187857065,linux,push,2026-01-20 22:23:39,0.9134545085951686,2026-04-20 22:23:39,imputed_job_success
21187857065,windows,push,2026-01-20 22:56:49,0.06548246197206409,2026-04-20 22:56:49,imputed_job_success
21187857065,macos,push,2026-01-20 22:34:08,0.07441660823921363,2026-04-20 22:34:08,imputed_job_success
21297717621,linux,pull_request,2026-01-23 19:56:18,0.6345239110357527,2026-04-23 19:56:18,imputed_job_success
21297717621,windows,pull_request,2026-01-23 20:30:26,0.06573745974206499,2026-04-23 20:30:26,imputed_job_success
21297717621,macos,pull_request,2026-01-23 20:05:55,0.07485979037758494,2026-04-23 20:05:55,imputed_job_success
21420248439,macos,pull_request,2026-01-28 01:50:04,0.07485979037758494,2026-04-28 01:50:04,imputed_job_success
21420248439,linux,pull_request,2026-01-28 01:42:11,0.6345239110357527,2026-04-28 01:42:11,imputed_job_success
21420248439,windows,pull_request,2026-01-28 02:17:56,0.06573745974206499,2026-04-28 02:17:56,imputed_job_success
21428866641,linux,pull_request,2026-01-28 08:11:48,0.6345239110357527,2026-04-28 08:11:48,imputed_job_success
21428866641,macos,pull_request,2026-01-28 08:34:08,0.07485979037758494,2026-04-28 08:34:08,imputed_job_success
21428866641,windows,pull_request,2026-01-28 08:39:11,0.06573745974206499,2026-04-28 08:39:11,imputed_job_success
21449784967,macos,push,2026-01-28 19:00:04,0.07441660823921363,2026-04-28 19:00:04,imputed_job_success
21449784967,windows,push,2026-01-28 19:27:45,0.06548246197206409,2026-04-28 19:27:45,imputed_job_success
21449784967,linux,push,2026-01-28 18:58:43,0.9134545085951686,2026-04-28 18:58:43,imputed_job_success
21600581539,linux,push,2026-02-02 18:30:08,0.9134545085951686,2026-05-03 18:30:08,imputed_job_success
21600581539,windows,push,2026-02-02 19:05:58,0.06548246197206409,2026-05-03 19:05:58,imputed_job_success
21658546187,wasm64,pull_request,2026-02-04 04:48:22,0.1818765260830102,2026-05-05 04:48:22,imputed_job_success
21664594891,macos,pull_request,2026-02-04 09:38:41,0.07485979037758494,2026-05-05 09:38:41,imputed_job_success
21664594891,linux,pull_request,2026-02-04 09:41:37,0.6345239110357527,2026-05-05 09:41:37,imputed_job_success
21664594891,windows,pull_request,2026-02-04 10:16:25,0.06573745974206499,2026-05-05 10:16:25,imputed_job_success
21697555095,macos,pull_request,2026-02-05 04:27:16,0.07485979037758494,2026-05-06 04:27:16,imputed_job_success
21697555095,linux,pull_request,2026-02-05 04:22:30,0.6345239110357527,2026-05-06 04:22:30,imputed_job_success
21697555095,windows,pull_request,2026-02-05 04:57:37,0.06573745974206499,2026-05-06 04:57:37,imputed_job_success
21697564668,linux,pull_request,2026-02-05 04:24:29,0.6345239110357527,2026-05-06 04:24:29,imputed_job_success
21697564668,windows,pull_request,2026-02-05 04:58:02,0.06573745974206499,2026-05-06 04:58:02,imputed_job_success
21697564668,macos,pull_request,2026-02-05 04:22:24,0.07485979037758494,2026-05-06 04:22:24,imputed_job_success
21711116399,macos,pull_request,2026-02-05 13:05:52,0.07485979037758494,2026-05-06 13:05:52,imputed_job_success
21711116399,linux,pull_request,2026-02-05 13:14:17,0.6345239110357527,2026-05-06 13:14:17,imputed_job_success
21711116399,windows,pull_request,2026-02-05 13:48:53,0.06573745974206499,2026-05-06 13:48:53,imputed_job_success
21726395678,macos,push,2026-02-05 21:08:20,0.07441660823921363,2026-05-06 21:08:20,imputed_job_success
21726395678,linux,push,2026-02-05 20:57:49,0.9134545085951686,2026-05-06 20:57:49,imputed_job_success
21726395678,windows,push,2026-02-05 21:31:21,0.06548246197206409,2026-05-06 21:31:21,imputed_job_success
21759806492,windows,push,2026-02-06 19:08:32,0.06548246197206409,2026-05-07 19:08:32,imputed_job_success
21759806492,linux,push,2026-02-06 18:28:44,0.9134545085951686,2026-05-07 18:28:44,imputed_job_success
21759806492,macos,push,2026-02-06 18:43:44,0.07441660823921363,2026-05-07 18:43:44,imputed_job_success
21836194728,macos,pull_request,2026-02-09 19:38:53,0.07485979037758494,2026-05-10 19:38:53,imputed_job_success
21836194728,windows,pull_request,2026-02-09 19:53:52,0.06573745974206499,2026-05-10 19:53:52,imputed_job_success
21836194728,linux,pull_request,2026-02-09 19:14:45,0.6345239110357527,2026-05-10 19:14:45,imputed_job_success
21838042494,linux,pull_request,2026-02-09 20:34:57,0.6345239110357527,2026-05-10 20:34:57,imputed_job_success
21838042494,windows,pull_request,2026-02-09 21:15:10,0.06573745974206499,2026-05-10 21:15:10,imputed_job_success
21838042494,macos,pull_request,2026-02-09 21:00:39,0.07485979037758494,2026-05-10 21:00:39,imputed_job_success
21887892800,macos,pull_request,2026-02-11 01:46:27,0.07485979037758494,2026-05-12 01:46:27,imputed_job_success
21887892800,linux,pull_request,2026-02-11 01:30:28,0.6345239110357527,2026-05-12 01:30:28,imputed_job_success
21887892800,windows,pull_request,2026-02-11 02:02:11,0.06573745974206499,2026-05-12 02:02:11,imputed_job_success
21960386336,linux,push,2026-02-12 19:59:44,0.9134545085951686,2026-05-13 19:59:44,imputed_job_success
21960386336,macos,push,2026-02-12 20:06:49,0.07441660823921363,2026-05-13 20:06:49,imputed_job_success
21960386336,windows,push,2026-02-12 20:37:36,0.06548246197206409,2026-05-13 20:37:36,imputed_job_success
22010639519,linux,pull_request,2026-02-14 04:49:42,0.6345239110357527,2026-05-15 04:49:42,imputed_job_success
22010639519,windows,pull_request,2026-02-14 05:24:42,0.06573745974206499,2026-05-15 05:24:42,imputed_job_success
22010639519,macos,pull_request,2026-02-14 05:04:27,0.07485979037758494,2026-05-15 05:04:27,imputed_job_success
22082416934,macos,push,2026-02-17 02:03:42,0.07441660823921363,2026-05-18 02:03:42,imputed_job_success
22082416934,windows,push,2026-02-17 02:34:42,0.06548246197206409,2026-05-18 02:34:42,imputed_job_success
22082416934,linux,push,2026-02-17 02:05:58,0.9134545085951686,2026-05-18 02:05:58,imputed_job_success
22111394636,windows,push,2026-02-17 20:23:38,0.06548246197206409,2026-05-18 20:23:38,imputed_job_success
22111394636,macos,push,2026-02-17 19:59:35,0.07441660823921363,2026-05-18 19:59:35,imputed_job_success
22111394636,linux,push,2026-02-17 19:49:08,0.9134545085951686,2026-05-18 19:49:08,imputed_job_success
22157926096,linux,pull_request,2026-02-18 22:13:08,0.6345239110357527,2026-05-19 22:13:08,imputed_job_success
22157926096,windows,pull_request,2026-02-18 22:48:32,0.06573745974206499,2026-05-19 22:48:32,imputed_job_success
22157926096,macos,pull_request,2026-02-18 22:54:05,0.07485979037758494,2026-05-19 22:54:05,imputed_job_success
22158122780,windows,pull_request,2026-02-18 22:46:44,0.06573745974206499,2026-05-19 22:46:44,imputed_job_success
22158122780,linux,pull_request,2026-02-18 22:20:19,0.6345239110357527,2026-05-19 22:20:19,imputed_job_success
22158241185,windows,pull_request,2026-02-18 22:58:34,0.06573745974206499,2026-05-19 22:58:34,imputed_job_success
22158241185,macos,pull_request,2026-02-18 22:48:47,0.07485979037758494,2026-05-19 22:48:47,imputed_job_success
22158241185,linux,pull_request,2026-02-18 22:22:36,0.6345239110357527,2026-05-19 22:22:36,imputed_job_success
22158358743,windows,pull_request,2026-02-18 22:54:48,0.06573745974206499,2026-05-19 22:54:48,imputed_job_success
22158358743,macos,pull_request,2026-02-18 22:28:57,0.07485979037758494,2026-05-19 22:28:57,imputed_job_success
22158358743,linux,pull_request,2026-02-18 22:25:52,0.6345239110357527,2026-05-19 22:25:52,imputed_job_success
22162262908,macos,pull_request,2026-02-19 00:39:10,0.07485979037758494,2026-05-20 00:39:10,imputed_job_success
22165793030,macos,pull_request,2026-02-19 02:58:08,0.07485979037758494,2026-05-20 02:58:08,imputed_job_success
22168905941,macos,pull_request,2026-02-19 05:57:17,0.07485979037758494,2026-05-20 05:57:17,imputed_job_success
22168905941,linux,pull_request,2026-02-19 05:46:23,0.6345239110357527,2026-05-20 05:46:23,imputed_job_success
22173158607,linux,pull_request,2026-02-19 08:48:26,0.6345239110357527,2026-05-20 08:48:26,imputed_job_success
22189222769,macos,pull_request,2026-02-19 17:01:24,0.07485979037758494,2026-05-20 17:01:24,imputed_job_success
22189222769,linux,pull_request,2026-02-19 16:53:49,0.6345239110357527,2026-05-20 16:53:49,imputed_job_success
22189222769,windows,pull_request,2026-02-19 17:32:33,0.06573745974206499,2026-05-20 17:32:33,imputed_job_success
22236012683,macos,push,2026-02-20 19:05:01,0.07441660823921363,2026-05-21 19:05:01,imputed_job_success
22236012683,windows,push,2026-02-20 19:56:43,0.06548246197206409,2026-05-21 19:56:43,imputed_job_success
22236012683,linux,push,2026-02-20 19:19:10,0.9134545085951686,2026-05-21 19:19:10,imputed_job_success
22373222814,linux,push,2026-02-24 23:38:24,0.9134545085951686,2026-05-25 23:38:24,imputed_job_success
22373222814,windows,push,2026-02-25 00:13:42,0.06548246197206409,2026-05-26 00:13:42,imputed_job_success
22373222814,macos,push,2026-02-24 23:22:23,0.07441660823921363,2026-05-25 23:22:23,imputed_job_success
22374060266,linux,push,2026-02-25 00:07:00,0.9134545085951686,2026-05-26 00:07:00,imputed_job_success
22374060266,wasm64,push,2026-02-25 00:06:16,0.18128158421152168,2026-05-26 00:06:16,imputed_job_success
22374060266,wasm32,push,2026-02-25 00:07:20,0.18128158421152168,2026-05-26 00:07:20,imputed_job_success
22374060266,windows,push,2026-02-25 00:41:58,0.06548246197206409,2026-05-26 00:41:58,imputed_job_success
22374060266,macos,push,2026-02-25 01:39:07,0.07441660823921363,2026-05-26 01:39:07,imputed_job_success
22570321749,linux,pull_request,2026-03-02 10:44:24,0.6345239110357527,2026-05-31 10:44:24,imputed_job_success
22570321749,wasm64,pull_request,2026-03-02 10:44:34,0.1818765260830102,2026-05-31 10:44:34,imputed_job_success
22570321749,macos,pull_request,2026-03-02 10:36:14,0.07485979037758494,2026-05-31 10:36:14,imputed_job_success
22570321749,wasm32,pull_request,2026-03-02 10:42:42,0.18187652607645158,2026-05-31 10:42:42,imputed_job_success
22583997594,wasm64,pull_request,2026-03-02 16:54:30,0.1818765260830102,2026-05-31 16:54:30,imputed_job_success
22583997594,wasm32,pull_request,2026-03-02 16:54:08,0.18187652607645158,2026-05-31 16:54:08,imputed_job_success
22583997594,macos,pull_request,2026-03-02 16:53:04,0.07485979037758494,2026-05-31 16:53:04,imputed_job_success
22583997594,linux,pull_request,2026-03-02 16:53:25,0.6345239110357527,2026-05-31 16:53:25,imputed_job_success
22583997594,windows,pull_request,2026-03-02 17:28:57,0.06573745974206499,2026-05-31 17:28:57,imputed_job_success
22590513129,wasm32,push,2026-03-02 19:37:46,0.18128158421152168,2026-05-31 19:37:46,imputed_job_success
22590513129,linux,push,2026-03-02 19:41:38,0.9134545085951686,2026-05-31 19:41:38,imputed_job_success
22590513129,windows,push,2026-03-02 20:11:51,0.06548246197206409,2026-05-31 20:11:51,imputed_job_success
22590513129,wasm64,push,2026-03-02 19:40:18,0.18128158421152168,2026-05-31 19:40:18,imputed_job_success
22590513129,macos,push,2026-03-02 19:43:28,0.07441660823921363,2026-05-31 19:43:28,imputed_job_success
22595027657,wasm32,pull_request,2026-03-02 21:45:03,0.18187652607645158,2026-05-31 21:45:03,imputed_job_success
22595027657,wasm64,pull_request,2026-03-02 21:44:39,0.1818765260830102,2026-05-31 21:44:39,imputed_job_success
22595027657,linux,pull_request,2026-03-02 21:44:16,0.6345239110357527,2026-05-31 21:44:16,imputed_job_success
22595027657,macos,pull_request,2026-03-02 21:54:13,0.07485979037758494,2026-05-31 21:54:13,imputed_job_success
22595027657,windows,pull_request,2026-03-02 22:21:07,0.06573745974206499,2026-05-31 22:21:07,imputed_job_success
22636661682,linux,push,2026-03-03 19:08:59,0.9134545085951686,2026-06-01 19:08:59,imputed_job_success
22636661682,wasm64,push,2026-03-03 19:11:13,0.18128158421152168,2026-06-01 19:11:13,imputed_job_success
22636661682,wasm32,push,2026-03-03 19:10:39,0.18128158421152168,2026-06-01 19:10:39,imputed_job_success
22636661682,windows,push,2026-03-03 19:39:57,0.06548246197206409,2026-06-01 19:39:57,imputed_job_success
22654877361,wasm32,pull_request,2026-03-04 05:17:05,0.18187652607645158,2026-06-02 05:17:05,imputed_job_success
22654877361,windows,pull_request,2026-03-04 05:47:54,0.06573745974206499,2026-06-02 05:47:54,imputed_job_success
22654877361,macos,pull_request,2026-03-04 05:02:13,0.07485979037758494,2026-06-02 05:02:13,imputed_job_success
22654877361,wasm64,pull_request,2026-03-04 05:16:48,0.1818765260830102,2026-06-02 05:16:48,imputed_job_success
22654877361,linux,pull_request,2026-03-04 05:18:10,0.6345239110357527,2026-06-02 05:18:10,imputed_job_success
22655133788,wasm32,pull_request,2026-03-04 05:28:33,0.18187652607645158,2026-06-02 05:28:33,imputed_job_success
22655133788,macos,pull_request,2026-03-04 05:15:17,0.07485979037758494,2026-06-02 05:15:17,imputed_job_success
22655133788,linux,pull_request,2026-03-04 05:28:33,0.6345239110357527,2026-06-02 05:28:33,imputed_job_success
22655133788,wasm64,pull_request,2026-03-04 05:27:48,0.1818765260830102,2026-06-02 05:27:48,imputed_job_success
22655133788,windows,pull_request,2026-03-04 06:02:37,0.06573745974206499,2026-06-02 06:02:37,imputed_job_success
22655340983,linux,pull_request,2026-03-04 05:37:19,0.6345239110357527,2026-06-02 05:37:19,imputed_job_success
22655340983,wasm32,pull_request,2026-03-04 05:38:03,0.18187652607645158,2026-06-02 05:38:03,imputed_job_success
22655340983,windows,pull_request,2026-03-04 06:13:44,0.06573745974206499,2026-06-02 06:13:44,imputed_job_success
22655340983,macos,pull_request,2026-03-04 05:27:21,0.07485979037758494,2026-06-02 05:27:21,imputed_job_success
22655340983,wasm64,pull_request,2026-03-04 05:36:58,0.1818765260830102,2026-06-02 05:36:58,imputed_job_success
22669503768,wasm64,pull_request,2026-03-04 13:29:21,0.1818765260830102,2026-06-02 13:29:21,imputed_job_success
22669503768,linux,pull_request,2026-03-04 13:31:19,0.6345239110357527,2026-06-02 13:31:19,imputed_job_success
22669503768,wasm32,pull_request,2026-03-04 13:32:09,0.18187652607645158,2026-06-02 13:32:09,imputed_job_success
22669503768,windows,pull_request,2026-03-04 14:05:21,0.06573745974206499,2026-06-02 14:05:21,imputed_job_success
22732594540,linux,push,2026-03-05 20:23:07,0.9134545085951686,2026-06-03 20:23:07,imputed_job_success
22732594540,wasm64,push,2026-03-05 20:12:14,0.18128158421152168,2026-06-03 20:12:14,imputed_job_success
22732594540,wasm32,push,2026-03-05 20:11:58,0.18128158421152168,2026-06-03 20:11:58,imputed_job_success
22732594540,macos,push,2026-03-05 20:15:17,0.07441660823921363,2026-06-03 20:15:17,imputed_job_success
22732594540,windows,push,2026-03-05 20:41:08,0.06548246197206409,2026-06-03 20:41:08,imputed_job_success
22741030244,wasm64,pull_request,2026-03-06 00:16:52,0.1818765260830102,2026-06-04 00:16:52,imputed_job_success
22741030244,wasm32,pull_request,2026-03-06 00:17:51,0.18187652607645158,2026-06-04 00:17:51,imputed_job_success
22741030244,macos,pull_request,2026-03-06 00:11:08,0.07485979037758494,2026-06-04 00:11:08,imputed_job_success
22741030244,windows,pull_request,2026-03-06 00:54:38,0.06573745974206499,2026-06-04 00:54:38,imputed_job_success
22741030244,linux,pull_request,2026-03-06 00:20:43,0.6345239110357527,2026-06-04 00:20:43,imputed_job_success
22873105311,windows,pull_request,2026-03-09 21:56:24,0.06573745974206499,2026-06-07 21:56:24,imputed_job_success
22873105311,wasm32,pull_request,2026-03-09 21:19:47,0.18187652607645158,2026-06-07 21:19:47,imputed_job_success
22873105311,linux,pull_request,2026-03-09 21:21:47,0.6345239110357527,2026-06-07 21:21:47,imputed_job_success
22873105311,wasm64,pull_request,2026-03-09 21:21:34,0.1818765260830102,2026-06-07 21:21:34,imputed_job_success
22910949249,macos,pull_request,2026-03-10 16:30:32,0.07485979037758494,2026-06-08 16:30:32,imputed_job_success
22910949249,wasm64,pull_request,2026-03-10 16:41:13,0.1818765260830102,2026-06-08 16:41:13,imputed_job_success
22910949249,linux,pull_request,2026-03-10 16:41:10,0.6345239110357527,2026-06-08 16:41:10,imputed_job_success
22910949249,windows,pull_request,2026-03-10 17:16:07,0.06573745974206499,2026-06-08 17:16:07,imputed_job_success
22910949249,wasm32,pull_request,2026-03-10 16:42:22,0.18187652607645158,2026-06-08 16:42:22,imputed_job_success
22917774024,wasm32,pull_request,2026-03-10 19:19:48,0.18187652607645158,2026-06-08 19:19:48,imputed_job_success
22917774024,linux,pull_request,2026-03-10 19:20:15,0.6345239110357527,2026-06-08 19:20:15,imputed_job_success
22917774024,wasm64,pull_request,2026-03-10 19:19:16,0.1818765260830102,2026-06-08 19:19:16,imputed_job_success
22917774024,macos,pull_request,2026-03-10 19:04:21,0.07485979037758494,2026-06-08 19:04:21,imputed_job_success
22919597481,wasm32,pull_request,2026-03-10 20:03:04,0.18187652607645158,2026-06-08 20:03:04,imputed_job_success
22919597481,linux,pull_request,2026-03-10 20:03:47,0.6345239110357527,2026-06-08 20:03:47,imputed_job_success
22919597481,wasm64,pull_request,2026-03-10 20:01:59,0.1818765260830102,2026-06-08 20:01:59,imputed_job_success
22925554144,wasm64,push,2026-03-10 22:37:03,0.18128158421152168,2026-06-08 22:37:03,imputed_job_success
22925554144,wasm32,push,2026-03-10 22:37:52,0.18128158421152168,2026-06-08 22:37:52,imputed_job_success
22925554144,macos,push,2026-03-10 22:29:32,0.07441660823921363,2026-06-08 22:29:32,imputed_job_success
22925554144,linux,push,2026-03-10 22:48:15,0.9134545085951686,2026-06-08 22:48:15,imputed_job_success
22925554144,windows,push,2026-03-10 23:16:01,0.06548246197206409,2026-06-08 23:16:01,imputed_job_success
23069445202,windows,pull_request,2026-03-13 22:07:19,0.06573745974206499,2026-06-11 22:07:19,imputed_job_success
23069445202,macos,pull_request,2026-03-13 21:14:55,0.07485979037758494,2026-06-11 21:14:55,imputed_job_success
23069445202,linux,pull_request,2026-03-13 21:31:54,0.6345239110357527,2026-06-11 21:31:54,imputed_job_success
23069445202,wasm64,pull_request,2026-03-13 21:32:16,0.1818765260830102,2026-06-11 21:32:16,imputed_job_success
23069445202,wasm32,pull_request,2026-03-13 21:31:01,0.18187652607645158,2026-06-11 21:31:01,imputed_job_success
23090130443,linux,pull_request,2026-03-14 15:45:21,0.6345239110357527,2026-06-12 15:45:21,imputed_job_success
23090130443,wasm64,pull_request,2026-03-14 15:40:42,0.1818765260830102,2026-06-12 15:40:42,imputed_job_success
23090130443,wasm32,pull_request,2026-03-14 15:42:02,0.18187652607645158,2026-06-12 15:42:02,imputed_job_success
23090130443,windows,pull_request,2026-03-14 16:19:30,0.06573745974206499,2026-06-12 16:19:30,imputed_job_success
23090130443,macos,pull_request,2026-03-14 15:20:59,0.07485979037758494,2026-06-12 15:20:59,imputed_job_success
23150009571,linux,pull_request,2026-03-16 15:54:15,0.6345239110357527,2026-06-14 15:54:15,imputed_job_success
23150009571,windows,pull_request,2026-03-16 16:28:23,0.06573745974206499,2026-06-14 16:28:23,imputed_job_success
23150009571,wasm64,pull_request,2026-03-16 15:54:25,0.1818765260830102,2026-06-14 15:54:25,imputed_job_success
23150009571,wasm32,pull_request,2026-03-16 15:52:34,0.18187652607645158,2026-06-14 15:52:34,imputed_job_success
23150009571,macos,pull_request,2026-03-16 15:40:05,0.07485979037758494,2026-06-14 15:40:05,imputed_job_success
23206652471,linux,pull_request,2026-03-17 18:06:23,0.6345239110357527,2026-06-15 18:06:23,imputed_job_success
23206652471,windows,pull_request,2026-03-17 18:43:32,0.06573745974206499,2026-06-15 18:43:32,imputed_job_success
23206652471,wasm64,pull_request,2026-03-17 18:07:09,0.1818765260830102,2026-06-15 18:07:09,imputed_job_success
23206652471,wasm32,pull_request,2026-03-17 18:03:53,0.18187652607645158,2026-06-15 18:03:53,imputed_job_success
23206652471,macos,pull_request,2026-03-17 17:55:01,0.07485979037758494,2026-06-15 17:55:01,imputed_job_success
23206682972,macos,pull_request,2026-03-17 17:51:57,0.07485979037758494,2026-06-15 17:51:57,imputed_job_success
23206682972,wasm32,pull_request,2026-03-17 18:05:25,0.18187652607645158,2026-06-15 18:05:25,imputed_job_success
23206682972,linux,pull_request,2026-03-17 18:05:01,0.6345239110357527,2026-06-15 18:05:01,imputed_job_success
23206682972,windows,pull_request,2026-03-17 18:41:48,0.06573745974206499,2026-06-15 18:41:48,imputed_job_success
23206682972,wasm64,pull_request,2026-03-17 18:06:51,0.1818765260830102,2026-06-15 18:06:51,imputed_job_success
23230751829,linux,push,2026-03-18 06:33:53,0.9134545085951686,2026-06-16 06:33:53,imputed_job_success
23230751829,wasm32,push,2026-03-18 06:33:23,0.18128158421152168,2026-06-16 06:33:23,imputed_job_success
23230751829,wasm64,push,2026-03-18 06:34:30,0.18128158421152168,2026-06-16 06:34:30,imputed_job_success
23230751829,windows,push,2026-03-18 07:11:11,0.06548246197206409,2026-06-16 07:11:11,imputed_job_success
23304144316,linux,push,2026-03-19 17:00:09,0.9134545085951686,2026-06-17 17:00:09,imputed_job_success
23304144316,wasm64,push,2026-03-19 16:55:42,0.18128158421152168,2026-06-17 16:55:42,imputed_job_success
23304144316,wasm32,push,2026-03-19 16:55:42,0.18128158421152168,2026-06-17 16:55:42,imputed_job_success
23304144316,windows,push,2026-03-19 20:11:38,0.06548246197206409,2026-06-17 20:11:38,imputed_job_success
23502464050,linux,push,2026-03-24 18:09:37,0.9134545085951686,2026-06-22 18:09:37,imputed_job_success
23502464050,wasm32,push,2026-03-24 18:05:09,0.18128158421152168,2026-06-22 18:05:09,imputed_job_success
23502464050,windows,push,2026-03-24 18:39:22,0.06548246197206409,2026-06-22 18:39:22,imputed_job_success
23502464050,wasm64,push,2026-03-24 18:07:17,0.18128158421152168,2026-06-22 18:07:17,imputed_job_success
23518715461,wasm32,pull_request,2026-03-25 01:19:27,0.18187652607645158,2026-06-23 01:19:27,imputed_job_success
23518715461,linux,pull_request,2026-03-25 01:21:03,0.6345239110357527,2026-06-23 01:21:03,imputed_job_success
23518715461,wasm64,pull_request,2026-03-25 01:15:51,0.1818765260830102,2026-06-23 01:15:51,imputed_job_success
23518715461,windows,pull_request,2026-03-25 01:56:06,0.06573745974206499,2026-06-23 01:56:06,imputed_job_success
23566303339,wasm64,pull_request,2026-03-25 22:59:15,0.1818765260830102,2026-06-23 22:59:15,imputed_job_success
23566303339,wasm32,pull_request,2026-03-25 22:58:05,0.18187652607645158,2026-06-23 22:58:05,imputed_job_success
23567062928,windows,pull_request,2026-03-25 23:53:54,0.06573745974206499,2026-06-23 23:53:54,imputed_job_success
23567062928,wasm64,pull_request,2026-03-25 23:17:59,0.1818765260830102,2026-06-23 23:17:59,imputed_job_success
23567062928,wasm32,pull_request,2026-03-25 23:17:34,0.18187652607645158,2026-06-23 23:17:34,imputed_job_success
23567062928,linux,pull_request,2026-03-25 23:19:39,0.6345239110357527,2026-06-23 23:19:39,imputed_job_success
23576861597,wasm32,pull_request,2026-03-26 05:02:13,0.18187652607645158,2026-06-24 05:02:13,imputed_job_success
23576861597,windows,pull_request,2026-03-26 05:44:41,0.06573745974206499,2026-06-24 05:44:41,imputed_job_success
23576861597,wasm64,pull_request,2026-03-26 05:01:53,0.1818765260830102,2026-06-24 05:01:53,imputed_job_success
23576861597,linux,pull_request,2026-03-26 05:02:24,0.6345239110357527,2026-06-24 05:02:24,imputed_job_success
23599779861,wasm64,pull_request,2026-03-26 15:26:51,0.1818765260830102,2026-06-24 15:26:51,imputed_job_success
23599779861,windows,pull_request,2026-03-26 16:02:38,0.06573745974206499,2026-06-24 16:02:38,imputed_job_success
23599779861,linux,pull_request,2026-03-26 15:28:01,0.6345239110357527,2026-06-24 15:28:01,imputed_job_success
23599779861,wasm32,pull_request,2026-03-26 15:26:56,0.18187652607645158,2026-06-24 15:26:56,imputed_job_success
23607443132,windows,pull_request,2026-03-26 18:37:52,0.06573745974206499,2026-06-24 18:37:52,imputed_job_success
23607443132,linux,pull_request,2026-03-26 17:59:54,0.6345239110357527,2026-06-24 17:59:54,imputed_job_success
23607443132,wasm32,pull_request,2026-03-26 17:59:34,0.18187652607645158,2026-06-24 17:59:34,imputed_job_success
23607443132,wasm64,pull_request,2026-03-26 17:59:48,0.1818765260830102,2026-06-24 17:59:48,imputed_job_success
23619141866,wasm64,pull_request,2026-03-26 22:32:49,0.1818765260830102,2026-06-24 22:32:49,imputed_job_success
23619141866,windows,pull_request,2026-03-26 23:08:44,0.06573745974206499,2026-06-24 23:08:44,imputed_job_success
23619141866,linux,pull_request,2026-03-26 22:36:29,0.6345239110357527,2026-06-24 22:36:29,imputed_job_success
23619141866,wasm32,pull_request,2026-03-26 22:28:00,0.18187652607645158,2026-06-24 22:28:00,imputed_job_success
23659763048,wasm64,push,2026-03-27 18:41:35,0.18128158421152168,2026-06-25 18:41:35,imputed_job_success
23659763048,wasm32,push,2026-03-27 18:41:15,0.18128158421152168,2026-06-25 18:41:15,imputed_job_success
23659763048,linux,push,2026-03-27 18:44:32,0.9134545085951686,2026-06-25 18:44:32,imputed_job_success
23858547332,linux,push,2026-04-01 17:20:42,0.9134545085951686,2026-06-30 17:20:42,imputed_job_success
23858547332,wasm32,push,2026-04-01 17:10:01,0.18128158421152168,2026-06-30 17:10:01,imputed_job_success
23858547332,wasm64,push,2026-04-01 17:08:26,0.18128158421152168,2026-06-30 17:08:26,imputed_job_success
23920151512,linux,push,2026-04-02 21:22:52,0.9134545085951686,2026-07-01 21:22:52,imputed_job_success
23920151512,wasm64,push,2026-04-02 21:13:19,0.18128158421152168,2026-07-01 21:13:19,imputed_job_success
23920151512,macos,push,2026-04-02 21:26:45,0.07441660823921363,2026-07-01 21:26:45,imputed_job_success
23920151512,wasm32,push,2026-04-02 21:16:39,0.18128158421152168,2026-07-01 21:16:39,imputed_job_success
23964241989,linux,pull_request,2026-04-03 23:17:13,0.6345239110357527,2026-07-02 23:17:13,imputed_job_success
23964241989,wasm64,pull_request,2026-04-03 23:14:17,0.1818765260830102,2026-07-02 23:14:17,imputed_job_success
23964241989,macos,pull_request,2026-04-03 23:03:07,0.07485979037758494,2026-07-02 23:03:07,imputed_job_success
23964241989,wasm32,pull_request,2026-04-03 23:14:18,0.18187652607645158,2026-07-02 23:14:18,imputed_job_success
24031077492,macos,pull_request,2026-04-06 12:52:46,0.07485979037758494,2026-07-05 12:52:46,imputed_job_success
24031077492,linux,pull_request,2026-04-06 13:02:08,0.6345239110357527,2026-07-05 13:02:08,imputed_job_success
24031077492,wasm32,pull_request,2026-04-06 13:03:58,0.18187652607645158,2026-07-05 13:03:58,imputed_job_success
24031077492,wasm64,pull_request,2026-04-06 13:04:37,0.1818765260830102,2026-07-05 13:04:37,imputed_job_success
24041441981,wasm64,pull_request,2026-04-06 18:03:27,0.1818765260830102,2026-07-05 18:03:27,imputed_job_success
24041441981,wasm32,pull_request,2026-04-06 18:02:01,0.18187652607645158,2026-07-05 18:02:01,imputed_job_success
24041441981,linux,pull_request,2026-04-06 18:06:30,0.6345239110357527,2026-07-05 18:06:30,imputed_job_success
24041441981,macos,pull_request,2026-04-06 17:51:09,0.07485979037758494,2026-07-05 17:51:09,imputed_job_success
24042106297,macos,push,2026-04-06 18:23:47,0.07441660823921363,2026-07-05 18:23:47,imputed_job_success
24042106297,linux,push,2026-04-06 18:25:54,0.9134545085951686,2026-07-05 18:25:54,imputed_job_success
24057163586,wasm32,push,2026-04-07 00:54:04,0.18128158421152168,2026-07-06 00:54:04,imputed_job_success
24057163586,macos,push,2026-04-07 00:54:46,0.07441660823921363,2026-07-06 00:54:46,imputed_job_success
24057163586,wasm64,push,2026-04-07 00:54:31,0.18128158421152168,2026-07-06 00:54:31,imputed_job_success
24057163586,linux,push,2026-04-07 00:59:22,0.9134545085951686,2026-07-06 00:59:22,imputed_job_success
24091429864,wasm64,pull_request,2026-04-07 17:07:13,0.1818765260830102,2026-07-06 17:07:13,imputed_job_success
24091429864,wasm32,pull_request,2026-04-07 17:04:16,0.18187652607645158,2026-07-06 17:04:16,imputed_job_success
24091429864,linux,pull_request,2026-04-07 17:08:04,0.6345239110357527,2026-07-06 17:08:04,imputed_job_success
24095116454,linux,push,2026-04-07 18:28:29,0.9134545085951686,2026-07-06 18:28:29,imputed_job_success
24095116454,wasm32,push,2026-04-07 18:26:03,0.18128158421152168,2026-07-06 18:26:03,imputed_job_success
24095116454,wasm64,push,2026-04-07 18:25:22,0.18128158421152168,2026-07-06 18:25:22,imputed_job_success
24095116454,macos,push,2026-04-07 18:29:52,0.07441660823921363,2026-07-06 18:29:52,imputed_job_success
24131474155,linux,pull_request,2026-04-08 11:50:02,0.6345239110357527,2026-07-07 11:50:02,imputed_job_success
24131474155,macos,pull_request,2026-04-08 11:35:01,0.07485979037758494,2026-07-07 11:35:01,imputed_job_success
24131474155,wasm64,pull_request,2026-04-08 11:46:26,0.1818765260830102,2026-07-07 11:46:26,imputed_job_success
24131474155,wasm32,pull_request,2026-04-08 11:46:37,0.18187652607645158,2026-07-07 11:46:37,imputed_job_success
24158962159,linux,pull_request,2026-04-08 22:11:52,0.6345239110357527,2026-07-07 22:11:52,imputed_job_success
24158962159,macos,pull_request,2026-04-08 22:15:31,0.07485979037758494,2026-07-07 22:15:31,imputed_job_success
24158962159,wasm64,pull_request,2026-04-08 22:09:52,0.1818765260830102,2026-07-07 22:09:52,imputed_job_success
24158962159,wasm32,pull_request,2026-04-08 22:08:29,0.18187652607645158,2026-07-07 22:08:29,imputed_job_success
24167394986,wasm64,push,2026-04-09 02:17:19,0.18128158421152168,2026-07-08 02:17:19,imputed_job_success
24167394986,linux,push,2026-04-09 02:20:37,0.9134545085951686,2026-07-08 02:20:37,imputed_job_success
24167394986,wasm32,push,2026-04-09 02:20:15,0.18128158421152168,2026-07-08 02:20:15,imputed_job_success
24167394986,macos,push,2026-04-09 02:20:49,0.07441660823921363,2026-07-08 02:20:49,imputed_job_success
24202219771,wasm32,pull_request,2026-04-09 17:44:46,0.18187652607645158,2026-07-08 17:44:46,imputed_job_success
24202219771,linux,pull_request,2026-04-09 17:46:34,0.6345239110357527,2026-07-08 17:46:34,imputed_job_success
24202219771,wasm64,pull_request,2026-04-09 17:48:00,0.1818765260830102,2026-07-08 17:48:00,imputed_job_success
24202219771,macos,pull_request,2026-04-09 17:46:57,0.07485979037758494,2026-07-08 17:46:57,imputed_job_success
24204408424,linux,pull_request,2026-04-09 18:35:33,0.6345239110357527,2026-07-08 18:35:33,imputed_job_success
24204408424,wasm32,pull_request,2026-04-09 18:36:39,0.18187652607645158,2026-07-08 18:36:39,imputed_job_success
24204408424,wasm64,pull_request,2026-04-09 18:35:48,0.1818765260830102,2026-07-08 18:35:48,imputed_job_success
24204408424,macos,pull_request,2026-04-09 18:41:42,0.07485979037758494,2026-07-08 18:41:42,imputed_job_success
24204505981,linux,pull_request,2026-04-09 18:39:04,0.6345239110357527,2026-07-08 18:39:04,imputed_job_success
24204505981,wasm32,pull_request,2026-04-09 18:36:30,0.18187652607645158,2026-07-08 18:36:30,imputed_job_success
24204505981,wasm64,pull_request,2026-04-09 18:38:08,0.1818765260830102,2026-07-08 18:38:08,imputed_job_success
24204505981,macos,pull_request,2026-04-09 18:23:41,0.07485979037758494,2026-07-08 18:23:41,imputed_job_success
24264957003,wasm64,pull_request,2026-04-10 22:26:44,0.1818765260830102,2026-07-09 22:26:44,imputed_job_success
24264957003,wasm32,pull_request,2026-04-10 22:24:46,0.18187652607645158,2026-07-09 22:24:46,imputed_job_success
24264957003,macos,pull_request,2026-04-10 22:29:43,0.07485979037758494,2026-07-09 22:29:43,imputed_job_success
24264957003,linux,pull_request,2026-04-10 22:25:43,0.6345239110357527,2026-07-09 22:25:43,imputed_job_success
24268022428,wasm32,pull_request,2026-04-10 23:58:09,0.18187652607645158,2026-07-09 23:58:09,imputed_job_success
24268022428,wasm64,pull_request,2026-04-10 23:55:55,0.1818765260830102,2026-07-09 23:55:55,imputed_job_success
24268022428,linux,pull_request,2026-04-11 00:00:58,0.6345239110357527,2026-07-10 00:00:58,imputed_job_success
24268022428,macos,pull_request,2026-04-10 23:56:49,0.07485979037758494,2026-07-09 23:56:49,imputed_job_success
24268190709,wasm32,pull_request,2026-04-11 00:03:57,0.18187652607645158,2026-07-10 00:03:57,imputed_job_success
24268190709,wasm64,pull_request,2026-04-11 00:04:16,0.1818765260830102,2026-07-10 00:04:16,imputed_job_success
24268190709,linux,pull_request,2026-04-11 00:05:03,0.6345239110357527,2026-07-10 00:05:03,imputed_job_success
24268190709,macos,pull_request,2026-04-10 23:59:23,0.07485979037758494,2026-07-09 23:59:23,imputed_job_success
24354848567,linux,pull_request,2026-04-13 17:34:24,0.6345239110357527,2026-07-12 17:34:24,imputed_job_success
24354848567,wasm32,pull_request,2026-04-13 17:29:12,0.18187652607645158,2026-07-12 17:29:12,imputed_job_success
24354848567,macos,pull_request,2026-04-13 17:27:17,0.07485979037758494,2026-07-12 17:27:17,imputed_job_success
24354848567,wasm64,pull_request,2026-04-13 17:32:19,0.1818765260830102,2026-07-12 17:32:19,imputed_job_success
24376215412,wasm32,pull_request,2026-04-14 02:23:12,0.18187652607645158,2026-07-13 02:23:12,imputed_job_success
24376215412,linux,pull_request,2026-04-14 02:35:05,0.6345239110357527,2026-07-13 02:35:05,imputed_job_success
24376215412,macos,pull_request,2026-04-14 02:42:06,0.07485979037758494,2026-07-13 02:42:06,imputed_job_success
24376215412,wasm64,pull_request,2026-04-14 02:37:30,0.1818765260830102,2026-07-13 02:37:30,imputed_job_success
24426087416,wasm32,push,2026-04-14 23:25:58,0.18128158421152168,2026-07-13 23:25:58,imputed_job_success
24426087416,wasm64,push,2026-04-14 23:26:39,0.18128158421152168,2026-07-13 23:26:39,imputed_job_success
24426087416,macos,push,2026-04-14 23:37:23,0.07441660823921363,2026-07-13 23:37:23,imputed_job_success
24426087416,linux,push,2026-04-14 23:28:10,0.9134545085951686,2026-07-13 23:28:10,imputed_job_success
24525726969,linux,pull_request,2026-04-16 18:57:23,0.6345239110357527,2026-07-15 18:57:23,imputed_job_success
24525726969,macos,pull_request,2026-04-16 19:07:53,0.07485979037758494,2026-07-15 19:07:53,imputed_job_success
24560886323,linux,pull_request,2026-04-17 11:38:34,0.6345239110357527,2026-07-16 11:38:34,imputed_job_success
24560886323,macos,pull_request,2026-04-17 11:44:25,0.07485979037758494,2026-07-16 11:44:25,imputed_job_success
24657892359,linux,pull_request,2026-04-20 10:03:04,0.6345239110357527,2026-07-19 10:03:04,imputed_upload_step
24657892359,wasm32,pull_request,2026-04-20 09:56:01,0.18187652607645158,2026-07-19 09:56:01,imputed_upload_step
24657892359,macos,pull_request,2026-04-20 10:03:51,0.07485979037758494,2026-07-19 10:03:51,imputed_upload_step
24657892359,wasm64,pull_request,2026-04-20 10:00:34,0.1818765260830102,2026-07-19 10:00:34,imputed_upload_step
24659513394,wasm64,pull_request,2026-04-20 10:36:13,0.1818765260830102,2026-07-19 10:36:13,imputed_upload_step
24659513394,linux,pull_request,2026-04-20 10:41:47,0.6345239110357527,2026-07-19 10:41:47,imputed_upload_step
24659513394,wasm32,pull_request,2026-04-20 10:37:05,0.18187652607645158,2026-07-19 10:37:05,imputed_upload_step
24659513394,windows,pull_request,2026-04-20 11:41:12,0.06573745974206499,2026-07-19 11:41:12,imputed_upload_step
24659513394,macos,pull_request,2026-04-20 10:35:00,0.07485979037758494,2026-07-19 10:35:00,imputed_upload_step
24669565108,wasm64,pull_request,2026-04-20 14:31:56,0.1818765260830102,2026-07-19 14:31:56,imputed_upload_step
24669565108,linux,pull_request,2026-04-20 14:36:33,0.6345239110357527,2026-07-19 14:36:33,imputed_upload_step
24669565108,wasm32,pull_request,2026-04-20 14:31:18,0.18187652607645158,2026-07-19 14:31:18,imputed_upload_step
24669565108,macos,pull_request,2026-04-20 14:44:51,0.07485979037758494,2026-07-19 14:44:51,imputed_upload_step
24849817407,wasm32,push,2026-04-23 18:36:03,0.18128158421152168,2026-07-22 18:36:03,imputed_upload_step
24849817407,wasm64,push,2026-04-23 18:39:59,0.18128158421152168,2026-07-22 18:39:59,imputed_upload_step
24849817407,windows,push,2026-04-23 20:13:17,0.06548246197206409,2026-07-22 20:13:17,imputed_upload_step
24849817407,macos,push,2026-04-23 18:56:47,0.07441660823921363,2026-07-22 18:56:47,imputed_upload_step
24849817407,linux,push,2026-04-23 18:35:15,0.9134545085951686,2026-07-22 18:35:15,imputed_upload_step
24858521538,wasm64,pull_request,2026-04-23 21:53:11,0.1818765260830102,2026-07-22 21:53:11,imputed_upload_step
24858521538,wasm32,pull_request,2026-04-23 21:54:31,0.18187652607645158,2026-07-22 21:54:31,imputed_upload_step
24858521538,linux,pull_request,2026-04-23 21:46:10,0.6345239110357527,2026-07-22 21:46:10,imputed_upload_step
24858521538,windows,pull_request,2026-04-23 23:39:25,0.06573745974206499,2026-07-22 23:39:25,imputed_upload_step
24858521538,macos,pull_request,2026-04-23 22:00:09,0.07485979037758494,2026-07-22 22:00:09,imputed_upload_step
24849817407,wasm64,push,2026-04-23 22:06:33,0.18128158421152168,2026-07-22 22:06:33,imputed_upload_step
24849817407,wasm32,push,2026-04-23 22:04:33,0.18128158421152168,2026-07-22 22:04:33,imputed_upload_step
24849817407,wasm64,push,2026-04-23 23:20:18,0.18128158421152168,2026-07-22 23:20:18,imputed_upload_step
24849817407,wasm32,push,2026-04-23 23:18:56,0.18128158421152168,2026-07-22 23:18:56,imputed_upload_step
24906378735,windows,push,2026-04-24 21:32:20,0.06548246197206409,2026-07-23 21:32:20,imputed_upload_step
24906378735,macos,push,2026-04-24 19:40:06,0.07441660823921363,2026-07-23 19:40:06,imputed_upload_step
24906378735,linux,push,2026-04-24 19:59:15,0.9134545085951686,2026-07-23 19:59:15,imputed_upload_step
24906378735,wasm32,push,2026-04-24 19:44:53,0.18128158421152168,2026-07-23 19:44:53,imputed_upload_step
24906378735,wasm64,push,2026-04-24 19:41:39,0.18128158421152168,2026-07-23 19:41:39,imputed_upload_step
24907067951,linux,push,2026-04-24 20:15:21,0.9134545085951686,2026-07-23 20:15:21,imputed_upload_step
24907067951,windows,push,2026-04-24 21:47:16,0.06548246197206409,2026-07-23 21:47:16,imputed_upload_step
24907067951,wasm32,push,2026-04-24 19:58:50,0.18128158421152168,2026-07-23 19:58:50,imputed_upload_step
24907067951,wasm64,push,2026-04-24 20:02:03,0.18128158421152168,2026-07-23 20:02:03,imputed_upload_step
24907067951,macos,push,2026-04-24 20:00:36,0.07441660823921363,2026-07-23 20:00:36,imputed_upload_step
24907067951,wasm32,push,2026-04-27 19:02:59,0.18128158421152168,2026-07-26 19:02:59,imputed_upload_step
24907067951,wasm64,push,2026-04-27 18:58:54,0.18128158421152168,2026-07-26 18:58:54,imputed_upload_step
24907067951,macos,push,2026-04-27 18:48:41,0.07441660823921363,2026-07-26 18:48:41,imputed_upload_step
24906378735,wasm32,push,2026-04-27 18:56:45,0.18128158421152168,2026-07-26 18:56:45,imputed_upload_step
24906378735,wasm64,push,2026-04-27 19:01:08,0.18128158421152168,2026-07-26 19:01:08,imputed_upload_step
25066078213,wasm32,pull_request,2026-04-28 17:46:53,0.18187652607645158,2026-07-27 17:46:53,imputed_upload_step
25066078213,windows,pull_request,2026-04-28 19:31:04,0.06573745974206499,2026-07-27 19:31:04,imputed_upload_step
25066078213,linux,pull_request,2026-04-28 17:50:14,0.6345239110357527,2026-07-27 17:50:14,imputed_upload_step
25066078213,macos,pull_request,2026-04-28 18:01:12,0.07485979037758494,2026-07-27 18:01:12,imputed_upload_step
25066078213,wasm64,pull_request,2026-04-28 17:46:37,0.1818765260830102,2026-07-27 17:46:37,imputed_upload_step
25071633118,windows,push,2026-04-28 21:26:33,0.06548246197206409,2026-07-27 21:26:33,imputed_upload_step
25071633118,macos,push,2026-04-28 19:37:01,0.07441660823921363,2026-07-27 19:37:01,imputed_upload_step
25071633118,wasm64,push,2026-04-28 19:48:26,0.18128158421152168,2026-07-27 19:48:26,imputed_upload_step
25071633118,linux,push,2026-04-28 20:00:15,0.9134545085951686,2026-07-27 20:00:15,imputed_upload_step
25071633118,wasm32,push,2026-04-28 19:43:55,0.18128158421152168,2026-07-27 19:43:55,imputed_upload_step
25071633118,wasm32,push,2026-04-30 05:53:17,0.18128158421152168,2026-07-29 05:53:17,imputed_upload_step
25071633118,wasm64,push,2026-04-30 05:53:39,0.18128158421152168,2026-07-29 05:53:39,imputed_upload_step
24907067951,wasm32,push,2026-04-30 05:42:10,0.18128158421152168,2026-07-29 05:42:10,imputed_upload_step
24907067951,wasm64,push,2026-04-30 05:55:00,0.18128158421152168,2026-07-29 05:55:00,imputed_upload_step
25156106019,wasm32,pull_request,2026-04-30 09:36:27,0.18187652607645158,2026-07-29 09:36:27,imputed_upload_step
25156106019,macos,pull_request,2026-04-30 09:52:54,0.07485979037758494,2026-07-29 09:52:54,imputed_upload_step
25156106019,windows,pull_request,2026-04-30 11:26:39,0.06573745974206499,2026-07-29 11:26:39,imputed_upload_step
25156106019,linux,pull_request,2026-04-30 09:47:28,0.6345239110357527,2026-07-29 09:47:28,imputed_upload_step
25156106019,wasm64,pull_request,2026-04-30 09:39:16,0.1818765260830102,2026-07-29 09:39:16,imputed_upload_step
25170782437,wasm32,pull_request,2026-04-30 15:19:17,0.18187652607645158,2026-07-29 15:19:17,imputed_upload_step
25170782437,linux,pull_request,2026-04-30 15:22:53,0.6345239110357527,2026-07-29 15:22:53,imputed_upload_step
25170782437,macos,pull_request,2026-04-30 15:25:56,0.07485979037758494,2026-07-29 15:25:56,imputed_upload_step
25170782437,windows,pull_request,2026-04-30 16:27:05,0.06573745974206499,2026-07-29 16:27:05,imputed_upload_step
25170782437,wasm64,pull_request,2026-04-30 15:19:03,0.1818765260830102,2026-07-29 15:19:03,imputed_upload_step
25229568126,macos,pull_request,2026-05-01 20:19:12,0.07485979037758494,2026-07-30 20:19:12,imputed_upload_step
25229568126,linux,pull_request,2026-05-01 20:30:42,0.6345239110357527,2026-07-30 20:30:42,imputed_upload_step
25229568126,wasm32,pull_request,2026-05-01 20:23:06,0.18187652607645158,2026-07-30 20:23:06,imputed_upload_step
25229568126,wasm64,pull_request,2026-05-01 20:25:59,0.1818765260830102,2026-07-30 20:25:59,imputed_upload_step
25234281644,linux,push,2026-05-01 22:41:12,0.9134545085951686,2026-07-30 22:41:12,imputed_upload_step
25234281644,wasm64,push,2026-05-01 22:30:55,0.18128158421152168,2026-07-30 22:30:55,imputed_upload_step
25234281644,windows,push,2026-05-02 00:11:13,0.06548246197206409,2026-07-31 00:11:13,imputed_upload_step
25234281644,macos,push,2026-05-01 22:48:52,0.07441660823921363,2026-07-30 22:48:52,imputed_upload_step
25234281644,wasm32,push,2026-05-01 22:36:12,0.18128158421152168,2026-07-30 22:36:12,imputed_upload_step
25388376166,windows,pull_request,2026-05-05 18:19:44,0.06573745974206499,2026-08-03 18:19:44,imputed_upload_step
25388376166,macos,pull_request,2026-05-05 17:13:30,0.07485979037758494,2026-08-03 17:13:30,imputed_upload_step
25388376166,linux,pull_request,2026-05-05 17:23:25,0.6345239110357527,2026-08-03 17:23:25,imputed_upload_step
25388376166,wasm64,pull_request,2026-05-05 17:11:18,0.1818765260830102,2026-08-03 17:11:18,imputed_upload_step
25388376166,wasm32,pull_request,2026-05-05 17:14:26,0.18187652607645158,2026-08-03 17:14:26,imputed_upload_step
25388521013,windows,pull_request,2026-05-05 19:06:44,0.06573745974206499,2026-08-03 19:06:44,imputed_upload_step
25388521013,macos,pull_request,2026-05-05 17:18:55,0.07485979037758494,2026-08-03 17:18:55,imputed_upload_step
25388521013,linux,pull_request,2026-05-05 17:24:38,0.6345239110357527,2026-08-03 17:24:38,imputed_upload_step
25388521013,wasm32,pull_request,2026-05-05 17:17:18,0.18187652607645158,2026-08-03 17:17:18,imputed_upload_step
25388521013,wasm64,pull_request,2026-05-05 17:16:02,0.1818765260830102,2026-08-03 17:16:02,imputed_upload_step
25388671899,wasm32,pull_request,2026-05-05 17:15:59,0.18187652607645158,2026-08-03 17:15:59,imputed_upload_step
25388671899,wasm64,pull_request,2026-05-05 17:20:59,0.1818765260830102,2026-08-03 17:20:59,imputed_upload_step
25508002176,macos,pull_request,2026-05-07 17:24:51,0.07485979037758494,2026-08-05 17:24:51,imputed_upload_step
25508002176,linux,pull_request,2026-05-07 17:16:35,0.6345239110357527,2026-08-05 17:16:35,imputed_upload_step
25508002176,windows,pull_request,2026-05-07 18:47:13,0.06573745974206499,2026-08-05 18:47:13,imputed_upload_step
25508002176,wasm64,pull_request,2026-05-07 17:11:18,0.1818765260830102,2026-08-05 17:11:18,imputed_upload_step
25508002176,wasm32,pull_request,2026-05-07 17:11:16,0.18187652607645158,2026-08-05 17:11:16,imputed_upload_step
25508231378,linux,pull_request,2026-05-07 17:25:16,0.6345239110357527,2026-08-05 17:25:16,imputed_upload_step
25508231378,macos,pull_request,2026-05-07 17:30:19,0.07485979037758494,2026-08-05 17:30:19,imputed_upload_step
25508231378,windows,pull_request,2026-05-07 19:04:08,0.06573745974206499,2026-08-05 19:04:08,imputed_upload_step
25508231378,wasm64,pull_request,2026-05-07 17:17:57,0.1818765260830102,2026-08-05 17:17:57,imputed_upload_step
25508231378,wasm32,pull_request,2026-05-07 17:12:55,0.18187652607645158,2026-08-05 17:12:55,imputed_upload_step
25508467551,wasm64,pull_request,2026-05-07 17:21:44,0.1818765260830102,2026-08-05 17:21:44,imputed_upload_step
25508467551,linux,pull_request,2026-05-07 17:28:43,0.6345239110357527,2026-08-05 17:28:43,imputed_upload_step
25508467551,windows,pull_request,2026-05-07 19:06:49,0.06573745974206499,2026-08-05 19:06:49,imputed_upload_step
25508467551,macos,pull_request,2026-05-07 17:42:28,0.07485979037758494,2026-08-05 17:42:28,imputed_upload_step
25508467551,wasm32,pull_request,2026-05-07 17:19:28,0.18187652607645158,2026-08-05 17:19:28,imputed_upload_step
25522855952,macos,push,2026-05-07 22:29:00,0.07441660823921363,2026-08-05 22:29:00,imputed_upload_step
25522855952,windows,push,2026-05-08 00:05:53,0.06548246197206409,2026-08-06 00:05:53,imputed_upload_step
25522855952,wasm32,push,2026-05-07 22:15:44,0.18128158421152168,2026-08-05 22:15:44,imputed_upload_step
25522855952,wasm64,push,2026-05-07 22:20:13,0.18128158421152168,2026-08-05 22:20:13,imputed_upload_step
25522855952,linux,push,2026-05-07 22:26:38,0.9134545085951686,2026-08-05 22:26:38,imputed_upload_step
25572788564,wasm64,pull_request,2026-05-08 19:26:52,0.1818765260830102,2026-08-06 19:26:52,imputed_upload_step
25572788564,wasm32,pull_request,2026-05-08 19:28:37,0.18187652607645158,2026-08-06 19:28:37,imputed_upload_step
25572788564,linux,pull_request,2026-05-08 19:23:48,0.6345239110357527,2026-08-06 19:23:48,imputed_upload_step
25572788564,windows,pull_request,2026-05-08 21:10:12,0.06573745974206499,2026-08-06 21:10:12,imputed_upload_step
25572788564,macos,pull_request,2026-05-08 19:20:45,0.07485979037758494,2026-08-06 19:20:45,imputed_upload_step
25694731206,wasm64,pull_request,2026-05-11 21:07:07,0.1818765260830102,2026-08-09 21:07:07,imputed_upload_step
25694731206,macos,pull_request,2026-05-11 21:15:27,0.07485979037758494,2026-08-09 21:15:27,imputed_upload_step
25694731206,windows,pull_request,2026-05-11 22:49:53,0.06573745974206499,2026-08-09 22:49:53,imputed_upload_step
25694731206,wasm32,pull_request,2026-05-11 21:10:35,0.18187652607645158,2026-08-09 21:10:35,imputed_upload_step
25694731206,linux,pull_request,2026-05-11 21:16:40,0.6345239110357527,2026-08-09 21:16:40,imputed_upload_step
26066035010,windows,push,2026-05-19 01:57:13,0.06548246197206409,2026-08-17 01:57:13,imputed_upload_step
26066035010,linux,push,2026-05-19 00:13:15,0.9134545085951686,2026-08-17 00:13:15,imputed_upload_step
26066035010,macos,push,2026-05-19 00:09:48,0.07441660823921363,2026-08-17 00:09:48,imputed_upload_step
26188353046,macos,pull_request,2026-05-20 21:41:12,0.07485979037758494,2026-08-18 21:41:12,imputed_upload_step
26188353046,linux,pull_request,2026-05-20 21:12:05,0.6345239110357527,2026-08-18 21:12:05,imputed_upload_step
26188353046,windows,pull_request,2026-05-20 22:40:08,0.06573745974206499,2026-08-18 22:40:08,imputed_upload_step
26237882575,macos,pull_request,2026-05-21 17:07:14,0.07485979037758494,2026-08-19 17:07:14,imputed_upload_step
26237882575,linux,pull_request,2026-05-21 17:10:23,0.6345239110357527,2026-08-19 17:10:23,imputed_upload_step
26237882575,windows,pull_request,2026-05-21 18:46:44,0.06573745974206499,2026-08-19 18:46:44,imputed_upload_step
26250176894,linux,pull_request,2026-05-21 20:55:48,0.6345239110357527,2026-08-19 20:55:48,imputed_upload_step
26250176894,macos,pull_request,2026-05-21 21:17:07,0.07485979037758494,2026-08-19 21:17:07,imputed_upload_step
26250176894,windows,pull_request,2026-05-21 22:50:20,0.06573745974206499,2026-08-19 22:50:20,imputed_upload_step
26312323753,wasm32,pull_request,2026-05-22 22:13:44,0.18187652607645158,2026-08-20 22:13:44,imputed_upload_step
26312323753,windows,pull_request,2026-05-22 23:55:48,0.06573745974206499,2026-08-20 23:55:48,imputed_upload_step
26312323753,wasm64,pull_request,2026-05-22 22:12:21,0.1818765260830102,2026-08-20 22:12:21,imputed_upload_step
26312323753,macos,pull_request,2026-05-22 22:00:51,0.07485979037758494,2026-08-20 22:00:51,imputed_upload_step
26312323753,linux,pull_request,2026-05-22 22:16:15,0.6345239110357527,2026-08-20 22:16:15,imputed_upload_step
26334236867,macos,pull_request,2026-05-23 14:29:11,0.07485979037758494,2026-08-21 14:29:11,imputed_upload_step
26334236867,linux,pull_request,2026-05-23 14:44:34,0.6345239110357527,2026-08-21 14:44:34,imputed_upload_step
26334236867,wasm64,pull_request,2026-05-23 14:34:24,0.1818765260830102,2026-08-21 14:34:24,imputed_upload_step
26334236867,wasm32,pull_request,2026-05-23 14:36:35,0.18187652607645158,2026-08-21 14:36:35,imputed_upload_step
26334236867,windows,pull_request,2026-05-23 15:43:28,0.06573745974206499,2026-08-21 15:43:28,imputed_upload_step
26477927433,windows,pull_request,2026-05-27 00:52:06,0.06573745974206499,2026-08-25 00:52:06,imputed_upload_step
26477927433,macos,pull_request,2026-05-26 22:56:44,0.07485979037758494,2026-08-24 22:56:44,imputed_upload_step
26477927433,linux,pull_request,2026-05-26 23:07:26,0.6345239110357527,2026-08-24 23:07:26,imputed_upload_step
26529291518,macos,pull_request,2026-05-27 18:59:15,0.07485979037758494,2026-08-25 18:59:15,imputed_upload_step
26529291518,linux,pull_request,2026-05-27 19:06:15,0.6345239110357527,2026-08-25 19:06:15,imputed_upload_step
26529291518,windows,pull_request,2026-05-27 20:07:43,0.06573745974206499,2026-08-25 20:07:43,imputed_upload_step
26529599615,linux,pull_request,2026-05-27 18:58:46,0.6345239110357527,2026-08-25 18:58:46,imputed_upload_step
26529599615,macos,pull_request,2026-05-27 19:00:16,0.07485979037758494,2026-08-25 19:00:16,imputed_upload_step
26529599615,windows,pull_request,2026-05-27 20:11:53,0.06573745974206499,2026-08-25 20:11:53,imputed_upload_step
26534968041,linux,pull_request,2026-05-27 20:54:22,0.6345239110357527,2026-08-25 20:54:22,imputed_upload_step
26534968041,macos,pull_request,2026-05-27 20:46:22,0.07485979037758494,2026-08-25 20:46:22,imputed_upload_step
26534968041,windows,pull_request,2026-05-27 22:36:52,0.06573745974206499,2026-08-25 22:36:52,imputed_upload_step
26589583765,macos,pull_request,2026-05-28 17:50:21,0.07485979037758494,2026-08-26 17:50:21,imputed_upload_step
26589583765,linux,pull_request,2026-05-28 18:02:23,0.6345239110357527,2026-08-26 18:02:23,imputed_upload_step
26589583765,windows,pull_request,2026-05-28 19:39:22,0.06573745974206499,2026-08-26 19:39:22,imputed_upload_step
26656864020,wasm32,push,2026-05-29 20:06:10,0.18128158421152168,2026-08-27 20:06:10,imputed_upload_step
26656864020,wasm64,push,2026-05-29 20:08:17,0.18128158421152168,2026-08-27 20:08:17,imputed_upload_step
26656864020,linux,push,2026-05-29 19:58:27,0.9134545085951686,2026-08-27 19:58:27,imputed_upload_step
26656864020,macos,push,2026-05-29 20:01:52,0.07441660823921363,2026-08-27 20:01:52,imputed_upload_step
26656864020,windows,push,2026-05-29 21:55:40,0.06548246197206409,2026-08-27 21:55:40,imputed_upload_step
26787765376,linux,pull_request,2026-06-02 00:14:42,0.6345239110357527,2026-08-31 00:14:42,imputed_upload_step
26787765376,windows,pull_request,2026-06-01 23:22:37,0.06573745974206499,2026-08-30 23:22:37,imputed_upload_step
26787765376,wasm64,pull_request,2026-06-02 00:06:41,0.1818765260830102,2026-08-31 00:06:41,imputed_upload_step
26787765376,macos,pull_request,2026-06-02 00:16:41,0.07485979037758494,2026-08-31 00:16:41,imputed_upload_step
26787765376,wasm32,pull_request,2026-06-01 23:56:10,0.18187652607645158,2026-08-30 23:56:10,imputed_upload_step
26965324764,windows,pull_request,2026-06-04 16:41:31,0.06573745974206499,2026-09-02 16:41:31,imputed_upload_step
26965324764,macos,pull_request,2026-06-04 17:25:27,0.07485979037758494,2026-09-02 17:25:27,imputed_upload_step
26965324764,linux,pull_request,2026-06-04 17:38:46,0.6345239110357527,2026-09-02 17:38:46,imputed_upload_step
27045350802,linux,push,2026-06-06 00:27:19,0.9134545085951686,2026-09-04 00:27:19,imputed_upload_step
27045350802,macos,push,2026-06-06 00:27:47,0.07441660823921363,2026-09-04 00:27:47,imputed_upload_step
27155239792,linux,pull_request,2026-06-08 18:32:40,0.6345239110357527,2026-09-06 18:32:40,imputed_upload_step
27155239792,macos,pull_request,2026-06-08 18:33:20,0.07485979037758494,2026-09-06 18:33:20,imputed_upload_step
27156728780,linux,pull_request,2026-06-08 18:59:03,0.6345239110357527,2026-09-06 18:59:03,imputed_upload_step
27156728780,macos,pull_request,2026-06-08 19:04:17,0.07485979037758494,2026-09-06 19:04:17,imputed_upload_step
27222341858,linux,pull_request,2026-06-09 18:03:52,0.6345239110357527,2026-09-07 18:03:52,imputed_upload_step
27222341858,macos,pull_request,2026-06-09 18:06:15,0.07485979037758494,2026-09-07 18:06:15,imputed_upload_step
27285396904,linux,pull_request,2026-06-10 16:03:55,0.6345239110357527,2026-09-08 16:03:55,imputed_upload_step
27285396904,macos,pull_request,2026-06-10 16:07:53,0.07485979037758494,2026-09-08 16:07:53,imputed_upload_step
27304958273,linux,pull_request,2026-06-10 21:45:00,0.6345239110357527,2026-09-08 21:45:00,imputed_upload_step
27304958273,macos,pull_request,2026-06-10 21:46:38,0.07485979037758494,2026-09-08 21:46:38,imputed_upload_step
27655611973,linux,push,2026-06-17 00:57:16,0.9134545085951686,2026-09-15 00:57:16,imputed_upload_step
27655611973,macos,push,2026-06-17 00:41:35,0.07441660823921363,2026-09-15 00:41:35,imputed_upload_step
27825655050,linux,pull_request,2026-06-19 13:33:06,0.6345239110357527,2026-09-17 13:33:06,imputed_upload_step
27825655050,macos,pull_request,2026-06-19 13:25:26,0.07485979037758494,2026-09-17 13:25:26,imputed_upload_step
27825738487,linux,pull_request,2026-06-19 13:33:01,0.6345239110357527,2026-09-17 13:33:01,imputed_upload_step
27825738487,macos,pull_request,2026-06-19 13:35:21,0.07485979037758494,2026-09-17 13:35:21,imputed_upload_step
27971406159,windows,pull_request,2026-06-22 20:13:19,0.06573745974206499,2026-09-20 20:13:19,imputed_upload_step
27971406159,linux,pull_request,2026-06-22 18:31:38,0.6345239110357527,2026-09-20 18:31:38,imputed_upload_step
27971406159,macos,pull_request,2026-06-22 18:28:14,0.07485979037758494,2026-09-20 18:28:14,imputed_upload_step
27971599912,linux,pull_request,2026-06-22 18:37:10,0.6345239110357527,2026-09-20 18:37:10,imputed_upload_step
27971599912,macos,pull_request,2026-06-22 18:42:46,0.07485979037758494,2026-09-20 18:42:46,imputed_upload_step
27971599912,windows,pull_request,2026-06-22 20:18:54,0.06573745974206499,2026-09-20 20:18:54,imputed_upload_step
27971638256,linux,pull_request,2026-06-22 18:33:23,0.6345239110357527,2026-09-20 18:33:23,imputed_upload_step
27971638256,windows,pull_request,2026-06-22 20:19:15,0.06573745974206499,2026-09-20 20:19:15,imputed_upload_step
27971638256,macos,pull_request,2026-06-22 18:45:25,0.07485979037758494,2026-09-20 18:45:25,imputed_upload_step
27973397318,linux,pull_request,2026-06-22 19:03:47,0.6345239110357527,2026-09-20 19:03:47,imputed_upload_step
27973397318,macos,pull_request,2026-06-22 19:01:19,0.07485979037758494,2026-09-20 19:01:19,imputed_upload_step
27973397318,windows,pull_request,2026-06-22 20:46:40,0.06573745974206499,2026-09-20 20:46:40,imputed_upload_step
27655611973,windows,push,2026-06-23 03:10:23,0.06548246197206409,2026-09-21 03:10:23,imputed_upload_step
28106181943,linux,pull_request,2026-06-24 15:34:01,0.6345239110357527,2026-09-22 15:34:01,imputed_upload_step
28106181943,windows,pull_request,2026-06-24 14:42:16,0.06573745974206499,2026-09-22 14:42:16,imputed_upload_step
28106181943,macos,pull_request,2026-06-24 15:42:06,0.07485979037758494,2026-09-22 15:42:06,imputed_upload_step
28182306566,linux,pull_request,2026-06-25 16:33:51,0.6345239110357527,2026-09-23 16:33:51,imputed_upload_step
28182306566,macos,pull_request,2026-06-25 16:56:26,0.07485979037758494,2026-09-23 16:56:26,imputed_upload_step
28182306566,windows,pull_request,2026-06-25 15:57:16,0.06573745974206499,2026-09-23 15:57:16,imputed_upload_step
28182378152,linux,pull_request,2026-06-25 16:51:34,0.6345239110357527,2026-09-23 16:51:34,imputed_upload_step
28182378152,windows,pull_request,2026-06-25 15:58:07,0.06573745974206499,2026-09-23 15:58:07,imputed_upload_step
28182378152,macos,pull_request,2026-06-25 16:47:32,0.07485979037758494,2026-09-23 16:47:32,imputed_upload_step
28189323299,macos,pull_request,2026-06-25 18:57:01,0.07485979037758494,2026-09-23 18:57:01,imputed_upload_step
28189323299,windows,pull_request,2026-06-25 17:58:35,0.06573745974206499,2026-09-23 17:58:35,imputed_upload_step
28189323299,linux,pull_request,2026-06-25 18:51:05,0.6345239110357527,2026-09-23 18:51:05,imputed_upload_step
28202954468,linux,pull_request,2026-06-25 23:00:36,0.6345239110357527,2026-09-23 23:00:36,imputed_upload_step
28202954468,windows,pull_request,2026-06-25 22:04:08,0.06573745974206499,2026-09-23 22:04:08,imputed_upload_step
28202954468,macos,pull_request,2026-06-25 22:54:43,0.07485979037758494,2026-09-23 22:54:43,imputed_upload_step
28256041155,windows,pull_request,2026-06-26 20:46:45,0.06573745974206499,2026-09-24 20:46:45,imputed_upload_step
28256041155,linux,pull_request,2026-06-26 19:04:30,0.6345239110357527,2026-09-24 19:04:30,imputed_upload_step
28256041155,macos,pull_request,2026-06-26 19:05:04,0.07485979037758494,2026-09-24 19:05:04,imputed_upload_step
28391452245,linux,pull_request,2026-06-29 18:46:23,0.6345239110357527,2026-09-27 18:46:23,imputed_upload_step
28391452245,macos,pull_request,2026-06-29 18:59:01,0.07485979037758494,2026-09-27 18:59:01,imputed_upload_step
28392475895,linux,pull_request,2026-06-29 19:06:26,0.6345239110357527,2026-09-27 19:06:26,imputed_upload_step
28392475895,macos,pull_request,2026-06-29 19:07:29,0.07485979037758494,2026-09-27 19:07:29,imputed_upload_step
28392475895,windows,pull_request,2026-06-29 18:13:34,0.06573745974206499,2026-09-27 18:13:34,imputed_upload_step
28396130914,linux,pull_request,2026-06-29 20:14:34,0.6345239110357527,2026-09-27 20:14:34,imputed_upload_step
28396130914,macos,pull_request,2026-06-29 20:12:03,0.07485979037758494,2026-09-27 20:12:03,imputed_upload_step
28396130914,windows,pull_request,2026-06-29 19:16:12,0.06573745974206499,2026-09-27 19:16:12,imputed_upload_step
28404583145,macos,pull_request,2026-06-29 22:48:16,0.07485979037758494,2026-09-27 22:48:16,imputed_upload_step
28404583145,linux,pull_request,2026-06-29 22:47:04,0.6345239110357527,2026-09-27 22:47:04,imputed_upload_step
28404583145,windows,pull_request,2026-06-29 21:50:17,0.06573745974206499,2026-09-27 21:50:17,imputed_upload_step
28407172920,linux,pull_request,2026-06-29 23:37:23,0.6345239110357527,2026-09-27 23:37:23,imputed_upload_step
28407172920,macos,pull_request,2026-06-29 23:33:38,0.07485979037758494,2026-09-27 23:33:38,imputed_upload_step
28407172920,windows,pull_request,2026-06-29 22:43:34,0.06573745974206499,2026-09-27 22:43:34,imputed_upload_step
28410334127,macos,pull_request,2026-06-30 00:54:08,0.07485979037758494,2026-09-28 00:54:08,imputed_upload_step
28410334127,linux,pull_request,2026-06-30 00:55:04,0.6345239110357527,2026-09-28 00:55:04,imputed_upload_step
28410334127,windows,pull_request,2026-06-29 23:58:29,0.06573745974206499,2026-09-27 23:58:29,imputed_upload_step
28410432254,linux,pull_request,2026-06-30 00:57:35,0.6345239110357527,2026-09-28 00:57:35,imputed_upload_step
28410432254,windows,pull_request,2026-06-30 00:00:47,0.06573745974206499,2026-09-28 00:00:47,imputed_upload_step
28410432254,macos,pull_request,2026-06-30 00:52:26,0.07485979037758494,2026-09-28 00:52:26,imputed_upload_step
28411347275,linux,push,2026-06-30 01:22:50,0.9134545085951686,2026-09-28 01:22:50,imputed_upload_step
28411347275,windows,push,2026-06-30 02:43:33,0.06548246197206409,2026-09-28 02:43:33,imputed_upload_step
28411347275,wasm32,push,2026-06-30 01:10:46,0.18128158421152168,2026-09-28 01:10:46,imputed_upload_step
28411347275,wasm64,push,2026-06-30 01:14:03,0.18128158421152168,2026-09-28 01:14:03,imputed_upload_step
28411347275,macos,push,2026-06-30 01:27:06,0.07441660823921363,2026-09-28 01:27:06,imputed_upload_step
28464501607,windows,pull_request,2026-06-30 20:23:57,0.06573745974206499,2026-09-28 20:23:57,imputed_upload_step
28464501607,linux,pull_request,2026-06-30 18:51:15,0.6345239110357527,2026-09-28 18:51:15,imputed_upload_step
28464501607,wasm32,pull_request,2026-06-30 18:43:56,0.18187652607645158,2026-09-28 18:43:56,imputed_upload_step
28464501607,wasm64,pull_request,2026-06-30 18:42:09,0.1818765260830102,2026-09-28 18:42:09,imputed_upload_step
28464501607,macos,pull_request,2026-06-30 18:30:08,0.07485979037758494,2026-09-28 18:30:08,imputed_upload_step
28479480412,linux,pull_request,2026-06-30 23:20:46,0.6345239110357527,2026-09-28 23:20:46,imputed_upload_step
28479480412,macos,pull_request,2026-06-30 23:29:14,0.07485979037758494,2026-09-28 23:29:14,imputed_upload_step
28479480412,wasm32,pull_request,2026-06-30 23:18:58,0.18187652607645158,2026-09-28 23:18:58,imputed_upload_step
28479480412,windows,pull_request,2026-06-30 22:25:33,0.06573745974206499,2026-09-28 22:25:33,imputed_upload_step
28479480412,wasm64,pull_request,2026-06-30 23:20:09,0.1818765260830102,2026-09-28 23:20:09,imputed_upload_step
28518433692,macos,pull_request,2026-07-01 13:57:11,0.07485979037758494,2026-09-29 13:57:11,imputed_upload_step
28518433692,windows,pull_request,2026-07-01 12:50:19,0.06573745974206499,2026-09-29 12:50:19,imputed_upload_step
28518433692,linux,pull_request,2026-07-01 13:47:43,0.6345239110357527,2026-09-29 13:47:43,imputed_upload_step
28518433692,wasm64,pull_request,2026-07-01 13:44:59,0.1818765260830102,2026-09-29 13:44:59,imputed_upload_step
28518433692,wasm32,pull_request,2026-07-01 13:45:07,0.18187652607645158,2026-09-29 13:45:07,imputed_upload_step
28556950135,linux,pull_request,2026-07-02 01:34:57,0.6345239110357527,2026-09-30 01:34:57,imputed_upload_step
28556950135,windows,pull_request,2026-07-02 00:38:09,0.06573745974206499,2026-09-30 00:38:09,imputed_upload_step
28556950135,wasm64,pull_request,2026-07-02 01:23:45,0.1818765260830102,2026-09-30 01:23:45,imputed_upload_step
28556950135,wasm32,pull_request,2026-07-02 01:27:33,0.18187652607645158,2026-09-30 01:27:33,imputed_upload_step
28556950135,macos,pull_request,2026-07-02 01:33:04,0.07485979037758494,2026-09-30 01:33:04,imputed_upload_step
