job_id,run_id,run_attempt,platform,job_name,started_at,completed_at,month,conclusion,filter_result,steps_available,job_minutes,build_step_minutes,runner_labels,url
47147245093,16657824938,1,linux,Linux,2025-07-31 19:11:38,2025-07-31 20:08:06,2025-07,success,included,False,56.46666666666667,,"[""ubuntu-22.04""]",https://github.com/PixarAnimationStudios/OpenUSD/actions/runs/16657824938/job/47147245093
47147245125,16657824938,1,windows,Windows,2025-07-31 19:11:39,2025-07-31 20:26:06,2025-07,success,included,False,74.45,,"[""windows-2022""]",https://github.com/PixarAnimationStudios/OpenUSD/actions/runs/16657824938/job/47147245125
47147245143,16657824938,1,macos,macOS,2025-07-31 19:11:44,2025-07-31 19:50:03,2025-07,success,included,False,38.31666666666667,,"[""macos-15""]",https://github.com/PixarAnimationStudios/OpenUSD/actions/runs/16657824938/job/47147245143
47147484957,16657892999,1,linux,Linux,2025-07-31 19:15:13,2025-07-31 20:11:35,2025-07,success,included,False,56.36666666666667,,"[""ubuntu-22.04""]",https://github.com/PixarAnimationStudios/OpenUSD/actions/runs/16657892999/job/47147484957
47147484956,16657892999,1,windows,Windows,2025-07-31 19:15:15,2025-07-31 20:28:59,2025-07,success,included,False,73.73333333333333,,"[""windows-2022""]",https://github.com/PixarAnimationStudios/OpenUSD/actions/runs/16657892999/job/47147484956
47147484972,16657892999,1,macos,macOS,2025-07-31 19:15:19,2025-07-31 19:53:48,2025-07,success,included,False,38.483333333333334,,"[""macos-15""]",https://github.com/PixarAnimationStudios/OpenUSD/actions/runs/16657892999/job/47147484972
47149517949,16658490101,1,linux,Linux,2025-07-31 19:46:57,2025-07-31 20:42:17,2025-07,success,included,False,55.333333333333336,,"[""ubuntu-22.04""]",https://github.com/PixarAnimationStudios/OpenUSD/actions/runs/16658490101/job/47149517949
47149517980,16658490101,1,windows,Windows,2025-07-31 19:46:58,2025-07-31 20:59:33,2025-07,success,included,False,72.58333333333333,,"[""windows-2022""]",https://github.com/PixarAnimationStudios/OpenUSD/actions/runs/16658490101/job/47149517980
47149517959,16658490101,1,macos,macOS,2025-07-31 19:47:06,2025-07-31 21:02:03,2025-07,failure,not_successful,False,74.95,,"[""macos-15""]",https://github.com/PixarAnimationStudios/OpenUSD/actions/runs/16658490101/job/47149517959
47225485875,16682870245,1,linux,Linux,2025-08-01 18:54:15,2025-08-01 19:48:48,2025-08,success,included,False,54.55,,"[""ubuntu-22.04""]",https://github.com/PixarAnimationStudios/OpenUSD/actions/runs/16682870245/job/47225485875
47225485890,16682870245,1,windows,Windows,2025-08-01 18:54:18,2025-08-01 20:06:45,2025-08,success,included,False,72.45,,"[""windows-2022""]",https://github.com/PixarAnimationStudios/OpenUSD/actions/runs/16682870245/job/47225485890
47225485861,16682870245,1,macos,macOS,2025-08-01 18:54:23,2025-08-01 19:33:44,2025-08,success,included,False,39.35,,"[""macos-15""]",https://github.com/PixarAnimationStudios/OpenUSD/actions/runs/16682870245/job/47225485861
47233632929,16685399005,1,linux,Linux,2025-08-01 21:20:43,2025-08-01 22:16:47,2025-08,success,included,False,56.06666666666667,,"[""ubuntu-22.04""]",https://github.com/PixarAnimationStudios/OpenUSD/actions/runs/16685399005/job/47233632929
47233632944,16685399005,1,windows,Windows,2025-08-01 21:20:43,2025-08-01 22:36:16,2025-08,success,included,False,75.55,,"[""windows-2022""]",https://github.com/PixarAnimationStudios/OpenUSD/actions/runs/16685399005/job/47233632944
47233632920,16685399005,1,macos,macOS,2025-08-01 21:20:51,2025-08-01 22:11:21,2025-08,success,included,False,50.5,,"[""macos-15""]",https://github.com/PixarAnimationStudios/OpenUSD/actions/runs/16685399005/job/47233632920
47241715289,16688256879,1,linux,Linux,2025-08-02 01:13:45,2025-08-02 02:08:49,2025-08,success,included,False,55.06666666666667,,"[""ubuntu-22.04""]",https://github.com/PixarAnimationStudios/OpenUSD/actions/runs/16688256879/job/47241715289
47241715303,16688256879,1,windows,Windows,2025-08-02 01:13:46,2025-08-02 02:26:38,2025-08,success,included,False,72.86666666666666,,"[""windows-2022""]",https://github.com/PixarAnimationStudios/OpenUSD/actions/runs/16688256879/job/47241715303
47241715288,16688256879,1,macos,macOS,2025-08-02 01:13:51,2025-08-02 01:53:12,2025-08,failure,not_successful,False,39.35,,"[""macos-15""]",https://github.com/PixarAnimationStudios/OpenUSD/actions/runs/16688256879/job/47241715288
47322325590,16720079453,1,linux,Linux,2025-08-04 10:03:08,2025-08-04 10:58:25,2025-08,success,included,False,55.28333333333333,,"[""ubuntu-22.04""]",https://github.com/PixarAnimationStudios/OpenUSD/actions/runs/16720079453/job/47322325590
47322325571,16720079453,1,windows,Windows,2025-08-04 10:03:10,2025-08-04 11:16:27,2025-08,success,included,False,73.28333333333333,,"[""windows-2022""]",https://github.com/PixarAnimationStudios/OpenUSD/actions/runs/16720079453/job/47322325571
47322325561,16720079453,1,macos,macOS,2025-08-04 10:03:16,2025-08-04 11:22:04,2025-08,success,included,False,78.8,,"[""macos-15""]",https://github.com/PixarAnimationStudios/OpenUSD/actions/runs/16720079453/job/47322325561
47407332577,16746840646,1,linux,Linux,2025-08-05 09:59:08,2025-08-05 10:54:14,2025-08,success,included,False,55.1,,"[""ubuntu-22.04""]",https://github.com/PixarAnimationStudios/OpenUSD/actions/runs/16746840646/job/47407332577
47407332602,16746840646,1,windows,Windows,2025-08-05 09:59:09,2025-08-05 11:11:43,2025-08,success,included,False,72.56666666666666,,"[""windows-2022""]",https://github.com/PixarAnimationStudios/OpenUSD/actions/runs/16746840646/job/47407332602
47407332608,16746840646,1,macos,macOS,2025-08-05 09:59:16,2025-08-05 10:58:00,2025-08,success,included,False,58.733333333333334,,"[""macos-15""]",https://github.com/PixarAnimationStudios/OpenUSD/actions/runs/16746840646/job/47407332608
47520929532,16781440066,1,windows,Windows,2025-08-06 15:32:00,2025-08-06 16:50:26,2025-08,failure,not_successful,False,78.43333333333334,,"[""windows-2022""]",https://github.com/PixarAnimationStudios/OpenUSD/actions/runs/16781440066/job/47520929532
47520929537,16781440066,1,linux,Linux,2025-08-06 15:32:00,2025-08-06 16:27:28,2025-08,success,included,False,55.46666666666667,,"[""ubuntu-22.04""]",https://github.com/PixarAnimationStudios/OpenUSD/actions/runs/16781440066/job/47520929537
47520929523,16781440066,1,macos,macOS,2025-08-06 15:32:09,2025-08-06 16:29:45,2025-08,success,included,False,57.6,,"[""macos-15""]",https://github.com/PixarAnimationStudios/OpenUSD/actions/runs/16781440066/job/47520929523
47553585576,16791415004,1,linux,Linux,2025-08-06 23:52:06,2025-08-07 00:52:55,2025-08,success,included,False,60.81666666666667,,"[""ubuntu-22.04""]",https://github.com/PixarAnimationStudios/OpenUSD/actions/runs/16791415004/job/47553585576
47553585606,16791415004,1,windows,Windows,2025-08-06 23:52:07,2025-08-07 01:13:24,2025-08,success,included,False,81.28333333333333,,"[""windows-2022""]",https://github.com/PixarAnimationStudios/OpenUSD/actions/runs/16791415004/job/47553585606
47553585618,16791415004,1,macos,macOS,2025-08-06 23:52:11,2025-08-07 00:36:00,2025-08,success,included,False,43.81666666666667,,"[""macos-15""]",https://github.com/PixarAnimationStudios/OpenUSD/actions/runs/16791415004/job/47553585618
47703008809,16838279439,1,linux,Linux,2025-08-08 18:56:36,2025-08-08 19:55:57,2025-08,success,included,False,59.35,,"[""ubuntu-22.04""]",https://github.com/PixarAnimationStudios/OpenUSD/actions/runs/16838279439/job/47703008809
47703008864,16838279439,1,windows,Windows,2025-08-08 18:56:37,2025-08-08 20:19:28,2025-08,success,included,False,82.85,,"[""windows-2022""]",https://github.com/PixarAnimationStudios/OpenUSD/actions/runs/16838279439/job/47703008864
47703008808,16838279439,1,macos,macOS,2025-08-08 18:56:43,2025-08-08 19:34:03,2025-08,success,included,False,37.333333333333336,,"[""macos-15""]",https://github.com/PixarAnimationStudios/OpenUSD/actions/runs/16838279439/job/47703008808
47708414821,16839902058,1,linux,Linux,2025-08-08 20:29:56,2025-08-08 21:29:26,2025-08,success,included,False,59.5,,"[""ubuntu-22.04""]",https://github.com/PixarAnimationStudios/OpenUSD/actions/runs/16839902058/job/47708414821
47708414825,16839902058,1,windows,Windows,2025-08-08 20:29:56,2025-08-08 21:52:10,2025-08,success,included,False,82.23333333333333,,"[""windows-2022""]",https://github.com/PixarAnimationStudios/OpenUSD/actions/runs/16839902058/job/47708414825
47708414819,16839902058,1,macos,macOS,2025-08-08 20:30:02,2025-08-08 21:09:23,2025-08,success,included,False,39.35,,"[""macos-15""]",https://github.com/PixarAnimationStudios/OpenUSD/actions/runs/16839902058/job/47708414819
47974969455,16930568489,1,windows,Windows,2025-08-13 07:28:56,2025-08-13 07:32:03,2025-08,failure,not_successful,False,3.1166666666666667,,"[""windows-2022""]",https://github.com/PixarAnimationStudios/OpenUSD/actions/runs/16930568489/job/47974969455
47974969434,16930568489,1,macos,macOS,2025-08-13 07:29:08,2025-08-13 08:43:26,2025-08,success,included,False,74.3,,"[""macos-15""]",https://github.com/PixarAnimationStudios/OpenUSD/actions/runs/16930568489/job/47974969434
47974969444,16930568489,1,linux,Linux,2025-08-13 07:29:39,2025-08-13 08:28:59,2025-08,success,included,False,59.333333333333336,,"[""ubuntu-22.04""]",https://github.com/PixarAnimationStudios/OpenUSD/actions/runs/16930568489/job/47974969444
48050626912,16953391675,1,linux,Linux,2025-08-14 01:21:37,2025-08-14 02:19:07,2025-08,success,included,False,57.5,,"[""ubuntu-22.04""]",https://github.com/PixarAnimationStudios/OpenUSD/actions/runs/16953391675/job/48050626912
48050626918,16953391675,1,windows,Windows,2025-08-14 01:21:37,2025-08-14 02:42:31,2025-08,success,included,False,80.9,,"[""windows-2022""]",https://github.com/PixarAnimationStudios/OpenUSD/actions/runs/16953391675/job/48050626918
48050626909,16953391675,1,macos,macOS,2025-08-14 01:21:48,2025-08-14 02:38:02,2025-08,success,included,False,76.23333333333333,,"[""macos-15""]",https://github.com/PixarAnimationStudios/OpenUSD/actions/runs/16953391675/job/48050626909
48196733041,16999060273,1,linux,Linux,2025-08-15 20:47:09,2025-08-15 21:45:45,2025-08,success,included,False,58.6,,"[""ubuntu-22.04""]",https://github.com/PixarAnimationStudios/OpenUSD/actions/runs/16999060273/job/48196733041
48196733045,16999060273,1,macos,macOS,2025-08-15 20:47:09,2025-08-15 21:36:57,2025-08,success,included,False,49.8,,"[""macos-15""]",https://github.com/PixarAnimationStudios/OpenUSD/actions/runs/16999060273/job/48196733045
48196733055,16999060273,1,windows,Windows,2025-08-15 20:47:10,2025-08-15 22:08:25,2025-08,success,included,False,81.25,,"[""windows-2022""]",https://github.com/PixarAnimationStudios/OpenUSD/actions/runs/16999060273/job/48196733055
48386783827,17067098234,1,linux,Linux,2025-08-19 10:39:52,2025-08-19 11:37:52,2025-08,success,included,False,58.0,,"[""ubuntu-22.04""]",https://github.com/PixarAnimationStudios/OpenUSD/actions/runs/17067098234/job/48386783827
48386783842,17067098234,1,windows,Windows,2025-08-19 10:39:52,2025-08-19 12:00:56,2025-08,success,included,False,81.06666666666666,,"[""windows-2022""]",https://github.com/PixarAnimationStudios/OpenUSD/actions/runs/17067098234/job/48386783842
48386783837,17067098234,1,macos,macOS,2025-08-19 10:39:53,2025-08-19 11:33:23,2025-08,success,included,False,53.5,,"[""macos-15""]",https://github.com/PixarAnimationStudios/OpenUSD/actions/runs/17067098234/job/48386783837
48499027519,17101485278,1,linux,Linux,2025-08-20 14:31:28,2025-08-20 15:31:43,2025-08,success,included,False,60.25,,"[""ubuntu-22.04""]",https://github.com/PixarAnimationStudios/OpenUSD/actions/runs/17101485278/job/48499027519
48499027556,17101485278,1,windows,Windows,2025-08-20 14:31:28,2025-08-20 15:54:11,2025-08,success,included,False,82.71666666666667,,"[""windows-2022""]",https://github.com/PixarAnimationStudios/OpenUSD/actions/runs/17101485278/job/48499027556
48499027584,17101485278,1,macos,macOS,2025-08-20 14:31:29,2025-08-20 14:32:50,2025-08,failure,not_successful,False,1.35,,"[""macos-15""]",https://github.com/PixarAnimationStudios/OpenUSD/actions/runs/17101485278/job/48499027584
48507169509,17103759377,1,windows,Windows,2025-08-20 16:01:09,2025-08-20 17:23:22,2025-08,success,included,False,82.21666666666667,,"[""windows-2022""]",https://github.com/PixarAnimationStudios/OpenUSD/actions/runs/17103759377/job/48507169509
48507169458,17103759377,1,linux,Linux,2025-08-20 16:01:11,2025-08-20 17:01:08,2025-08,success,included,False,59.95,,"[""ubuntu-22.04""]",https://github.com/PixarAnimationStudios/OpenUSD/actions/runs/17103759377/job/48507169458
48507169508,17103759377,1,macos,macOS,2025-08-20 16:01:12,2025-08-20 16:50:01,2025-08,success,included,False,48.81666666666667,,"[""macos-15""]",https://github.com/PixarAnimationStudios/OpenUSD/actions/runs/17103759377/job/48507169508
48520728612,17107661127,1,linux,Linux,2025-08-20 18:57:54,2025-08-20 19:55:38,2025-08,success,included,False,57.733333333333334,,"[""ubuntu-22.04""]",https://github.com/PixarAnimationStudios/OpenUSD/actions/runs/17107661127/job/48520728612
48520728627,17107661127,1,windows,Windows,2025-08-20 18:57:56,2025-08-20 20:19:29,2025-08,success,included,False,81.55,,"[""windows-2022""]",https://github.com/PixarAnimationStudios/OpenUSD/actions/runs/17107661127/job/48520728627
48520728632,17107661127,1,macos,macOS,2025-08-20 18:58:02,2025-08-20 19:40:59,2025-08,success,included,False,42.95,,"[""macos-15""]",https://github.com/PixarAnimationStudios/OpenUSD/actions/runs/17107661127/job/48520728632
48535114297,17111939668,1,windows,Windows,2025-08-20 22:34:45,2025-08-20 23:07:05,2025-08,failure,not_successful,False,32.333333333333336,,"[""windows-2022""]",https://github.com/PixarAnimationStudios/OpenUSD/actions/runs/17111939668/job/48535114297
48535114322,17111939668,1,linux,Linux,2025-08-20 22:34:45,2025-08-20 22:47:48,2025-08,failure,not_successful,False,13.05,,"[""ubuntu-22.04""]",https://github.com/PixarAnimationStudios/OpenUSD/actions/runs/17111939668/job/48535114322
48535114277,17111939668,1,macos,macOS,2025-08-20 22:34:55,2025-08-20 22:50:55,2025-08,failure,not_successful,False,16.0,,"[""macos-15""]",https://github.com/PixarAnimationStudios/OpenUSD/actions/runs/17111939668/job/48535114277
48535194142,17111968669,1,linux,Linux,2025-08-20 22:36:16,2025-08-20 22:48:32,2025-08,failure,not_successful,False,12.266666666666667,,"[""ubuntu-22.04""]",https://github.com/PixarAnimationStudios/OpenUSD/actions/runs/17111968669/job/48535194142
48535194158,17111968669,1,windows,Windows,2025-08-20 22:36:17,2025-08-20 23:09:44,2025-08,failure,not_successful,False,33.45,,"[""windows-2022""]",https://github.com/PixarAnimationStudios/OpenUSD/actions/runs/17111968669/job/48535194158
48535194150,17111968669,1,macos,macOS,2025-08-20 22:36:25,2025-08-20 23:01:04,2025-08,failure,not_successful,False,24.65,,"[""macos-15""]",https://github.com/PixarAnimationStudios/OpenUSD/actions/runs/17111968669/job/48535194150
48572203061,17124264595,1,windows,Windows,2025-08-21 10:28:54,2025-08-21 11:52:08,2025-08,success,included,False,83.23333333333333,,"[""windows-2022""]",https://github.com/PixarAnimationStudios/OpenUSD/actions/runs/17124264595/job/48572203061
48572203076,17124264595,1,linux,Linux,2025-08-21 10:28:54,2025-08-21 11:28:39,2025-08,success,included,False,59.75,,"[""ubuntu-22.04""]",https://github.com/PixarAnimationStudios/OpenUSD/actions/runs/17124264595/job/48572203076
48572203088,17124264595,1,macos,macOS,2025-08-21 10:28:55,2025-08-21 11:34:07,2025-08,success,included,False,65.2,,"[""macos-15""]",https://github.com/PixarAnimationStudios/OpenUSD/actions/runs/17124264595/job/48572203088
48642776978,17146137228,1,linux,Linux,2025-08-22 04:32:13,2025-08-22 05:30:16,2025-08,success,included,False,58.05,,"[""ubuntu-22.04""]",https://github.com/PixarAnimationStudios/OpenUSD/actions/runs/17146137228/job/48642776978
48642776983,17146137228,1,windows,Windows,2025-08-22 04:32:13,2025-08-22 05:53:44,2025-08,success,included,False,81.51666666666667,,"[""windows-2022""]",https://github.com/PixarAnimationStudios/OpenUSD/actions/runs/17146137228/job/48642776983
48642776968,17146137228,1,macos,macOS,2025-08-22 04:32:14,2025-08-22 05:22:47,2025-08,success,included,False,50.55,,"[""macos-15""]",https://github.com/PixarAnimationStudios/OpenUSD/actions/runs/17146137228/job/48642776968
48780278404,17196879428,1,linux,Linux,2025-08-25 01:48:29,2025-08-25 02:47:48,2025-08,success,included,False,59.31666666666667,,"[""ubuntu-22.04""]",https://github.com/PixarAnimationStudios/OpenUSD/actions/runs/17196879428/job/48780278404
48780278405,17196879428,1,windows,Windows,2025-08-25 01:48:29,2025-08-25 03:09:10,2025-08,success,included,False,80.68333333333334,,"[""windows-2022""]",https://github.com/PixarAnimationStudios/OpenUSD/actions/runs/17196879428/job/48780278405
48780278406,17196879428,1,macos,macOS,2025-08-25 01:48:35,2025-08-25 02:46:03,2025-08,success,included,False,57.46666666666667,,"[""macos-15""]",https://github.com/PixarAnimationStudios/OpenUSD/actions/runs/17196879428/job/48780278406
48864164744,17223710847,1,linux,Linux,2025-08-25 23:50:05,2025-08-26 00:49:01,2025-08,success,included,False,58.93333333333333,,"[""ubuntu-22.04""]",https://github.com/PixarAnimationStudios/OpenUSD/actions/runs/17223710847/job/48864164744
48864164759,17223710847,1,macos,macOS,2025-08-25 23:50:06,2025-08-26 00:55:16,2025-08,success,included,False,65.16666666666667,,"[""macos-15""]",https://github.com/PixarAnimationStudios/OpenUSD/actions/runs/17223710847/job/48864164759
48864164776,17223710847,1,windows,Windows,2025-08-25 23:50:06,2025-08-26 01:10:50,2025-08,success,included,False,80.73333333333333,,"[""windows-2022""]",https://github.com/PixarAnimationStudios/OpenUSD/actions/runs/17223710847/job/48864164776
49012423119,17270154569,1,linux,Linux,2025-08-27 14:44:59,2025-08-27 14:46:19,2025-08,failure,not_successful,False,1.3333333333333333,,"[""ubuntu-22.04""]",https://github.com/PixarAnimationStudios/OpenUSD/actions/runs/17270154569/job/49012423119
49012423141,17270154569,1,windows,Windows,2025-08-27 14:44:59,2025-08-27 14:49:02,2025-08,failure,not_successful,False,4.05,,"[""windows-2022""]",https://github.com/PixarAnimationStudios/OpenUSD/actions/runs/17270154569/job/49012423141
49012423109,17270154569,1,macos,macOS,2025-08-27 14:45:00,2025-08-27 14:46:21,2025-08,failure,not_successful,False,1.35,,"[""macos-15""]",https://github.com/PixarAnimationStudios/OpenUSD/actions/runs/17270154569/job/49012423109
49013230255,17270376551,1,linux,Linux,2025-08-27 14:53:31,2025-08-27 15:53:34,2025-08,success,included,False,60.05,,"[""ubuntu-22.04""]",https://github.com/PixarAnimationStudios/OpenUSD/actions/runs/17270376551/job/49013230255
49013230252,17270376551,1,macos,macOS,2025-08-27 14:53:33,2025-08-27 16:00:32,2025-08,success,included,False,66.98333333333333,,"[""macos-15""]",https://github.com/PixarAnimationStudios/OpenUSD/actions/runs/17270376551/job/49013230252
49013230270,17270376551,1,windows,Windows,2025-08-27 14:53:33,2025-08-27 16:17:20,2025-08,success,included,False,83.78333333333333,,"[""windows-2022""]",https://github.com/PixarAnimationStudios/OpenUSD/actions/runs/17270376551/job/49013230270
49101293944,17298044066,1,linux,Linux,2025-08-28 13:56:01,2025-08-28 14:55:19,2025-08,success,included,False,59.3,,"[""ubuntu-22.04""]",https://github.com/PixarAnimationStudios/OpenUSD/actions/runs/17298044066/job/49101293944
49101293953,17298044066,1,windows,Windows,2025-08-28 13:56:02,2025-08-28 15:16:47,2025-08,success,included,False,80.75,,"[""windows-2022""]",https://github.com/PixarAnimationStudios/OpenUSD/actions/runs/17298044066/job/49101293953
49101294000,17298044066,1,macos,macOS,2025-08-28 13:56:03,2025-08-28 15:04:33,2025-08,success,included,False,68.5,,"[""macos-15""]",https://github.com/PixarAnimationStudios/OpenUSD/actions/runs/17298044066/job/49101294000
49102178218,17298276692,1,linux,Linux,2025-08-28 14:04:56,2025-08-28 15:05:11,2025-08,success,included,False,60.25,,"[""ubuntu-22.04""]",https://github.com/PixarAnimationStudios/OpenUSD/actions/runs/17298276692/job/49102178218
49102178227,17298276692,1,windows,Windows,2025-08-28 14:04:57,2025-08-28 15:25:32,2025-08,success,included,False,80.58333333333333,,"[""windows-2022""]",https://github.com/PixarAnimationStudios/OpenUSD/actions/runs/17298276692/job/49102178227
49102178192,17298276692,1,macos,macOS,2025-08-28 14:04:58,2025-08-28 15:08:36,2025-08,success,included,False,63.63333333333333,,"[""macos-15""]",https://github.com/PixarAnimationStudios/OpenUSD/actions/runs/17298276692/job/49102178192
49123269404,17304249079,1,linux,Linux,2025-08-28 18:14:34,2025-08-28 18:14:34,2025-08,skipped,not_successful,False,,,"[""ubuntu-22.04""]",https://github.com/PixarAnimationStudios/OpenUSD/actions/runs/17304249079/job/49123269404
49123269426,17304249079,1,windows,Windows,2025-08-28 18:14:35,2025-08-28 18:14:34,2025-08,skipped,not_successful,False,,,"[""windows-2022""]",https://github.com/PixarAnimationStudios/OpenUSD/actions/runs/17304249079/job/49123269426
49123269547,17304249079,1,macos,macOS,2025-08-28 18:14:35,2025-08-28 18:14:34,2025-08,skipped,not_successful,False,,,"[""macos-15""]",https://github.com/PixarAnimationStudios/OpenUSD/actions/runs/17304249079/job/49123269547
49127141672,17305447960,1,macos,macOS,2025-08-28 19:06:56,2025-08-28 20:05:44,2025-08,success,included,False,58.8,,"[""macos-15""]",https://github.com/PixarAnimationStudios/OpenUSD/actions/runs/17305447960/job/49127141672
49127141678,17305447960,1,linux,Linux,2025-08-28 19:06:56,2025-08-28 20:05:25,2025-08,success,included,False,58.483333333333334,,"[""ubuntu-22.04""]",https://github.com/PixarAnimationStudios/OpenUSD/actions/runs/17305447960/job/49127141678
49127141688,17305447960,1,windows,Windows,2025-08-28 19:06:57,2025-08-28 20:28:46,2025-08,success,included,False,81.81666666666666,,"[""windows-2022""]",https://github.com/PixarAnimationStudios/OpenUSD/actions/runs/17305447960/job/49127141688
49163020151,17317454197,1,macos,macOS,2025-08-29 07:21:16,2025-08-29 08:29:38,2025-08,success,included,False,68.36666666666666,,"[""macos-15""]",https://github.com/PixarAnimationStudios/OpenUSD/actions/runs/17317454197/job/49163020151
49163020157,17317454197,1,linux,Linux,2025-08-29 07:21:16,2025-08-29 08:20:22,2025-08,success,included,False,59.1,,"[""ubuntu-22.04""]",https://github.com/PixarAnimationStudios/OpenUSD/actions/runs/17317454197/job/49163020157
49163020184,17317454197,1,windows,Windows,2025-08-29 07:21:16,2025-08-29 08:42:02,2025-08,success,included,False,80.76666666666667,,"[""windows-2022""]",https://github.com/PixarAnimationStudios/OpenUSD/actions/runs/17317454197/job/49163020184
49163291567,17317548482,1,linux,Linux,2025-08-29 07:25:57,2025-08-29 08:24:57,2025-08,success,included,False,59.0,,"[""ubuntu-22.04""]",https://github.com/PixarAnimationStudios/OpenUSD/actions/runs/17317548482/job/49163291567
49163291602,17317548482,1,macos,macOS,2025-08-29 07:25:58,2025-08-29 08:29:59,2025-08,success,included,False,64.01666666666667,,"[""macos-15""]",https://github.com/PixarAnimationStudios/OpenUSD/actions/runs/17317548482/job/49163291602
49163291623,17317548482,1,windows,Windows,2025-08-29 07:25:58,2025-08-29 08:46:59,2025-08,success,included,False,81.01666666666667,,"[""windows-2022""]",https://github.com/PixarAnimationStudios/OpenUSD/actions/runs/17317548482/job/49163291623
49383150576,17397648617,1,linux,Linux,2025-09-02 08:21:42,2025-09-02 09:21:08,2025-09,success,included,False,59.43333333333333,,"[""ubuntu-22.04""]",https://github.com/PixarAnimationStudios/OpenUSD/actions/runs/17397648617/job/49383150576
49383150599,17397648617,1,macos,macOS,2025-09-02 08:21:44,2025-09-02 09:20:29,2025-09,success,included,False,58.75,,"[""macos-15""]",https://github.com/PixarAnimationStudios/OpenUSD/actions/runs/17397648617/job/49383150599
49383150629,17397648617,1,windows,Windows,2025-09-02 08:21:44,2025-09-02 09:43:23,2025-09,success,included,False,81.65,,"[""windows-2022""]",https://github.com/PixarAnimationStudios/OpenUSD/actions/runs/17397648617/job/49383150629
49469389346,17424671765,1,macos,macOS,2025-09-03 06:11:03,2025-09-03 07:05:22,2025-09,failure,not_successful,False,54.31666666666667,,"[""macos-15""]",https://github.com/PixarAnimationStudios/OpenUSD/actions/runs/17424671765/job/49469389346
49469389362,17424671765,1,linux,Linux,2025-09-03 06:11:03,2025-09-03 07:09:21,2025-09,success,included,False,58.3,,"[""ubuntu-22.04""]",https://github.com/PixarAnimationStudios/OpenUSD/actions/runs/17424671765/job/49469389362
49469389371,17424671765,1,windows,Windows,2025-09-03 06:11:04,2025-09-03 07:32:43,2025-09,success,included,False,81.65,,"[""windows-2022""]",https://github.com/PixarAnimationStudios/OpenUSD/actions/runs/17424671765/job/49469389371
49501871742,17434855785,1,linux,Linux,2025-09-03 13:22:40,2025-09-03 14:22:34,2025-09,success,included,False,59.9,,"[""ubuntu-22.04""]",https://github.com/PixarAnimationStudios/OpenUSD/actions/runs/17434855785/job/49501871742
49501871852,17434855785,1,windows,Windows,2025-09-03 13:22:40,2025-09-03 14:45:55,2025-09,success,included,False,83.25,,"[""windows-2022""]",https://github.com/PixarAnimationStudios/OpenUSD/actions/runs/17434855785/job/49501871852
49501871815,17434855785,1,macos,macOS,2025-09-03 13:22:42,2025-09-03 14:19:56,2025-09,success,included,False,57.233333333333334,,"[""macos-15""]",https://github.com/PixarAnimationStudios/OpenUSD/actions/runs/17434855785/job/49501871815
49506920529,17436273644,1,linux,Linux,2025-09-03 14:14:12,2025-09-03 15:19:54,2025-09,success,included,False,65.7,,"[""ubuntu-22.04""]",https://github.com/PixarAnimationStudios/OpenUSD/actions/runs/17436273644/job/49506920529
49506920539,17436273644,1,windows,Windows,2025-09-03 14:14:12,2025-09-03 15:35:16,2025-09,success,included,False,81.06666666666666,,"[""windows-2022""]",https://github.com/PixarAnimationStudios/OpenUSD/actions/runs/17436273644/job/49506920539
49506920590,17436273644,1,macos,macOS,2025-09-03 14:14:12,2025-09-03 15:15:24,2025-09,success,included,False,61.2,,"[""macos-15""]",https://github.com/PixarAnimationStudios/OpenUSD/actions/runs/17436273644/job/49506920590
49663295772,17485377769,1,linux,Linux,2025-09-05 06:18:14,2025-09-05 07:18:26,2025-09,success,included,False,60.2,,"[""ubuntu-22.04""]",https://github.com/PixarAnimationStudios/OpenUSD/actions/runs/17485377769/job/49663295772
49663295768,17485377769,1,macos,macOS,2025-09-05 06:18:15,2025-09-05 07:01:24,2025-09,success,included,False,43.15,,"[""macos-15""]",https://github.com/PixarAnimationStudios/OpenUSD/actions/runs/17485377769/job/49663295768
49663295773,17485377769,1,windows,Windows,2025-09-05 06:18:15,2025-09-05 07:41:30,2025-09,success,included,False,83.25,,"[""windows-2022""]",https://github.com/PixarAnimationStudios/OpenUSD/actions/runs/17485377769/job/49663295773
49722835891,17503805410,1,linux,Linux,2025-09-05 20:30:51,2025-09-05 21:31:37,2025-09,success,included,False,60.766666666666666,,"[""ubuntu-22.04""]",https://github.com/PixarAnimationStudios/OpenUSD/actions/runs/17503805410/job/49722835891
49722835899,17503805410,1,macos,macOS,2025-09-05 20:30:52,2025-09-05 21:33:13,2025-09,success,included,False,62.35,,"[""macos-15""]",https://github.com/PixarAnimationStudios/OpenUSD/actions/runs/17503805410/job/49722835899
49722835917,17503805410,1,windows,Windows,2025-09-05 20:30:53,2025-09-05 21:52:41,2025-09,success,included,False,81.8,,"[""windows-2022""]",https://github.com/PixarAnimationStudios/OpenUSD/actions/runs/17503805410/job/49722835917
49741308040,17510445075,1,linux,Linux,2025-09-06 05:17:15,2025-09-06 06:15:09,2025-09,success,included,False,57.9,,"[""ubuntu-22.04""]",https://github.com/PixarAnimationStudios/OpenUSD/actions/runs/17510445075/job/49741308040
49741308043,17510445075,1,macos,macOS,2025-09-06 05:17:16,2025-09-06 06:17:06,2025-09,success,included,False,59.833333333333336,,"[""macos-15""]",https://github.com/PixarAnimationStudios/OpenUSD/actions/runs/17510445075/job/49741308043
49741308052,17510445075,1,windows,Windows,2025-09-06 05:17:16,2025-09-06 06:40:10,2025-09,success,included,False,82.9,,"[""windows-2022""]",https://github.com/PixarAnimationStudios/OpenUSD/actions/runs/17510445075/job/49741308052
49861325193,17556314062,1,linux,Linux,2025-09-08 15:43:02,2025-09-08 16:42:05,2025-09,success,included,False,59.05,,"[""ubuntu-22.04""]",https://github.com/PixarAnimationStudios/OpenUSD/actions/runs/17556314062/job/49861325193
49861325097,17556314062,1,windows,Windows,2025-09-08 15:43:03,2025-09-08 17:06:09,2025-09,failure,not_successful,False,83.1,,"[""windows-2022""]",https://github.com/PixarAnimationStudios/OpenUSD/actions/runs/17556314062/job/49861325097
49861325053,17556314062,1,macos,macOS,2025-09-08 15:43:07,2025-09-08 16:23:03,2025-09,success,included,False,39.93333333333333,,"[""macos-15""]",https://github.com/PixarAnimationStudios/OpenUSD/actions/runs/17556314062/job/49861325053
50074036295,17623338634,1,windows,Windows,2025-09-10 18:31:14,2025-09-10 19:54:10,2025-09,success,included,False,82.93333333333334,,"[""windows-2022""]",https://github.com/PixarAnimationStudios/OpenUSD/actions/runs/17623338634/job/50074036295
50074036319,17623338634,1,linux,Linux,2025-09-10 18:31:14,2025-09-10 19:31:49,2025-09,success,included,False,60.583333333333336,,"[""ubuntu-22.04""]",https://github.com/PixarAnimationStudios/OpenUSD/actions/runs/17623338634/job/50074036319
50074036287,17623338634,1,macos,macOS,2025-09-10 18:31:15,2025-09-10 19:41:07,2025-09,success,included,False,69.86666666666666,,"[""macos-15""]",https://github.com/PixarAnimationStudios/OpenUSD/actions/runs/17623338634/job/50074036287
50172707872,17654219738,1,windows,Windows,2025-09-11 18:47:06,2025-09-11 20:11:11,2025-09,success,included,False,84.08333333333333,,"[""windows-2022""]",https://github.com/PixarAnimationStudios/OpenUSD/actions/runs/17654219738/job/50172707872
50172707879,17654219738,1,linux,Linux,2025-09-11 18:47:06,2025-09-11 19:47:15,2025-09,success,included,False,60.15,,"[""ubuntu-22.04""]",https://github.com/PixarAnimationStudios/OpenUSD/actions/runs/17654219738/job/50172707879
50172707868,17654219738,1,macos,macOS,2025-09-11 18:47:07,2025-09-11 19:51:16,2025-09,success,included,False,64.15,,"[""macos-15""]",https://github.com/PixarAnimationStudios/OpenUSD/actions/runs/17654219738/job/50172707868
50172822470,17654256649,1,linux,Linux,2025-09-11 18:48:30,2025-09-11 19:48:35,2025-09,success,included,False,60.083333333333336,,"[""ubuntu-22.04""]",https://github.com/PixarAnimationStudios/OpenUSD/actions/runs/17654256649/job/50172822470
50172822490,17654256649,1,windows,Windows,2025-09-11 18:48:32,2025-09-11 20:11:30,2025-09,success,included,False,82.96666666666667,,"[""windows-2022""]",https://github.com/PixarAnimationStudios/OpenUSD/actions/runs/17654256649/job/50172822490
50172822468,17654256649,1,macos,macOS,2025-09-11 18:48:34,2025-09-11 19:52:00,2025-09,success,included,False,63.43333333333333,,"[""macos-15""]",https://github.com/PixarAnimationStudios/OpenUSD/actions/runs/17654256649/job/50172822468
50263779158,17683764351,1,linux,Linux,2025-09-12 19:10:44,2025-09-12 20:11:24,2025-09,success,included,False,60.666666666666664,,"[""ubuntu-22.04""]",https://github.com/PixarAnimationStudios/OpenUSD/actions/runs/17683764351/job/50263779158
50263779148,17683764351,1,macos,macOS,2025-09-12 19:10:45,2025-09-12 19:57:02,2025-09,failure,not_successful,False,46.28333333333333,,"[""macos-15""]",https://github.com/PixarAnimationStudios/OpenUSD/actions/runs/17683764351/job/50263779148
50263779184,17683764351,1,windows,Windows,2025-09-12 19:10:45,2025-09-12 20:34:58,2025-09,success,included,False,84.21666666666667,,"[""windows-2022""]",https://github.com/PixarAnimationStudios/OpenUSD/actions/runs/17683764351/job/50263779184
50372894201,17727990865,1,macos,macOS,2025-09-15 09:12:21,2025-09-15 10:00:40,2025-09,success,included,False,48.31666666666667,,"[""macos-15""]",https://github.com/PixarAnimationStudios/OpenUSD/actions/runs/17727990865/job/50372894201
50372894172,17727990865,1,linux,Linux,2025-09-15 09:12:22,2025-09-15 10:12:57,2025-09,success,included,False,60.583333333333336,,"[""ubuntu-22.04""]",https://github.com/PixarAnimationStudios/OpenUSD/actions/runs/17727990865/job/50372894172
50372894208,17727990865,1,windows,Windows,2025-09-15 09:12:22,2025-09-15 09:15:02,2025-09,failure,not_successful,False,2.6666666666666665,,"[""windows-2022""]",https://github.com/PixarAnimationStudios/OpenUSD/actions/runs/17727990865/job/50372894208
50374483585,17728506030,1,macos,macOS,2025-09-15 09:31:54,2025-09-15 10:28:38,2025-09,success,included,False,56.733333333333334,,"[""macos-15""]",https://github.com/PixarAnimationStudios/OpenUSD/actions/runs/17728506030/job/50374483585
50374483596,17728506030,1,linux,Linux,2025-09-15 09:31:54,2025-09-15 10:32:49,2025-09,success,included,False,60.916666666666664,,"[""ubuntu-22.04""]",https://github.com/PixarAnimationStudios/OpenUSD/actions/runs/17728506030/job/50374483596
50374483606,17728506030,1,windows,Windows,2025-09-15 09:31:54,2025-09-15 10:54:09,2025-09,success,included,False,82.25,,"[""windows-2022""]",https://github.com/PixarAnimationStudios/OpenUSD/actions/runs/17728506030/job/50374483606
50490073272,17766180959,1,windows,Windows,2025-09-16 12:44:49,2025-09-16 14:07:41,2025-09,success,included,False,82.86666666666666,,"[""windows-2022""]",https://github.com/PixarAnimationStudios/OpenUSD/actions/runs/17766180959/job/50490073272
50490073282,17766180959,1,linux,Linux,2025-09-16 12:44:49,2025-09-16 13:45:29,2025-09,success,included,False,60.666666666666664,,"[""ubuntu-22.04""]",https://github.com/PixarAnimationStudios/OpenUSD/actions/runs/17766180959/job/50490073282
50490073285,17766180959,1,macos,macOS,2025-09-16 12:44:49,2025-09-16 13:40:22,2025-09,success,included,False,55.55,,"[""macos-15""]",https://github.com/PixarAnimationStudios/OpenUSD/actions/runs/17766180959/job/50490073285
50492762668,17766974994,1,macos,macOS,2025-09-16 13:14:13,2025-09-16 14:09:14,2025-09,success,included,False,55.016666666666666,,"[""macos-15""]",https://github.com/PixarAnimationStudios/OpenUSD/actions/runs/17766974994/job/50492762668
50492762682,17766974994,1,linux,Linux,2025-09-16 13:14:13,2025-09-16 14:15:25,2025-09,success,included,False,61.2,,"[""ubuntu-22.04""]",https://github.com/PixarAnimationStudios/OpenUSD/actions/runs/17766974994/job/50492762682
50492762705,17766974994,1,windows,Windows,2025-09-16 13:14:13,2025-09-16 14:36:35,2025-09,success,included,False,82.36666666666666,,"[""windows-2022""]",https://github.com/PixarAnimationStudios/OpenUSD/actions/runs/17766974994/job/50492762705
50618776750,17806265342,1,linux,Linux,2025-09-17 17:54:33,2025-09-17 18:55:24,2025-09,success,included,False,60.85,,"[""ubuntu-22.04""]",https://github.com/PixarAnimationStudios/OpenUSD/actions/runs/17806265342/job/50618776750
50618776743,17806265342,1,macos,macOS,2025-09-17 17:54:34,2025-09-17 18:58:43,2025-09,success,included,False,64.15,,"[""macos-15""]",https://github.com/PixarAnimationStudios/OpenUSD/actions/runs/17806265342/job/50618776743
50618776748,17806265342,1,windows,Windows,2025-09-17 17:54:34,2025-09-17 19:18:44,2025-09,success,included,False,84.16666666666667,,"[""windows-2022""]",https://github.com/PixarAnimationStudios/OpenUSD/actions/runs/17806265342/job/50618776748
50807795132,17865827998,1,linux,Linux,2025-09-19 17:48:52,2025-09-19 18:47:47,2025-09,success,included,False,58.916666666666664,,"[""ubuntu-22.04""]",https://github.com/PixarAnimationStudios/OpenUSD/actions/runs/17865827998/job/50807795132
50807795143,17865827998,1,macos,macOS,2025-09-19 17:48:53,2025-09-19 18:44:13,2025-09,success,included,False,55.333333333333336,,"[""macos-15""]",https://github.com/PixarAnimationStudios/OpenUSD/actions/runs/17865827998/job/50807795143
50807795148,17865827998,1,windows,Windows,2025-09-19 17:48:53,2025-09-19 19:11:11,2025-09,success,included,False,82.3,,"[""windows-2022""]",https://github.com/PixarAnimationStudios/OpenUSD/actions/runs/17865827998/job/50807795148
51165170090,17986278236,1,linux,Linux,2025-09-24 18:41:19,2025-09-24 19:41:22,2025-09,success,included,False,60.05,,"[""ubuntu-22.04""]",https://github.com/PixarAnimationStudios/OpenUSD/actions/runs/17986278236/job/51165170090
51165170109,17986278236,1,macos,macOS,2025-09-24 18:41:19,2025-09-24 19:44:59,2025-09,failure,not_successful,False,63.666666666666664,,"[""macos-15""]",https://github.com/PixarAnimationStudios/OpenUSD/actions/runs/17986278236/job/51165170109
51165170102,17986278236,1,windows,Windows,2025-09-24 18:41:20,2025-09-24 20:05:39,2025-09,success,included,False,84.31666666666666,,"[""windows-2022""]",https://github.com/PixarAnimationStudios/OpenUSD/actions/runs/17986278236/job/51165170102
51165229021,17986295830,1,linux,Linux,2025-09-24 18:42:04,2025-09-24 19:40:37,2025-09,success,included,False,58.55,,"[""ubuntu-22.04""]",https://github.com/PixarAnimationStudios/OpenUSD/actions/runs/17986295830/job/51165229021
51165229029,17986295830,1,macos,macOS,2025-09-24 18:42:04,2025-09-24 19:46:53,2025-09,failure,not_successful,False,64.81666666666666,,"[""macos-15""]",https://github.com/PixarAnimationStudios/OpenUSD/actions/runs/17986295830/job/51165229029
51165229044,17986295830,1,windows,Windows,2025-09-24 18:42:04,2025-09-24 20:03:32,2025-09,success,included,False,81.46666666666667,,"[""windows-2022""]",https://github.com/PixarAnimationStudios/OpenUSD/actions/runs/17986295830/job/51165229044
52177008636,17986295830,2,windows,Windows,2025-09-24 18:42:04,2025-09-24 20:03:32,2025-09,success,duplicate_execution,False,81.46666666666667,,"[""windows-2022""]",https://github.com/PixarAnimationStudios/OpenUSD/actions/runs/17986295830/job/52177008636
52177022719,17986295830,2,linux,Linux,2025-09-24 18:42:04,2025-09-24 19:40:37,2025-09,success,duplicate_execution,False,58.55,,"[""ubuntu-22.04""]",https://github.com/PixarAnimationStudios/OpenUSD/actions/runs/17986295830/job/52177022719
51325329331,18036736748,1,macos,macOS,2025-09-26 11:42:33,2025-09-26 13:18:39,2025-09,success,included,False,96.1,,"[""macos-15""]",https://github.com/PixarAnimationStudios/OpenUSD/actions/runs/18036736748/job/51325329331
51325329333,18036736748,1,windows,Windows,2025-09-26 11:42:33,2025-09-26 13:07:19,2025-09,success,included,False,84.76666666666667,,"[""windows-2022""]",https://github.com/PixarAnimationStudios/OpenUSD/actions/runs/18036736748/job/51325329333
51325329328,18036736748,1,linux,Linux,2025-09-26 11:42:38,2025-09-26 12:42:18,2025-09,success,included,False,59.666666666666664,,"[""ubuntu-22.04""]",https://github.com/PixarAnimationStudios/OpenUSD/actions/runs/18036736748/job/51325329328
51383331656,18054892733,1,linux,Linux,2025-09-27 04:14:01,2025-09-27 05:14:33,2025-09,success,included,False,60.53333333333333,,"[""ubuntu-22.04""]",https://github.com/PixarAnimationStudios/OpenUSD/actions/runs/18054892733/job/51383331656
51383331661,18054892733,1,macos,macOS,2025-09-27 04:14:01,2025-09-27 05:03:35,2025-09,success,included,False,49.56666666666667,,"[""macos-15""]",https://github.com/PixarAnimationStudios/OpenUSD/actions/runs/18054892733/job/51383331661
51383331665,18054892733,1,windows,Windows,2025-09-27 04:14:01,2025-09-27 05:36:56,2025-09,success,included,False,82.91666666666667,,"[""windows-2022""]",https://github.com/PixarAnimationStudios/OpenUSD/actions/runs/18054892733/job/51383331665
51383512498,18054972530,1,windows,Windows,2025-09-27 04:22:05,2025-09-27 05:43:49,2025-09,success,included,False,81.73333333333333,,"[""windows-2022""]",https://github.com/PixarAnimationStudios/OpenUSD/actions/runs/18054972530/job/51383512498
51383512500,18054972530,1,macos,macOS,2025-09-27 04:22:05,2025-09-27 05:14:12,2025-09,failure,not_successful,False,52.11666666666667,,"[""macos-15""]",https://github.com/PixarAnimationStudios/OpenUSD/actions/runs/18054972530/job/51383512500
51383512502,18054972530,1,linux,Linux,2025-09-27 04:22:05,2025-09-27 05:19:53,2025-09,success,included,False,57.8,,"[""ubuntu-22.04""]",https://github.com/PixarAnimationStudios/OpenUSD/actions/runs/18054972530/job/51383512502
51383796194,18055094115,1,windows,Windows,2025-09-27 04:34:28,2025-09-27 05:56:03,2025-09,success,included,False,81.58333333333333,,"[""windows-2022""]",https://github.com/PixarAnimationStudios/OpenUSD/actions/runs/18055094115/job/51383796194
51383796197,18055094115,1,linux,Linux,2025-09-27 04:34:28,2025-09-27 05:34:03,2025-09,success,included,False,59.583333333333336,,"[""ubuntu-22.04""]",https://github.com/PixarAnimationStudios/OpenUSD/actions/runs/18055094115/job/51383796197
51383796203,18055094115,1,macos,macOS,2025-09-27 04:34:29,2025-09-27 05:38:27,2025-09,success,included,False,63.96666666666667,,"[""macos-15""]",https://github.com/PixarAnimationStudios/OpenUSD/actions/runs/18055094115/job/51383796203
51450519897,18083529252,1,linux,Linux,2025-09-29 02:06:39,2025-09-29 03:06:48,2025-09,success,included,False,60.15,,"[""ubuntu-22.04""]",https://github.com/PixarAnimationStudios/OpenUSD/actions/runs/18083529252/job/51450519897
51450519902,18083529252,1,windows,Windows,2025-09-29 02:06:39,2025-09-29 03:29:22,2025-09,success,included,False,82.71666666666667,,"[""windows-2022""]",https://github.com/PixarAnimationStudios/OpenUSD/actions/runs/18083529252/job/51450519902
51450519899,18083529252,1,macos,macOS,2025-09-29 02:06:40,2025-09-29 03:02:27,2025-09,success,included,False,55.78333333333333,,"[""macos-15""]",https://github.com/PixarAnimationStudios/OpenUSD/actions/runs/18083529252/job/51450519899
51450794155,18083639703,1,windows,Windows,2025-09-29 02:14:08,2025-09-29 03:37:43,2025-09,success,included,False,83.58333333333333,,"[""windows-2022""]",https://github.com/PixarAnimationStudios/OpenUSD/actions/runs/18083639703/job/51450794155
51450794166,18083639703,1,macos,macOS,2025-09-29 02:14:08,2025-09-29 02:58:39,2025-09,success,included,False,44.516666666666666,,"[""macos-15""]",https://github.com/PixarAnimationStudios/OpenUSD/actions/runs/18083639703/job/51450794166
51450794185,18083639703,1,linux,Linux,2025-09-29 02:14:08,2025-09-29 03:14:03,2025-09,success,included,False,59.916666666666664,,"[""ubuntu-22.04""]",https://github.com/PixarAnimationStudios/OpenUSD/actions/runs/18083639703/job/51450794185
51516655837,18104797696,1,macos,macOS,2025-09-29 17:06:18,2025-09-29 17:59:56,2025-09,success,included,False,53.63333333333333,,"[""macos-15""]",https://github.com/PixarAnimationStudios/OpenUSD/actions/runs/18104797696/job/51516655837
51516655840,18104797696,1,linux,Linux,2025-09-29 17:06:18,2025-09-29 18:07:32,2025-09,success,included,False,61.233333333333334,,"[""ubuntu-22.04""]",https://github.com/PixarAnimationStudios/OpenUSD/actions/runs/18104797696/job/51516655840
51516655852,18104797696,1,windows,Windows,2025-09-29 17:06:19,2025-09-29 18:27:58,2025-09,success,included,False,81.65,,"[""windows-2022""]",https://github.com/PixarAnimationStudios/OpenUSD/actions/runs/18104797696/job/51516655852
51543601604,18113154460,1,windows,Windows,2025-09-29 23:03:24,2025-09-30 00:26:02,2025-09,success,included,False,82.63333333333334,,"[""windows-2022""]",https://github.com/PixarAnimationStudios/OpenUSD/actions/runs/18113154460/job/51543601604
51543601606,18113154460,1,linux,Linux,2025-09-29 23:03:24,2025-09-30 00:02:22,2025-09,success,included,False,58.96666666666667,,"[""ubuntu-22.04""]",https://github.com/PixarAnimationStudios/OpenUSD/actions/runs/18113154460/job/51543601606
51543601614,18113154460,1,macos,macOS,2025-09-29 23:03:24,2025-09-30 00:07:18,2025-09,success,included,False,63.9,,"[""macos-15""]",https://github.com/PixarAnimationStudios/OpenUSD/actions/runs/18113154460/job/51543601614
51694233142,18161831739,1,macos,macOS,2025-10-01 12:16:55,2025-10-01 13:31:19,2025-10,success,included,False,74.4,,"[""macos-15""]",https://github.com/PixarAnimationStudios/OpenUSD/actions/runs/18161831739/job/51694233142
51694233161,18161831739,1,linux,Linux,2025-10-01 12:16:55,2025-10-01 13:19:24,2025-10,success,included,False,62.483333333333334,,"[""ubuntu-22.04""]",https://github.com/PixarAnimationStudios/OpenUSD/actions/runs/18161831739/job/51694233161
51694233179,18161831739,1,windows,Windows,2025-10-01 12:16:56,2025-10-01 13:41:43,2025-10,success,included,False,84.78333333333333,,"[""windows-2022""]",https://github.com/PixarAnimationStudios/OpenUSD/actions/runs/18161831739/job/51694233179
51789546847,18192173550,1,linux,Linux,2025-10-02 11:54:45,2025-10-02 12:54:23,2025-10,success,included,False,59.63333333333333,,"[""ubuntu-22.04""]",https://github.com/PixarAnimationStudios/OpenUSD/actions/runs/18192173550/job/51789546847
51789546824,18192173550,1,macos,macOS,2025-10-02 11:54:46,2025-10-02 13:02:26,2025-10,success,included,False,67.66666666666667,,"[""macos-15""]",https://github.com/PixarAnimationStudios/OpenUSD/actions/runs/18192173550/job/51789546824
51789546848,18192173550,1,windows,Windows,2025-10-02 11:54:47,2025-10-02 13:13:44,2025-10,success,included,False,78.95,,"[""windows-2022""]",https://github.com/PixarAnimationStudios/OpenUSD/actions/runs/18192173550/job/51789546848
51837924305,18206456522,1,linux,Linux,2025-10-02 21:44:03,2025-10-02 22:44:17,2025-10,success,included,False,60.233333333333334,,"[""ubuntu-22.04""]",https://github.com/PixarAnimationStudios/OpenUSD/actions/runs/18206456522/job/51837924305
51837924268,18206456522,1,macos,macOS,2025-10-02 21:44:04,2025-10-02 22:38:13,2025-10,success,included,False,54.15,,"[""macos-15""]",https://github.com/PixarAnimationStudios/OpenUSD/actions/runs/18206456522/job/51837924268
51837924292,18206456522,1,windows,Windows,2025-10-02 21:44:04,2025-10-02 23:06:27,2025-10,success,included,False,82.38333333333334,,"[""windows-2022""]",https://github.com/PixarAnimationStudios/OpenUSD/actions/runs/18206456522/job/51837924292
51924348675,18234161944,1,linux,Linux,2025-10-03 21:24:29,2025-10-03 22:20:15,2025-10,success,included,False,55.766666666666666,,"[""ubuntu-22.04""]",https://github.com/PixarAnimationStudios/OpenUSD/actions/runs/18234161944/job/51924348675
51924348685,18234161944,1,macos,macOS,2025-10-03 21:24:30,2025-10-03 22:13:01,2025-10,success,included,False,48.516666666666666,,"[""macos-15""]",https://github.com/PixarAnimationStudios/OpenUSD/actions/runs/18234161944/job/51924348685
51924348698,18234161944,1,windows,Windows,2025-10-03 21:24:30,2025-10-03 22:47:14,2025-10,success,included,False,82.73333333333333,,"[""windows-2022""]",https://github.com/PixarAnimationStudios/OpenUSD/actions/runs/18234161944/job/51924348698
51936536032,18238511048,1,windows,Windows,2025-10-04 02:46:22,2025-10-04 04:05:17,2025-10,success,included,False,78.91666666666667,,"[""windows-2022""]",https://github.com/PixarAnimationStudios/OpenUSD/actions/runs/18238511048/job/51936536032
51936536034,18238511048,1,macos,macOS,2025-10-04 02:46:22,2025-10-04 03:34:44,2025-10,success,included,False,48.36666666666667,,"[""macos-15""]",https://github.com/PixarAnimationStudios/OpenUSD/actions/runs/18238511048/job/51936536034
51936536036,18238511048,1,linux,Linux,2025-10-04 02:46:22,2025-10-04 03:43:22,2025-10,success,included,False,57.0,,"[""ubuntu-22.04""]",https://github.com/PixarAnimationStudios/OpenUSD/actions/runs/18238511048/job/51936536036
52085483848,18293220892,1,linux,Linux,2025-10-06 20:15:50,2025-10-06 20:15:50,2025-10,skipped,not_successful,False,,,"[""ubuntu-22.04""]",https://github.com/PixarAnimationStudios/OpenUSD/actions/runs/18293220892/job/52085483848
52085483926,18293220892,1,windows,Windows,2025-10-06 20:15:50,2025-10-06 20:15:50,2025-10,skipped,not_successful,False,,,"[""windows-2022""]",https://github.com/PixarAnimationStudios/OpenUSD/actions/runs/18293220892/job/52085483926
52085483932,18293220892,1,macos,macOS,2025-10-06 20:15:50,2025-10-06 20:15:50,2025-10,skipped,not_successful,False,,,"[""macos-15""]",https://github.com/PixarAnimationStudios/OpenUSD/actions/runs/18293220892/job/52085483932
52124691982,18306434146,1,macos,macOS,2025-10-07 08:17:03,2025-10-07 09:04:13,2025-10,failure,not_successful,False,47.166666666666664,,"[""macos-15""]",https://github.com/PixarAnimationStudios/OpenUSD/actions/runs/18306434146/job/52124691982
52124692006,18306434146,1,linux,Linux,2025-10-07 08:17:03,2025-10-07 09:13:20,2025-10,success,included,False,56.28333333333333,,"[""ubuntu-22.04""]",https://github.com/PixarAnimationStudios/OpenUSD/actions/runs/18306434146/job/52124692006
52124691998,18306434146,1,windows,Windows,2025-10-07 08:17:04,2025-10-07 09:37:19,2025-10,success,included,False,80.25,,"[""windows-2022""]",https://github.com/PixarAnimationStudios/OpenUSD/actions/runs/18306434146/job/52124691998
52125446585,18306676854,1,linux,Linux,2025-10-07 08:26:26,2025-10-07 09:22:13,2025-10,success,included,False,55.78333333333333,,"[""ubuntu-22.04""]",https://github.com/PixarAnimationStudios/OpenUSD/actions/runs/18306676854/job/52125446585
52125446602,18306676854,1,windows,Windows,2025-10-07 08:26:26,2025-10-07 09:44:54,2025-10,success,included,False,78.46666666666667,,"[""windows-2022""]",https://github.com/PixarAnimationStudios/OpenUSD/actions/runs/18306676854/job/52125446602
52125446606,18306676854,1,macos,macOS,2025-10-07 08:26:27,2025-10-07 09:26:35,2025-10,success,included,False,60.13333333333333,,"[""macos-15""]",https://github.com/PixarAnimationStudios/OpenUSD/actions/runs/18306676854/job/52125446606
52125566122,18306712448,1,windows,Windows,2025-10-07 08:27:56,2025-10-07 09:47:11,2025-10,success,included,False,79.25,,"[""windows-2022""]",https://github.com/PixarAnimationStudios/OpenUSD/actions/runs/18306712448/job/52125566122
52125566126,18306712448,1,macos,macOS,2025-10-07 08:27:56,2025-10-07 09:24:12,2025-10,success,included,False,56.266666666666666,,"[""macos-15""]",https://github.com/PixarAnimationStudios/OpenUSD/actions/runs/18306712448/job/52125566126
52125566134,18306712448,1,linux,Linux,2025-10-07 08:27:56,2025-10-07 09:24:37,2025-10,success,included,False,56.68333333333333,,"[""ubuntu-22.04""]",https://github.com/PixarAnimationStudios/OpenUSD/actions/runs/18306712448/job/52125566134
52154621166,18315503581,1,linux,Linux,2025-10-07 14:11:12,2025-10-07 15:07:56,2025-10,failure,not_successful,False,56.733333333333334,,"[""ubuntu-22.04""]",https://github.com/PixarAnimationStudios/OpenUSD/actions/runs/18315503581/job/52154621166
52154621209,18315503581,1,macos,macOS,2025-10-07 14:11:12,2025-10-07 15:10:12,2025-10,success,included,False,59.0,,"[""macos-15""]",https://github.com/PixarAnimationStudios/OpenUSD/actions/runs/18315503581/job/52154621209
52154621207,18315503581,1,windows,Windows,2025-10-07 14:11:13,2025-10-07 15:31:18,2025-10,success,included,False,80.08333333333333,,"[""windows-2022""]",https://github.com/PixarAnimationStudios/OpenUSD/actions/runs/18315503581/job/52154621207
52177008489,17986295830,2,macos,macOS,2025-10-07 18:10:19,2025-10-07 19:10:35,2025-10,failure,not_successful,False,60.266666666666666,,"[""macos-15""]",https://github.com/PixarAnimationStudios/OpenUSD/actions/runs/17986295830/job/52177008489
52183054325,18323757540,1,linux,Linux,2025-10-07 19:22:47,2025-10-07 20:20:40,2025-10,success,included,False,57.88333333333333,,"[""ubuntu-22.04""]",https://github.com/PixarAnimationStudios/OpenUSD/actions/runs/18323757540/job/52183054325
52183054334,18323757540,1,macos,macOS,2025-10-07 19:22:47,2025-10-07 20:27:46,2025-10,success,included,False,64.98333333333333,,"[""macos-15""]",https://github.com/PixarAnimationStudios/OpenUSD/actions/runs/18323757540/job/52183054334
52183054397,18323757540,1,windows,Windows,2025-10-07 19:22:48,2025-10-07 20:42:05,2025-10,success,included,False,79.28333333333333,,"[""windows-2022""]",https://github.com/PixarAnimationStudios/OpenUSD/actions/runs/18323757540/job/52183054397
52199130657,18328677269,1,macos,macOS,2025-10-07 23:12:59,2025-10-08 00:06:20,2025-10,success,included,False,53.35,,"[""macos-15""]",https://github.com/PixarAnimationStudios/OpenUSD/actions/runs/18328677269/job/52199130657
52199130736,18328677269,1,linux,Linux,2025-10-07 23:12:59,2025-10-08 00:08:59,2025-10,success,included,False,56.0,,"[""ubuntu-22.04""]",https://github.com/PixarAnimationStudios/OpenUSD/actions/runs/18328677269/job/52199130736
52199130667,18328677269,1,windows,Windows,2025-10-07 23:13:00,2025-10-08 00:32:42,2025-10,success,included,False,79.7,,"[""windows-2022""]",https://github.com/PixarAnimationStudios/OpenUSD/actions/runs/18328677269/job/52199130667
52269583817,18350689289,1,macos,macOS,2025-10-08 16:00:39,2025-10-08 17:05:10,2025-10,success,included,False,64.51666666666667,,"[""macos-15""]",https://github.com/PixarAnimationStudios/OpenUSD/actions/runs/18350689289/job/52269583817
52269583903,18350689289,1,linux,Linux,2025-10-08 16:00:39,2025-10-08 16:57:27,2025-10,success,included,False,56.8,,"[""ubuntu-22.04""]",https://github.com/PixarAnimationStudios/OpenUSD/actions/runs/18350689289/job/52269583903
52269584008,18350689289,1,windows,Windows,2025-10-08 16:00:40,2025-10-08 17:16:11,2025-10,success,included,False,75.51666666666667,,"[""windows-2022""]",https://github.com/PixarAnimationStudios/OpenUSD/actions/runs/18350689289/job/52269584008
52385951413,18386420626,1,linux,Linux,2025-10-09 19:09:04,2025-10-09 20:06:21,2025-10,failure,not_successful,False,57.28333333333333,,"[""ubuntu-22.04""]",https://github.com/PixarAnimationStudios/OpenUSD/actions/runs/18386420626/job/52385951413
52385951449,18386420626,1,windows,Windows,2025-10-09 19:09:04,2025-10-09 20:23:21,2025-10,failure,not_successful,False,74.28333333333333,,"[""windows-2022""]",https://github.com/PixarAnimationStudios/OpenUSD/actions/runs/18386420626/job/52385951449
52385951450,18386420626,1,macos,macOS,2025-10-09 19:09:04,2025-10-09 20:05:08,2025-10,failure,not_successful,False,56.06666666666667,,"[""macos-15""]",https://github.com/PixarAnimationStudios/OpenUSD/actions/runs/18386420626/job/52385951450
52399550105,18390511555,1,macos,macOS,2025-10-09 22:13:38,2025-10-09 23:13:06,2025-10,success,included,False,59.46666666666667,,"[""macos-15""]",https://github.com/PixarAnimationStudios/OpenUSD/actions/runs/18390511555/job/52399550105
52399550129,18390511555,1,linux,Linux,2025-10-09 22:13:38,2025-10-09 23:09:54,2025-10,success,included,False,56.266666666666666,,"[""ubuntu-22.04""]",https://github.com/PixarAnimationStudios/OpenUSD/actions/runs/18390511555/job/52399550129
52399550141,18390511555,1,windows,Windows,2025-10-09 22:13:39,2025-10-09 23:32:38,2025-10,success,included,False,78.98333333333333,,"[""windows-2022""]",https://github.com/PixarAnimationStudios/OpenUSD/actions/runs/18390511555/job/52399550141
52399937000,18390639611,1,linux,Linux,2025-10-09 22:20:05,2025-10-09 23:15:28,2025-10,success,included,False,55.38333333333333,,"[""ubuntu-22.04""]",https://github.com/PixarAnimationStudios/OpenUSD/actions/runs/18390639611/job/52399937000
52399937022,18390639611,1,windows,Windows,2025-10-09 22:20:06,2025-10-09 23:39:07,2025-10,success,included,False,79.01666666666667,,"[""windows-2022""]",https://github.com/PixarAnimationStudios/OpenUSD/actions/runs/18390639611/job/52399937022
52399937016,18390639611,1,macos,macOS,2025-10-09 22:20:07,2025-10-09 23:29:14,2025-10,success,included,False,69.11666666666666,,"[""macos-15""]",https://github.com/PixarAnimationStudios/OpenUSD/actions/runs/18390639611/job/52399937016
52478778331,18415704208,1,linux,Linux,2025-10-10 18:54:30,2025-10-10 19:53:05,2025-10,success,included,False,58.583333333333336,,"[""ubuntu-22.04""]",https://github.com/PixarAnimationStudios/OpenUSD/actions/runs/18415704208/job/52478778331
52478778341,18415704208,1,macos,macOS,2025-10-10 18:54:31,2025-10-10 19:58:17,2025-10,success,included,False,63.766666666666666,,"[""macos-15""]",https://github.com/PixarAnimationStudios/OpenUSD/actions/runs/18415704208/job/52478778341
52478778377,18415704208,1,windows,Windows,2025-10-10 18:54:31,2025-10-10 20:17:56,2025-10,success,included,False,83.41666666666667,,"[""windows-2022""]",https://github.com/PixarAnimationStudios/OpenUSD/actions/runs/18415704208/job/52478778377
52489807405,18419192132,1,macos,macOS,2025-10-10 21:47:58,2025-10-10 22:49:45,2025-10,success,included,False,61.78333333333333,,"[""macos-15""]",https://github.com/PixarAnimationStudios/OpenUSD/actions/runs/18419192132/job/52489807405
52489807412,18419192132,1,linux,Linux,2025-10-10 21:47:58,2025-10-10 22:45:16,2025-10,success,included,False,57.3,,"[""ubuntu-22.04""]",https://github.com/PixarAnimationStudios/OpenUSD/actions/runs/18419192132/job/52489807412
52489807416,18419192132,1,windows,Windows,2025-10-10 21:47:58,2025-10-10 23:07:52,2025-10,success,included,False,79.9,,"[""windows-2022""]",https://github.com/PixarAnimationStudios/OpenUSD/actions/runs/18419192132/job/52489807416
52650648413,18479267153,1,linux,Linux,2025-10-13 22:01:18,2025-10-13 22:58:20,2025-10,success,included,False,57.03333333333333,,"[""ubuntu-22.04""]",https://github.com/PixarAnimationStudios/OpenUSD/actions/runs/18479267153/job/52650648413
52650648433,18479267153,1,macos,macOS,2025-10-13 22:01:18,2025-10-13 22:56:47,2025-10,success,included,False,55.483333333333334,,"[""macos-15""]",https://github.com/PixarAnimationStudios/OpenUSD/actions/runs/18479267153/job/52650648433
52650648416,18479267153,1,windows,Windows,2025-10-13 22:01:19,2025-10-13 23:21:42,2025-10,success,included,False,80.38333333333334,,"[""windows-2022""]",https://github.com/PixarAnimationStudios/OpenUSD/actions/runs/18479267153/job/52650648416
52739683236,18507401525,1,linux,Linux,2025-10-14 19:12:19,2025-10-14 20:09:27,2025-10,success,included,False,57.13333333333333,,"[""ubuntu-22.04""]",https://github.com/PixarAnimationStudios/OpenUSD/actions/runs/18507401525/job/52739683236
52739683266,18507401525,1,windows,Windows,2025-10-14 19:12:20,2025-10-14 20:31:11,2025-10,success,included,False,78.85,,"[""windows-2022""]",https://github.com/PixarAnimationStudios/OpenUSD/actions/runs/18507401525/job/52739683266
52739683246,18507401525,1,macos,macOS,2025-10-14 19:12:21,2025-10-14 20:14:40,2025-10,success,included,False,62.31666666666667,,"[""macos-15""]",https://github.com/PixarAnimationStudios/OpenUSD/actions/runs/18507401525/job/52739683246
52758451749,18490284393,2,linux,Linux,2025-10-14 23:51:27,2025-10-15 00:47:33,2025-10,success,included,False,56.1,,"[""ubuntu-22.04""]",https://github.com/PixarAnimationStudios/OpenUSD/actions/runs/18490284393/job/52758451749
52758451745,18490284393,2,macos,macOS,2025-10-14 23:51:28,2025-10-15 01:01:03,2025-10,success,included,False,69.58333333333333,,"[""macos-15""]",https://github.com/PixarAnimationStudios/OpenUSD/actions/runs/18490284393/job/52758451745
52758451773,18490284393,2,windows,Windows,2025-10-14 23:51:28,2025-10-15 01:11:50,2025-10,success,included,False,80.36666666666666,,"[""windows-2022""]",https://github.com/PixarAnimationStudios/OpenUSD/actions/runs/18490284393/job/52758451773
52758529693,18513268574,1,linux,Linux,2025-10-14 23:53:12,2025-10-15 00:50:09,2025-10,failure,not_successful,False,56.95,,"[""ubuntu-22.04""]",https://github.com/PixarAnimationStudios/OpenUSD/actions/runs/18513268574/job/52758529693
52758529695,18513268574,1,macos,macOS,2025-10-14 23:53:13,2025-10-15 00:47:58,2025-10,failure,not_successful,False,54.75,,"[""macos-15""]",https://github.com/PixarAnimationStudios/OpenUSD/actions/runs/18513268574/job/52758529695
52758529703,18513268574,1,windows,Windows,2025-10-14 23:53:13,2025-10-15 01:16:06,2025-10,failure,not_successful,False,82.88333333333334,,"[""windows-2022""]",https://github.com/PixarAnimationStudios/OpenUSD/actions/runs/18513268574/job/52758529703
52758968076,18513410712,1,linux,Linux,2025-10-15 00:02:54,2025-10-15 00:58:22,2025-10,success,included,False,55.46666666666667,,"[""ubuntu-22.04""]",https://github.com/PixarAnimationStudios/OpenUSD/actions/runs/18513410712/job/52758968076
52758968100,18513410712,1,macos,macOS,2025-10-15 00:02:54,2025-10-15 01:04:56,2025-10,success,included,False,62.03333333333333,,"[""macos-15""]",https://github.com/PixarAnimationStudios/OpenUSD/actions/runs/18513410712/job/52758968100
52758968065,18513410712,1,windows,Windows,2025-10-15 00:02:55,2025-10-15 01:17:08,2025-10,success,included,False,74.21666666666667,,"[""windows-2022""]",https://github.com/PixarAnimationStudios/OpenUSD/actions/runs/18513410712/job/52758968065
52759273012,18513505900,1,linux,Linux,2025-10-15 00:08:21,2025-10-15 01:04:51,2025-10,success,included,False,56.5,,"[""ubuntu-22.04""]",https://github.com/PixarAnimationStudios/OpenUSD/actions/runs/18513505900/job/52759273012
52759273006,18513505900,1,macos,macOS,2025-10-15 00:08:22,2025-10-15 01:04:15,2025-10,success,included,False,55.88333333333333,,"[""macos-15""]",https://github.com/PixarAnimationStudios/OpenUSD/actions/runs/18513505900/job/52759273006
52759273023,18513505900,1,windows,Windows,2025-10-15 00:08:24,2025-10-15 01:32:36,2025-10,success,included,False,84.2,,"[""windows-2022""]",https://github.com/PixarAnimationStudios/OpenUSD/actions/runs/18513505900/job/52759273023
52769254790,18516944514,1,linux,Linux,2025-10-15 03:34:38,2025-10-15 04:36:03,2025-10,success,included,False,61.416666666666664,,"[""ubuntu-22.04""]",https://github.com/PixarAnimationStudios/OpenUSD/actions/runs/18516944514/job/52769254790
52769254793,18516944514,1,macos,macOS,2025-10-15 03:34:38,2025-10-15 04:33:24,2025-10,success,included,False,58.766666666666666,,"[""macos-15""]",https://github.com/PixarAnimationStudios/OpenUSD/actions/runs/18516944514/job/52769254793
52769254828,18516944514,1,windows,Windows,2025-10-15 03:34:39,2025-10-15 04:54:44,2025-10,success,included,False,80.08333333333333,,"[""windows-2022""]",https://github.com/PixarAnimationStudios/OpenUSD/actions/runs/18516944514/job/52769254828
52769430070,18517002893,1,linux,Linux,2025-10-15 03:38:29,2025-10-15 04:36:14,2025-10,success,included,False,57.75,,"[""ubuntu-22.04""]",https://github.com/PixarAnimationStudios/OpenUSD/actions/runs/18517002893/job/52769430070
52769430078,18517002893,1,windows,Windows,2025-10-15 03:38:29,2025-10-15 04:57:52,2025-10,success,included,False,79.38333333333334,,"[""windows-2022""]",https://github.com/PixarAnimationStudios/OpenUSD/actions/runs/18517002893/job/52769430078
52769430082,18517002893,1,macos,macOS,2025-10-15 03:38:29,2025-10-15 04:38:36,2025-10,success,included,False,60.11666666666667,,"[""macos-15""]",https://github.com/PixarAnimationStudios/OpenUSD/actions/runs/18517002893/job/52769430082
52772656450,18518179232,1,linux,Linux,2025-10-15 04:52:38,2025-10-15 05:49:00,2025-10,success,included,False,56.36666666666667,,"[""ubuntu-22.04""]",https://github.com/PixarAnimationStudios/OpenUSD/actions/runs/18518179232/job/52772656450
52772656473,18518179232,1,macos,macOS,2025-10-15 04:52:39,2025-10-15 05:53:37,2025-10,success,included,False,60.96666666666667,,"[""macos-15""]",https://github.com/PixarAnimationStudios/OpenUSD/actions/runs/18518179232/job/52772656473
52772656527,18518179232,1,windows,Windows,2025-10-15 04:52:39,2025-10-15 06:06:06,2025-10,success,included,False,73.45,,"[""windows-2022""]",https://github.com/PixarAnimationStudios/OpenUSD/actions/runs/18518179232/job/52772656527
52845491631,18540195154,1,linux,Linux,2025-10-15 19:24:09,2025-10-15 20:22:49,2025-10,success,included,False,58.666666666666664,,"[""ubuntu-22.04""]",https://github.com/PixarAnimationStudios/OpenUSD/actions/runs/18540195154/job/52845491631
52845491619,18540195154,1,macos,macOS,2025-10-15 19:24:10,2025-10-15 20:16:04,2025-10,success,included,False,51.9,,"[""macos-15""]",https://github.com/PixarAnimationStudios/OpenUSD/actions/runs/18540195154/job/52845491619
52845491621,18540195154,1,windows,Windows,2025-10-15 19:24:12,2025-10-15 21:18:19,2025-10,failure,not_successful,False,114.11666666666666,,"[""windows-2022""]",https://github.com/PixarAnimationStudios/OpenUSD/actions/runs/18540195154/job/52845491621
52873088973,18549117147,1,macos,macOS,2025-10-16 03:14:26,2025-10-16 04:09:37,2025-10,success,included,False,55.18333333333333,,"[""macos-15""]",https://github.com/PixarAnimationStudios/OpenUSD/actions/runs/18549117147/job/52873088973
52873088988,18549117147,1,linux,Linux,2025-10-16 03:14:26,2025-10-16 04:10:25,2025-10,success,included,False,55.983333333333334,,"[""ubuntu-22.04""]",https://github.com/PixarAnimationStudios/OpenUSD/actions/runs/18549117147/job/52873088988
52873088990,18549117147,1,windows,Windows,2025-10-16 03:14:27,2025-10-16 04:35:54,2025-10,success,included,False,81.45,,"[""windows-2022""]",https://github.com/PixarAnimationStudios/OpenUSD/actions/runs/18549117147/job/52873088990
53029020213,18597955601,1,windows,Windows,2025-10-17 15:53:18,2025-10-17 17:12:47,2025-10,success,included,False,79.48333333333333,,"[""windows-2022""]",https://github.com/PixarAnimationStudios/OpenUSD/actions/runs/18597955601/job/53029020213
53029020210,18597955601,1,linux,Linux,2025-10-17 15:53:22,2025-10-17 16:48:57,2025-10,success,included,False,55.583333333333336,,"[""ubuntu-22.04""]",https://github.com/PixarAnimationStudios/OpenUSD/actions/runs/18597955601/job/53029020210
53029020203,18597955601,1,macos,macOS,2025-10-17 15:53:27,2025-10-17 17:03:06,2025-10,success,included,False,69.65,,"[""macos-15""]",https://github.com/PixarAnimationStudios/OpenUSD/actions/runs/18597955601/job/53029020203
53318156645,18697351913,1,linux,Linux,2025-10-21 20:54:30,2025-10-21 21:50:40,2025-10,success,included,False,56.166666666666664,,"[""ubuntu-22.04""]",https://github.com/PixarAnimationStudios/OpenUSD/actions/runs/18697351913/job/53318156645
53318156650,18697351913,1,windows,Windows,2025-10-21 20:54:30,2025-10-21 22:16:02,2025-10,success,included,False,81.53333333333333,,"[""windows-2022""]",https://github.com/PixarAnimationStudios/OpenUSD/actions/runs/18697351913/job/53318156650
53318156613,18697351913,1,macos,macOS,2025-10-21 20:54:31,2025-10-21 22:06:47,2025-10,success,included,False,72.26666666666667,,"[""macos-15""]",https://github.com/PixarAnimationStudios/OpenUSD/actions/runs/18697351913/job/53318156613
53326846817,18700093644,1,macos,macOS,2025-10-21 23:04:52,2025-10-21 23:54:53,2025-10,success,included,False,50.016666666666666,,"[""macos-15""]",https://github.com/PixarAnimationStudios/OpenUSD/actions/runs/18700093644/job/53326846817
53326846833,18700093644,1,linux,Linux,2025-10-21 23:04:52,2025-10-22 00:01:18,2025-10,success,included,False,56.43333333333333,,"[""ubuntu-22.04""]",https://github.com/PixarAnimationStudios/OpenUSD/actions/runs/18700093644/job/53326846833
53326846857,18700093644,1,windows,Windows,2025-10-21 23:04:52,2025-10-22 00:25:46,2025-10,success,included,False,80.9,,"[""windows-2022""]",https://github.com/PixarAnimationStudios/OpenUSD/actions/runs/18700093644/job/53326846857
53602227424,18785377530,1,windows,Windows,2025-10-24 16:07:23,2025-10-24 17:28:26,2025-10,success,included,False,81.05,,"[""windows-2022""]",https://github.com/PixarAnimationStudios/OpenUSD/actions/runs/18785377530/job/53602227424
53602227433,18785377530,1,macos,macOS,2025-10-24 16:07:23,2025-10-24 17:00:20,2025-10,failure,not_successful,False,52.95,,"[""macos-15""]",https://github.com/PixarAnimationStudios/OpenUSD/actions/runs/18785377530/job/53602227433
53602227472,18785377530,1,linux,Linux,2025-10-24 16:07:23,2025-10-24 17:04:19,2025-10,success,included,False,56.93333333333333,,"[""ubuntu-22.04""]",https://github.com/PixarAnimationStudios/OpenUSD/actions/runs/18785377530/job/53602227472
53603378438,18785722845,1,linux,Linux,2025-10-24 16:20:56,2025-10-24 17:19:08,2025-10,success,included,False,58.2,,"[""ubuntu-22.04""]",https://github.com/PixarAnimationStudios/OpenUSD/actions/runs/18785722845/job/53603378438
53603378481,18785722845,1,windows,Windows,2025-10-24 16:20:57,2025-10-24 17:37:58,2025-10,success,included,False,77.01666666666667,,"[""windows-2022""]",https://github.com/PixarAnimationStudios/OpenUSD/actions/runs/18785722845/job/53603378481
53603378488,18785722845,1,macos,macOS,2025-10-24 16:20:57,2025-10-24 17:26:26,2025-10,success,included,False,65.48333333333333,,"[""macos-15""]",https://github.com/PixarAnimationStudios/OpenUSD/actions/runs/18785722845/job/53603378488
53614299197,18788974324,1,macos,macOS,2025-10-24 18:41:18,2025-10-24 19:41:47,2025-10,failure,not_successful,False,60.483333333333334,,"[""macos-15""]",https://github.com/PixarAnimationStudios/OpenUSD/actions/runs/18788974324/job/53614299197
53614299225,18788974324,1,linux,Linux,2025-10-24 18:41:18,2025-10-24 19:39:16,2025-10,success,included,False,57.96666666666667,,"[""ubuntu-22.04""]",https://github.com/PixarAnimationStudios/OpenUSD/actions/runs/18788974324/job/53614299225
53625484069,18788974324,2,linux,Linux,2025-10-24 18:41:18,2025-10-24 19:39:16,2025-10,success,duplicate_execution,False,57.96666666666667,,"[""ubuntu-22.04""]",https://github.com/PixarAnimationStudios/OpenUSD/actions/runs/18788974324/job/53625484069
53614299226,18788974324,1,windows,Windows,2025-10-24 18:41:20,2025-10-24 20:02:59,2025-10,success,included,False,81.65,,"[""windows-2022""]",https://github.com/PixarAnimationStudios/OpenUSD/actions/runs/18788974324/job/53614299226
53625483908,18788974324,2,windows,Windows,2025-10-24 18:41:20,2025-10-24 20:02:59,2025-10,success,duplicate_execution,False,81.65,,"[""windows-2022""]",https://github.com/PixarAnimationStudios/OpenUSD/actions/runs/18788974324/job/53625483908
53623163497,18791650083,1,linux,Linux,2025-10-24 20:43:04,2025-10-24 21:39:03,2025-10,success,included,False,55.983333333333334,,"[""ubuntu-22.04""]",https://github.com/PixarAnimationStudios/OpenUSD/actions/runs/18791650083/job/53623163497
53623163529,18791650083,1,windows,Windows,2025-10-24 20:43:04,2025-10-24 22:02:14,2025-10,success,included,False,79.16666666666667,,"[""windows-2022""]",https://github.com/PixarAnimationStudios/OpenUSD/actions/runs/18791650083/job/53623163529
53623163521,18791650083,1,macos,macOS,2025-10-24 20:44:31,2025-10-24 21:36:01,2025-10,success,included,False,51.5,,"[""macos-15""]",https://github.com/PixarAnimationStudios/OpenUSD/actions/runs/18791650083/job/53623163521
53625483825,18788974324,2,macos,macOS,2025-10-24 21:17:58,2025-10-24 21:59:28,2025-10,success,included,False,41.5,,"[""macos-15""]",https://github.com/PixarAnimationStudios/OpenUSD/actions/runs/18788974324/job/53625483825
53643936178,18799092918,1,macos,macOS,2025-10-25 05:58:58,2025-10-25 06:50:09,2025-10,success,included,False,51.18333333333333,,"[""macos-15""]",https://github.com/PixarAnimationStudios/OpenUSD/actions/runs/18799092918/job/53643936178
53643936185,18799092918,1,linux,Linux,2025-10-25 05:58:58,2025-10-25 06:56:37,2025-10,success,included,False,57.65,,"[""ubuntu-22.04""]",https://github.com/PixarAnimationStudios/OpenUSD/actions/runs/18799092918/job/53643936185
53643936190,18799092918,1,windows,Windows,2025-10-25 05:58:58,2025-10-25 07:20:19,2025-10,success,included,False,81.35,,"[""windows-2022""]",https://github.com/PixarAnimationStudios/OpenUSD/actions/runs/18799092918/job/53643936190
53807252974,18857006842,1,windows,Windows,2025-10-27 21:54:06,2025-10-27 23:14:22,2025-10,failure,not_successful,False,80.26666666666667,,"[""windows-2022""]",https://github.com/PixarAnimationStudios/OpenUSD/actions/runs/18857006842/job/53807252974
53807252947,18857006842,1,linux,Linux,2025-10-27 21:54:07,2025-10-27 22:51:18,2025-10,success,included,False,57.18333333333333,,"[""ubuntu-22.04""]",https://github.com/PixarAnimationStudios/OpenUSD/actions/runs/18857006842/job/53807252947
53807252937,18857006842,1,macos,macOS,2025-10-27 21:54:22,2025-10-27 22:55:28,2025-10,success,included,False,61.1,,"[""macos-15""]",https://github.com/PixarAnimationStudios/OpenUSD/actions/runs/18857006842/job/53807252937
53901467866,18886016410,1,windows,Windows,2025-10-28 18:56:49,2025-10-28 20:18:25,2025-10,success,included,False,81.6,,"[""windows-2022""]",https://github.com/PixarAnimationStudios/OpenUSD/actions/runs/18886016410/job/53901467866
53901467859,18886016410,1,linux,Linux,2025-10-28 18:56:51,2025-10-28 19:52:12,2025-10,success,included,False,55.35,,"[""ubuntu-22.04""]",https://github.com/PixarAnimationStudios/OpenUSD/actions/runs/18886016410/job/53901467859
53901467882,18886016410,1,macos,macOS,2025-10-28 18:56:53,2025-10-28 19:38:48,2025-10,success,included,False,41.916666666666664,,"[""macos-15""]",https://github.com/PixarAnimationStudios/OpenUSD/actions/runs/18886016410/job/53901467882
54146243845,18960381305,1,windows,Windows,2025-10-31 02:00:05,2025-10-31 03:15:26,2025-10,success,included,False,75.35,,"[""windows-2022""]",https://github.com/PixarAnimationStudios/OpenUSD/actions/runs/18960381305/job/54146243845
54146243842,18960381305,1,linux,Linux,2025-10-31 02:00:06,2025-10-31 02:56:49,2025-10,success,included,False,56.71666666666667,,"[""ubuntu-22.04""]",https://github.com/PixarAnimationStudios/OpenUSD/actions/runs/18960381305/job/54146243842
54146243840,18960381305,1,macos,macOS,2025-10-31 02:00:09,2025-10-31 02:42:21,2025-10,success,included,False,42.2,,"[""macos-15""]",https://github.com/PixarAnimationStudios/OpenUSD/actions/runs/18960381305/job/54146243840
54400780114,19047933271,1,linux,Linux,2025-11-03 20:12:11,2025-11-03 21:09:15,2025-11,success,included,False,57.06666666666667,,"[""ubuntu-22.04""]",https://github.com/PixarAnimationStudios/OpenUSD/actions/runs/19047933271/job/54400780114
54400780132,19047933271,1,windows,Windows,2025-11-03 20:12:11,2025-11-03 21:31:44,2025-11,success,included,False,79.55,,"[""windows-2022""]",https://github.com/PixarAnimationStudios/OpenUSD/actions/runs/19047933271/job/54400780132
54400780111,19047933271,1,macos,macOS,2025-11-03 20:12:21,2025-11-03 21:11:42,2025-11,success,included,False,59.35,,"[""macos-15""]",https://github.com/PixarAnimationStudios/OpenUSD/actions/runs/19047933271/job/54400780111
54433250975,19058380452,1,linux,Linux,2025-11-04 05:03:54,2025-11-04 05:03:54,2025-11,skipped,not_successful,False,,,"[""ubuntu-22.04""]",https://github.com/PixarAnimationStudios/OpenUSD/actions/runs/19058380452/job/54433250975
54433251072,19058380452,1,windows,Windows,2025-11-04 05:03:54,2025-11-04 05:03:54,2025-11,skipped,not_successful,False,,,"[""windows-2022""]",https://github.com/PixarAnimationStudios/OpenUSD/actions/runs/19058380452/job/54433251072
54433251107,19058380452,1,macos,macOS,2025-11-04 05:03:54,2025-11-04 05:03:54,2025-11,skipped,not_successful,False,,,"[""macos-15""]",https://github.com/PixarAnimationStudios/OpenUSD/actions/runs/19058380452/job/54433251107
54500030488,19078351572,1,macos,macOS,2025-11-04 18:06:13,2025-11-04 19:15:12,2025-11,success,included,False,68.98333333333333,,"[""macos-15""]",https://github.com/PixarAnimationStudios/OpenUSD/actions/runs/19078351572/job/54500030488
54500030495,19078351572,1,windows,Windows,2025-11-04 18:06:14,2025-11-04 19:26:14,2025-11,success,included,False,80.0,,"[""windows-2022""]",https://github.com/PixarAnimationStudios/OpenUSD/actions/runs/19078351572/job/54500030495
54500030615,19078351572,1,linux,Linux,2025-11-04 18:06:14,2025-11-04 19:03:21,2025-11,success,included,False,57.11666666666667,,"[""ubuntu-22.04""]",https://github.com/PixarAnimationStudios/OpenUSD/actions/runs/19078351572/job/54500030615
54609031717,19111361442,1,linux,Linux,2025-11-05 17:54:42,2025-11-05 18:52:19,2025-11,success,included,False,57.61666666666667,,"[""ubuntu-22.04""]",https://github.com/PixarAnimationStudios/OpenUSD/actions/runs/19111361442/job/54609031717
54609031747,19111361442,1,macos,macOS,2025-11-05 17:54:43,2025-11-05 18:59:54,2025-11,success,included,False,65.18333333333334,,"[""macos-15""]",https://github.com/PixarAnimationStudios/OpenUSD/actions/runs/19111361442/job/54609031747
54609031710,19111361442,1,windows,Windows,2025-11-05 17:54:45,2025-11-05 19:15:19,2025-11,success,included,False,80.56666666666666,,"[""windows-2022""]",https://github.com/PixarAnimationStudios/OpenUSD/actions/runs/19111361442/job/54609031710
54755842214,19155737129,1,macos,macOS,2025-11-07 01:58:33,2025-11-07 01:58:33,2025-11,skipped,not_successful,False,,,"[""macos-15""]",https://github.com/PixarAnimationStudios/OpenUSD/actions/runs/19155737129/job/54755842214
54755842244,19155737129,1,linux,Linux,2025-11-07 01:58:33,2025-11-07 01:58:33,2025-11,skipped,not_successful,False,,,"[""ubuntu-22.04""]",https://github.com/PixarAnimationStudios/OpenUSD/actions/runs/19155737129/job/54755842244
54755842282,19155737129,1,windows,Windows,2025-11-07 01:58:33,2025-11-07 01:58:33,2025-11,skipped,not_successful,False,,,"[""windows-2022""]",https://github.com/PixarAnimationStudios/OpenUSD/actions/runs/19155737129/job/54755842282
55041287478,19252894138,1,windows,Windows,2025-11-11 02:27:51,2025-11-11 02:27:51,2025-11,skipped,not_successful,False,,,"[""windows-2022""]",https://github.com/PixarAnimationStudios/OpenUSD/actions/runs/19252894138/job/55041287478
55041287525,19252894138,1,linux,Linux,2025-11-11 02:27:51,2025-11-11 02:27:51,2025-11,skipped,not_successful,False,,,"[""ubuntu-22.04""]",https://github.com/PixarAnimationStudios/OpenUSD/actions/runs/19252894138/job/55041287525
55041287587,19252894138,1,macos,macOS,2025-11-11 02:27:51,2025-11-11 02:27:51,2025-11,skipped,not_successful,False,,,"[""macos-15""]",https://github.com/PixarAnimationStudios/OpenUSD/actions/runs/19252894138/job/55041287587
55077086479,19264543594,1,linux,Linux,2025-11-11 11:45:04,2025-11-11 12:40:17,2025-11,success,included,False,55.21666666666667,,"[""ubuntu-22.04""]",https://github.com/PixarAnimationStudios/OpenUSD/actions/runs/19264543594/job/55077086479
55077086488,19264543594,1,macos,macOS,2025-11-11 11:45:04,2025-11-11 12:23:09,2025-11,success,included,False,38.083333333333336,,"[""macos-15""]",https://github.com/PixarAnimationStudios/OpenUSD/actions/runs/19264543594/job/55077086488
55077086501,19264543594,1,windows,Windows,2025-11-11 11:45:04,2025-11-11 13:05:50,2025-11,success,included,False,80.76666666666667,,"[""windows-2022""]",https://github.com/PixarAnimationStudios/OpenUSD/actions/runs/19264543594/job/55077086501
55124259968,19278564763,1,macos,macOS,2025-11-11 21:08:12,2025-11-11 22:05:50,2025-11,success,included,False,57.63333333333333,,"[""macos-15""]",https://github.com/PixarAnimationStudios/OpenUSD/actions/runs/19278564763/job/55124259968
55124259981,19278564763,1,windows,Windows,2025-11-11 21:08:12,2025-11-11 22:28:51,2025-11,success,included,False,80.65,,"[""windows-2022""]",https://github.com/PixarAnimationStudios/OpenUSD/actions/runs/19278564763/job/55124259981
55124260002,19278564763,1,linux,Linux,2025-11-11 21:08:12,2025-11-11 22:05:55,2025-11,success,included,False,57.71666666666667,,"[""ubuntu-22.04""]",https://github.com/PixarAnimationStudios/OpenUSD/actions/runs/19278564763/job/55124260002
55882932281,19520571574,1,linux,Linux,2025-11-20 00:09:27,2025-11-20 01:11:12,2025-11,success,included,False,61.75,,"[""ubuntu-22.04""]",https://github.com/PixarAnimationStudios/OpenUSD/actions/runs/19520571574/job/55882932281
55882932291,19520571574,1,macos,macOS,2025-11-20 00:09:28,2025-11-20 01:09:32,2025-11,success,included,False,60.06666666666667,,"[""macos-15""]",https://github.com/PixarAnimationStudios/OpenUSD/actions/runs/19520571574/job/55882932291
55882932297,19520571574,1,windows,Windows,2025-11-20 00:09:28,2025-11-20 01:38:07,2025-11,success,included,False,88.65,,"[""windows-2022""]",https://github.com/PixarAnimationStudios/OpenUSD/actions/runs/19520571574/job/55882932297
55966856770,19546538493,1,linux,Linux,2025-11-20 18:00:46,2025-11-20 18:59:34,2025-11,success,included,False,58.8,,"[""ubuntu-22.04""]",https://github.com/PixarAnimationStudios/OpenUSD/actions/runs/19546538493/job/55966856770
55966856794,19546538493,1,windows,Windows,2025-11-20 18:00:47,2025-11-20 19:26:58,2025-11,success,included,False,86.18333333333334,,"[""windows-2022""]",https://github.com/PixarAnimationStudios/OpenUSD/actions/runs/19546538493/job/55966856794
55966856740,19546538493,1,macos,macOS,2025-11-20 18:00:50,2025-11-20 19:06:46,2025-11,success,included,False,65.93333333333334,,"[""macos-15""]",https://github.com/PixarAnimationStudios/OpenUSD/actions/runs/19546538493/job/55966856740
56087483240,19583650054,1,windows,Windows,2025-11-21 21:13:38,2025-11-21 21:13:38,2025-11,skipped,not_successful,False,,,"[""windows-2022""]",https://github.com/PixarAnimationStudios/OpenUSD/actions/runs/19583650054/job/56087483240
56087483291,19583650054,1,macos,macOS,2025-11-21 21:13:38,2025-11-21 21:13:38,2025-11,skipped,not_successful,False,,,"[""macos-15""]",https://github.com/PixarAnimationStudios/OpenUSD/actions/runs/19583650054/job/56087483291
56087483403,19583650054,1,linux,Linux,2025-11-21 21:13:38,2025-11-21 21:13:38,2025-11,skipped,not_successful,False,,,"[""ubuntu-22.04""]",https://github.com/PixarAnimationStudios/OpenUSD/actions/runs/19583650054/job/56087483403
56341519840,19671556205,1,linux,Linux,2025-11-25 13:42:16,2025-11-25 14:40:12,2025-11,success,included,False,57.93333333333333,,"[""ubuntu-22.04""]",https://github.com/PixarAnimationStudios/OpenUSD/actions/runs/19671556205/job/56341519840
56341519849,19671556205,1,macos,macOS,2025-11-25 13:42:17,2025-11-25 14:48:53,2025-11,success,included,False,66.6,,"[""macos-15""]",https://github.com/PixarAnimationStudios/OpenUSD/actions/runs/19671556205/job/56341519849
56341519882,19671556205,1,windows,Windows,2025-11-25 13:42:17,2025-11-25 15:04:45,2025-11,success,included,False,82.46666666666667,,"[""windows-2022""]",https://github.com/PixarAnimationStudios/OpenUSD/actions/runs/19671556205/job/56341519882
56478965594,19713194276,1,linux,Linux,2025-11-26 18:05:11,2025-11-26 18:59:11,2025-11,success,included,False,54.0,,"[""ubuntu-22.04""]",https://github.com/PixarAnimationStudios/OpenUSD/actions/runs/19713194276/job/56478965594
56478965596,19713194276,1,macos,macOS,2025-11-26 18:05:11,2025-11-26 19:36:50,2025-11,failure,not_successful,False,91.65,,"[""macos-15""]",https://github.com/PixarAnimationStudios/OpenUSD/actions/runs/19713194276/job/56478965596
56478965627,19713194276,1,windows,Windows,2025-11-26 18:05:11,2025-11-26 19:32:11,2025-11,success,included,False,87.0,,"[""windows-2022""]",https://github.com/PixarAnimationStudios/OpenUSD/actions/runs/19713194276/job/56478965627
56491421005,19713194276,2,linux,Linux,2025-11-26 18:05:11,2025-11-26 18:59:11,2025-11,success,duplicate_execution,False,54.0,,"[""ubuntu-22.04""]",https://github.com/PixarAnimationStudios/OpenUSD/actions/runs/19713194276/job/56491421005
56491421223,19713194276,2,windows,Windows,2025-11-26 18:05:11,2025-11-26 19:32:11,2025-11,success,duplicate_execution,False,87.0,,"[""windows-2022""]",https://github.com/PixarAnimationStudios/OpenUSD/actions/runs/19713194276/job/56491421223
56488411916,19716062432,1,macos,macOS,2025-11-26 20:06:27,2025-11-26 21:08:31,2025-11,success,included,False,62.06666666666667,,"[""macos-15""]",https://github.com/PixarAnimationStudios/OpenUSD/actions/runs/19716062432/job/56488411916
56488411925,19716062432,1,windows,Windows,2025-11-26 20:06:27,2025-11-26 21:36:06,2025-11,success,included,False,89.65,,"[""windows-2022""]",https://github.com/PixarAnimationStudios/OpenUSD/actions/runs/19716062432/job/56488411925
56488411927,19716062432,1,linux,Linux,2025-11-26 20:06:27,2025-11-26 21:01:06,2025-11,success,included,False,54.65,,"[""ubuntu-22.04""]",https://github.com/PixarAnimationStudios/OpenUSD/actions/runs/19716062432/job/56488411927
56491420904,19713194276,2,macos,macOS,2025-11-26 20:47:37,2025-11-26 21:32:06,2025-11,success,included,False,44.483333333333334,,"[""macos-15""]",https://github.com/PixarAnimationStudios/OpenUSD/actions/runs/19713194276/job/56491420904
56917438086,19862830216,1,linux,Linux,2025-12-02 14:53:58,2025-12-02 15:49:13,2025-12,success,included,False,55.25,,"[""ubuntu-22.04""]",https://github.com/PixarAnimationStudios/OpenUSD/actions/runs/19862830216/job/56917438086
56917438108,19862830216,1,macos,macOS,2025-12-02 14:53:58,2025-12-02 16:05:23,2025-12,failure,not_successful,False,71.41666666666667,,"[""macos-15""]",https://github.com/PixarAnimationStudios/OpenUSD/actions/runs/19862830216/job/56917438108
56917438126,19862830216,1,windows,Windows,2025-12-02 14:53:59,2025-12-02 16:22:58,2025-12,success,included,False,88.98333333333333,,"[""windows-2022""]",https://github.com/PixarAnimationStudios/OpenUSD/actions/runs/19862830216/job/56917438126
56950306129,19872096447,1,linux,Linux,2025-12-02 20:12:47,2025-12-02 21:07:38,2025-12,success,included,False,54.85,,"[""ubuntu-22.04""]",https://github.com/PixarAnimationStudios/OpenUSD/actions/runs/19872096447/job/56950306129
56950306147,19872096447,1,windows,Windows,2025-12-02 20:12:48,2025-12-02 21:42:15,2025-12,success,included,False,89.45,,"[""windows-2022""]",https://github.com/PixarAnimationStudios/OpenUSD/actions/runs/19872096447/job/56950306147
56950306172,19872096447,1,macos,macOS,2025-12-02 20:12:48,2025-12-02 21:06:39,2025-12,failure,not_successful,False,53.85,,"[""macos-15""]",https://github.com/PixarAnimationStudios/OpenUSD/actions/runs/19872096447/job/56950306172
56970499258,19878242104,1,linux,Linux,2025-12-03 00:37:09,2025-12-03 01:33:11,2025-12,success,included,False,56.03333333333333,,"[""ubuntu-22.04""]",https://github.com/PixarAnimationStudios/OpenUSD/actions/runs/19878242104/job/56970499258
56970499275,19878242104,1,windows,Windows,2025-12-03 00:37:09,2025-12-03 02:07:06,2025-12,success,included,False,89.95,,"[""windows-2022""]",https://github.com/PixarAnimationStudios/OpenUSD/actions/runs/19878242104/job/56970499275
56970499274,19878242104,1,macos,macOS,2025-12-03 00:40:04,2025-12-03 01:30:57,2025-12,success,included,False,50.88333333333333,,"[""macos-15""]",https://github.com/PixarAnimationStudios/OpenUSD/actions/runs/19878242104/job/56970499274
57053887006,19903592434,1,windows,Windows,2025-12-03 17:53:35,2025-12-03 19:21:21,2025-12,success,included,False,87.76666666666667,,"[""windows-2022""]",https://github.com/PixarAnimationStudios/OpenUSD/actions/runs/19903592434/job/57053887006
57053887011,19903592434,1,macos,macOS,2025-12-03 17:53:35,2025-12-03 19:07:41,2025-12,success,included,False,74.1,,"[""macos-15""]",https://github.com/PixarAnimationStudios/OpenUSD/actions/runs/19903592434/job/57053887011
57053887070,19903592434,1,linux,Linux,2025-12-03 17:53:35,2025-12-03 18:47:46,2025-12,success,included,False,54.18333333333333,,"[""ubuntu-22.04""]",https://github.com/PixarAnimationStudios/OpenUSD/actions/runs/19903592434/job/57053887070
57055761092,19904117195,1,macos,macOS,2025-12-03 18:12:49,2025-12-03 18:53:01,2025-12,success,included,False,40.2,,"[""macos-15""]",https://github.com/PixarAnimationStudios/OpenUSD/actions/runs/19904117195/job/57055761092
57055761126,19904117195,1,linux,Linux,2025-12-03 18:12:49,2025-12-03 19:08:05,2025-12,success,included,False,55.266666666666666,,"[""ubuntu-22.04""]",https://github.com/PixarAnimationStudios/OpenUSD/actions/runs/19904117195/job/57055761126
57055761118,19904117195,1,windows,Windows,2025-12-03 18:12:50,2025-12-03 19:40:25,2025-12,success,included,False,87.58333333333333,,"[""windows-2022""]",https://github.com/PixarAnimationStudios/OpenUSD/actions/runs/19904117195/job/57055761118
57057243438,19904539922,1,windows,Windows,2025-12-03 18:28:20,2025-12-03 19:55:41,2025-12,success,included,False,87.35,,"[""windows-2022""]",https://github.com/PixarAnimationStudios/OpenUSD/actions/runs/19904539922/job/57057243438
57057243442,19904539922,1,linux,Linux,2025-12-03 18:28:20,2025-12-03 19:23:21,2025-12,success,included,False,55.016666666666666,,"[""ubuntu-22.04""]",https://github.com/PixarAnimationStudios/OpenUSD/actions/runs/19904539922/job/57057243442
57057243479,19904539922,1,macos,macOS,2025-12-03 18:28:20,2025-12-03 19:13:17,2025-12,success,included,False,44.95,,"[""macos-15""]",https://github.com/PixarAnimationStudios/OpenUSD/actions/runs/19904539922/job/57057243479
57145347594,19931715434,1,linux,Linux,2025-12-04 14:06:02,2025-12-04 15:00:20,2025-12,success,included,False,54.3,,"[""ubuntu-22.04""]",https://github.com/PixarAnimationStudios/OpenUSD/actions/runs/19931715434/job/57145347594
57145347411,19931715434,1,windows,Windows,2025-12-04 14:06:03,2025-12-04 15:30:25,2025-12,success,included,False,84.36666666666666,,"[""windows-2022""]",https://github.com/PixarAnimationStudios/OpenUSD/actions/runs/19931715434/job/57145347411
57145347399,19931715434,1,macos,macOS,2025-12-04 14:06:04,2025-12-04 15:06:49,2025-12,success,included,False,60.75,,"[""macos-15""]",https://github.com/PixarAnimationStudios/OpenUSD/actions/runs/19931715434/job/57145347399
57286966159,19974423224,1,linux,Linux,2025-12-05 19:58:20,2025-12-05 20:54:47,2025-12,success,included,False,56.45,,"[""ubuntu-22.04""]",https://github.com/PixarAnimationStudios/OpenUSD/actions/runs/19974423224/job/57286966159
57286966164,19974423224,1,macos,macOS,2025-12-05 19:58:20,2025-12-05 21:00:33,2025-12,success,included,False,62.21666666666667,,"[""macos-15""]",https://github.com/PixarAnimationStudios/OpenUSD/actions/runs/19974423224/job/57286966164
57286966169,19974423224,1,windows,Windows,2025-12-05 19:58:21,2025-12-05 21:25:30,2025-12,success,included,False,87.15,,"[""windows-2022""]",https://github.com/PixarAnimationStudios/OpenUSD/actions/runs/19974423224/job/57286966169
57302449712,19979287704,1,linux,Linux,2025-12-05 23:51:26,2025-12-06 00:46:22,2025-12,success,included,False,54.93333333333333,,"[""ubuntu-22.04""]",https://github.com/PixarAnimationStudios/OpenUSD/actions/runs/19979287704/job/57302449712
57302449708,19979287704,1,windows,Windows,2025-12-05 23:51:27,2025-12-06 01:19:33,2025-12,success,included,False,88.1,,"[""windows-2022""]",https://github.com/PixarAnimationStudios/OpenUSD/actions/runs/19979287704/job/57302449708
57302449715,19979287704,1,macos,macOS,2025-12-05 23:51:27,2025-12-06 00:42:20,2025-12,success,included,False,50.88333333333333,,"[""macos-15""]",https://github.com/PixarAnimationStudios/OpenUSD/actions/runs/19979287704/job/57302449715
57494911609,20047087464,1,linux,Linux,2025-12-09 00:07:48,2025-12-09 01:02:15,2025-12,success,included,False,54.45,,"[""ubuntu-22.04""]",https://github.com/PixarAnimationStudios/OpenUSD/actions/runs/20047087464/job/57494911609
57494911612,20047087464,1,windows,Windows,2025-12-09 00:07:48,2025-12-09 01:36:30,2025-12,success,included,False,88.7,,"[""windows-2022""]",https://github.com/PixarAnimationStudios/OpenUSD/actions/runs/20047087464/job/57494911612
57494911604,20047087464,1,macos,macOS,2025-12-09 00:07:49,2025-12-09 01:18:45,2025-12,success,included,False,70.93333333333334,,"[""macos-15""]",https://github.com/PixarAnimationStudios/OpenUSD/actions/runs/20047087464/job/57494911604
57781264052,20133671807,1,linux,Linux,2025-12-11 12:50:58,2025-12-11 13:46:20,2025-12,success,included,False,55.36666666666667,,"[""ubuntu-22.04""]",https://github.com/PixarAnimationStudios/OpenUSD/actions/runs/20133671807/job/57781264052
57781264042,20133671807,1,windows,Windows,2025-12-11 12:50:59,2025-12-11 14:18:46,2025-12,success,included,False,87.78333333333333,,"[""windows-2022""]",https://github.com/PixarAnimationStudios/OpenUSD/actions/runs/20133671807/job/57781264042
57781264116,20133671807,1,macos,macOS,2025-12-11 12:50:59,2025-12-11 13:36:46,2025-12,success,included,False,45.78333333333333,,"[""macos-15""]",https://github.com/PixarAnimationStudios/OpenUSD/actions/runs/20133671807/job/57781264116
57781388566,20133701621,1,linux,Linux,2025-12-11 12:52:22,2025-12-11 13:46:57,2025-12,success,included,False,54.583333333333336,,"[""ubuntu-22.04""]",https://github.com/PixarAnimationStudios/OpenUSD/actions/runs/20133701621/job/57781388566
57781388578,20133701621,1,windows,Windows,2025-12-11 12:52:22,2025-12-11 14:20:59,2025-12,success,included,False,88.61666666666666,,"[""windows-2022""]",https://github.com/PixarAnimationStudios/OpenUSD/actions/runs/20133701621/job/57781388578
57781388592,20133701621,1,macos,macOS,2025-12-11 12:52:23,2025-12-11 14:04:37,2025-12,success,included,False,72.23333333333333,,"[""macos-15""]",https://github.com/PixarAnimationStudios/OpenUSD/actions/runs/20133701621/job/57781388592
57781589034,20133771297,1,windows,Windows,2025-12-11 12:54:35,2025-12-11 14:17:58,2025-12,success,included,False,83.38333333333334,,"[""windows-2022""]",https://github.com/PixarAnimationStudios/OpenUSD/actions/runs/20133771297/job/57781589034
57781589038,20133771297,1,linux,Linux,2025-12-11 12:54:35,2025-12-11 13:49:31,2025-12,success,included,False,54.93333333333333,,"[""ubuntu-22.04""]",https://github.com/PixarAnimationStudios/OpenUSD/actions/runs/20133771297/job/57781589038
57781589051,20133771297,1,macos,macOS,2025-12-11 12:54:36,2025-12-11 13:56:12,2025-12,success,included,False,61.6,,"[""macos-15""]",https://github.com/PixarAnimationStudios/OpenUSD/actions/runs/20133771297/job/57781589051
57839313900,20149668793,1,macos,macOS,2025-12-11 22:37:57,2025-12-11 23:24:45,2025-12,success,included,False,46.8,,"[""macos-15""]",https://github.com/PixarAnimationStudios/OpenUSD/actions/runs/20149668793/job/57839313900
57839313912,20149668793,1,linux,Linux,2025-12-11 22:37:57,2025-12-11 23:32:54,2025-12,success,included,False,54.95,,"[""ubuntu-22.04""]",https://github.com/PixarAnimationStudios/OpenUSD/actions/runs/20149668793/job/57839313912
57839313909,20149668793,1,windows,Windows,2025-12-11 22:37:58,2025-12-12 00:05:26,2025-12,success,included,False,87.46666666666667,,"[""windows-2022""]",https://github.com/PixarAnimationStudios/OpenUSD/actions/runs/20149668793/job/57839313909
57846129634,20151816212,1,linux,Linux,2025-12-12 00:21:31,2025-12-12 01:15:48,2025-12,success,included,False,54.28333333333333,,"[""ubuntu-22.04""]",https://github.com/PixarAnimationStudios/OpenUSD/actions/runs/20151816212/job/57846129634
57846129640,20151816212,1,macos,macOS,2025-12-12 00:21:31,2025-12-12 01:24:32,2025-12,success,included,False,63.016666666666666,,"[""macos-15""]",https://github.com/PixarAnimationStudios/OpenUSD/actions/runs/20151816212/job/57846129640
57846129645,20151816212,1,windows,Windows,2025-12-12 00:21:36,2025-12-12 01:51:00,2025-12,success,included,False,89.4,,"[""windows-2022""]",https://github.com/PixarAnimationStudios/OpenUSD/actions/runs/20151816212/job/57846129645
57847981808,20152429061,1,windows,Windows,2025-12-12 00:51:41,2025-12-12 02:20:01,2025-12,success,included,False,88.33333333333333,,"[""windows-2022""]",https://github.com/PixarAnimationStudios/OpenUSD/actions/runs/20152429061/job/57847981808
57847981856,20152429061,1,linux,Linux,2025-12-12 00:51:41,2025-12-12 01:46:43,2025-12,success,included,False,55.03333333333333,,"[""ubuntu-22.04""]",https://github.com/PixarAnimationStudios/OpenUSD/actions/runs/20152429061/job/57847981856
57847981779,20152429061,1,macos,macOS,2025-12-12 00:51:42,2025-12-12 02:03:43,2025-12,success,included,False,72.01666666666667,,"[""macos-15""]",https://github.com/PixarAnimationStudios/OpenUSD/actions/runs/20152429061/job/57847981779
57851571065,20153666219,1,linux,Linux,2025-12-12 01:56:42,2025-12-12 02:51:11,2025-12,success,included,False,54.483333333333334,,"[""ubuntu-22.04""]",https://github.com/PixarAnimationStudios/OpenUSD/actions/runs/20153666219/job/57851571065
57851571066,20153666219,1,windows,Windows,2025-12-12 01:56:42,2025-12-12 03:19:48,2025-12,success,included,False,83.1,,"[""windows-2022""]",https://github.com/PixarAnimationStudios/OpenUSD/actions/runs/20153666219/job/57851571066
57851571079,20153666219,1,macos,macOS,2025-12-12 01:56:42,2025-12-12 02:58:53,2025-12,success,included,False,62.18333333333333,,"[""macos-15""]",https://github.com/PixarAnimationStudios/OpenUSD/actions/runs/20153666219/job/57851571079
57928069510,20177128565,1,linux,Linux,2025-12-12 19:08:34,2025-12-12 20:04:11,2025-12,success,included,False,55.61666666666667,,"[""ubuntu-22.04""]",https://github.com/PixarAnimationStudios/OpenUSD/actions/runs/20177128565/job/57928069510
57928069521,20177128565,1,windows,Windows,2025-12-12 19:08:34,2025-12-12 20:38:30,2025-12,success,included,False,89.93333333333334,,"[""windows-2022""]",https://github.com/PixarAnimationStudios/OpenUSD/actions/runs/20177128565/job/57928069521
57928069512,20177128565,1,macos,macOS,2025-12-12 19:08:36,2025-12-12 20:07:10,2025-12,success,included,False,58.56666666666667,,"[""macos-15""]",https://github.com/PixarAnimationStudios/OpenUSD/actions/runs/20177128565/job/57928069512
57928075548,20177138707,1,macos,macOS,2025-12-12 19:08:38,2025-12-12 20:11:18,2025-12,success,included,False,62.666666666666664,,"[""macos-15""]",https://github.com/PixarAnimationStudios/OpenUSD/actions/runs/20177138707/job/57928075548
57928075496,20177138707,1,linux,Linux,2025-12-12 19:08:39,2025-12-12 20:04:44,2025-12,success,included,False,56.083333333333336,,"[""ubuntu-22.04""]",https://github.com/PixarAnimationStudios/OpenUSD/actions/runs/20177138707/job/57928075496
57928075497,20177138707,1,windows,Windows,2025-12-12 19:08:39,2025-12-12 20:38:01,2025-12,failure,not_successful,False,89.36666666666666,,"[""windows-2022""]",https://github.com/PixarAnimationStudios/OpenUSD/actions/runs/20177138707/job/57928075497
57928299639,20177205497,1,linux,Linux,2025-12-12 19:11:18,2025-12-12 20:06:15,2025-12,success,included,False,54.95,,"[""ubuntu-22.04""]",https://github.com/PixarAnimationStudios/OpenUSD/actions/runs/20177205497/job/57928299639
57928299629,20177205497,1,windows,Windows,2025-12-12 19:11:19,2025-12-12 20:39:51,2025-12,success,included,False,88.53333333333333,,"[""windows-2022""]",https://github.com/PixarAnimationStudios/OpenUSD/actions/runs/20177205497/job/57928299629
57928299649,20177205497,1,macos,macOS,2025-12-12 19:11:19,2025-12-12 20:12:21,2025-12,success,included,False,61.03333333333333,,"[""macos-15""]",https://github.com/PixarAnimationStudios/OpenUSD/actions/runs/20177205497/job/57928299649
57941731255,20181152467,1,macos,macOS,2025-12-12 22:05:15,2025-12-12 23:08:31,2025-12,success,included,False,63.266666666666666,,"[""macos-15""]",https://github.com/PixarAnimationStudios/OpenUSD/actions/runs/20181152467/job/57941731255
57941731276,20181152467,1,linux,Linux,2025-12-12 22:05:15,2025-12-12 23:01:40,2025-12,success,included,False,56.416666666666664,,"[""ubuntu-22.04""]",https://github.com/PixarAnimationStudios/OpenUSD/actions/runs/20181152467/job/57941731276
57941731286,20181152467,1,windows,Windows,2025-12-12 22:05:15,2025-12-12 23:28:42,2025-12,failure,not_successful,False,83.45,,"[""windows-2022""]",https://github.com/PixarAnimationStudios/OpenUSD/actions/runs/20181152467/job/57941731286
57943460935,20181702668,1,windows,Windows,2025-12-12 22:30:25,2025-12-12 22:33:29,2025-12,failure,not_successful,False,3.066666666666667,,"[""windows-2022""]",https://github.com/PixarAnimationStudios/OpenUSD/actions/runs/20181702668/job/57943460935
57943460938,20181702668,1,linux,Linux,2025-12-12 22:30:25,2025-12-12 23:26:28,2025-12,success,included,False,56.05,,"[""ubuntu-22.04""]",https://github.com/PixarAnimationStudios/OpenUSD/actions/runs/20181702668/job/57943460938
57943460941,20181702668,1,macos,macOS,2025-12-12 22:30:25,2025-12-12 23:33:57,2025-12,failure,not_successful,False,63.53333333333333,,"[""macos-15""]",https://github.com/PixarAnimationStudios/OpenUSD/actions/runs/20181702668/job/57943460941
57944763691,20182125297,1,linux,Linux,2025-12-12 22:52:22,2025-12-12 23:47:02,2025-12,success,included,False,54.666666666666664,,"[""ubuntu-22.04""]",https://github.com/PixarAnimationStudios/OpenUSD/actions/runs/20182125297/job/57944763691
57944763699,20182125297,1,macos,macOS,2025-12-12 22:52:22,2025-12-12 23:59:37,2025-12,success,included,False,67.25,,"[""macos-15""]",https://github.com/PixarAnimationStudios/OpenUSD/actions/runs/20182125297/job/57944763699
57944763701,20182125297,1,windows,Windows,2025-12-12 22:52:22,2025-12-13 00:20:27,2025-12,success,included,False,88.08333333333333,,"[""windows-2022""]",https://github.com/PixarAnimationStudios/OpenUSD/actions/runs/20182125297/job/57944763701
57964161303,20189204403,1,windows,Windows,2025-12-13 08:05:09,2025-12-13 09:33:22,2025-12,success,included,False,88.21666666666667,,"[""windows-2022""]",https://github.com/PixarAnimationStudios/OpenUSD/actions/runs/20189204403/job/57964161303
57964161310,20189204403,1,linux,Linux,2025-12-13 08:05:09,2025-12-13 09:01:46,2025-12,success,included,False,56.61666666666667,,"[""ubuntu-22.04""]",https://github.com/PixarAnimationStudios/OpenUSD/actions/runs/20189204403/job/57964161310
57977381532,20189204403,2,linux,Linux,2025-12-13 08:05:09,2025-12-13 09:01:46,2025-12,success,duplicate_execution,False,56.61666666666667,,"[""ubuntu-22.04""]",https://github.com/PixarAnimationStudios/OpenUSD/actions/runs/20189204403/job/57977381532
57977381540,20189204403,2,windows,Windows,2025-12-13 08:05:09,2025-12-13 09:33:22,2025-12,success,duplicate_execution,False,88.21666666666667,,"[""windows-2022""]",https://github.com/PixarAnimationStudios/OpenUSD/actions/runs/20189204403/job/57977381540
57964161316,20189204403,1,macos,macOS,2025-12-13 08:05:10,2025-12-13 09:12:02,2025-12,failure,not_successful,False,66.86666666666666,,"[""macos-15""]",https://github.com/PixarAnimationStudios/OpenUSD/actions/runs/20189204403/job/57964161316
57977381479,20189204403,2,macos,macOS,2025-12-13 16:38:43,2025-12-13 17:36:44,2025-12,success,included,False,58.016666666666666,,"[""macos-15""]",https://github.com/PixarAnimationStudios/OpenUSD/actions/runs/20189204403/job/57977381479
58223116962,20275543949,1,macos,macOS,2025-12-16 16:40:19,2025-12-16 17:42:15,2025-12,success,included,False,61.93333333333333,,"[""macos-15""]",https://github.com/PixarAnimationStudios/OpenUSD/actions/runs/20275543949/job/58223116962
58223116985,20275543949,1,linux,Linux,2025-12-16 16:40:19,2025-12-16 17:35:18,2025-12,success,included,False,54.983333333333334,,"[""ubuntu-22.04""]",https://github.com/PixarAnimationStudios/OpenUSD/actions/runs/20275543949/job/58223116985
58223116957,20275543949,1,windows,Windows,2025-12-16 16:40:20,2025-12-16 18:04:15,2025-12,success,included,False,83.91666666666667,,"[""windows-2022""]",https://github.com/PixarAnimationStudios/OpenUSD/actions/runs/20275543949/job/58223116957
58466815579,20348487649,1,macos,macOS,2025-12-18 19:18:01,2025-12-18 19:18:01,2025-12,skipped,not_successful,False,,,"[""macos-15""]",https://github.com/PixarAnimationStudios/OpenUSD/actions/runs/20348487649/job/58466815579
58466815683,20348487649,1,linux,Linux,2025-12-18 19:18:01,2025-12-18 19:18:01,2025-12,skipped,not_successful,False,,,"[""ubuntu-22.04""]",https://github.com/PixarAnimationStudios/OpenUSD/actions/runs/20348487649/job/58466815683
58466815689,20348487649,1,windows,Windows,2025-12-18 19:18:01,2025-12-18 19:18:01,2025-12,skipped,not_successful,False,,,"[""windows-2022""]",https://github.com/PixarAnimationStudios/OpenUSD/actions/runs/20348487649/job/58466815689
58558873929,20377220037,1,windows,Windows,2025-12-19 17:16:30,2025-12-19 17:16:30,2025-12,skipped,not_successful,False,,,"[""windows-2022""]",https://github.com/PixarAnimationStudios/OpenUSD/actions/runs/20377220037/job/58558873929
58558873941,20377220037,1,linux,Linux,2025-12-19 17:16:30,2025-12-19 17:16:30,2025-12,skipped,not_successful,False,,,"[""ubuntu-22.04""]",https://github.com/PixarAnimationStudios/OpenUSD/actions/runs/20377220037/job/58558873941
58558874096,20377220037,1,macos,macOS,2025-12-19 17:16:30,2025-12-19 17:16:30,2025-12,skipped,not_successful,False,,,"[""macos-15""]",https://github.com/PixarAnimationStudios/OpenUSD/actions/runs/20377220037/job/58558874096
58577724690,20382992025,1,linux,Linux,2025-12-19 21:27:35,2025-12-19 22:23:52,2025-12,success,included,False,56.28333333333333,,"[""ubuntu-22.04""]",https://github.com/PixarAnimationStudios/OpenUSD/actions/runs/20382992025/job/58577724690
58577724695,20382992025,1,windows,Windows,2025-12-19 21:27:35,2025-12-19 22:55:39,2025-12,success,included,False,88.06666666666666,,"[""windows-2022""]",https://github.com/PixarAnimationStudios/OpenUSD/actions/runs/20382992025/job/58577724695
58577724699,20382992025,1,macos,macOS,2025-12-19 21:27:35,2025-12-19 22:24:17,2025-12,success,included,False,56.7,,"[""macos-15""]",https://github.com/PixarAnimationStudios/OpenUSD/actions/runs/20382992025/job/58577724699
58705480322,20432271243,1,linux,Linux,2025-12-22 12:45:17,2025-12-22 13:40:51,2025-12,success,included,False,55.56666666666667,,"[""ubuntu-22.04""]",https://github.com/PixarAnimationStudios/OpenUSD/actions/runs/20432271243/job/58705480322
58705480342,20432271243,1,windows,Windows,2025-12-22 12:45:17,2025-12-22 14:14:06,2025-12,success,included,False,88.81666666666666,,"[""windows-2022""]",https://github.com/PixarAnimationStudios/OpenUSD/actions/runs/20432271243/job/58705480342
58705480354,20432271243,1,macos,macOS,2025-12-22 12:45:17,2025-12-22 13:40:14,2025-12,success,included,False,54.95,,"[""macos-15""]",https://github.com/PixarAnimationStudios/OpenUSD/actions/runs/20432271243/job/58705480354
58706160756,20432487818,1,linux,Linux,2025-12-22 12:55:09,2025-12-22 13:51:21,2025-12,success,included,False,56.2,,"[""ubuntu-22.04""]",https://github.com/PixarAnimationStudios/OpenUSD/actions/runs/20432487818/job/58706160756
58706160758,20432487818,1,windows,Windows,2025-12-22 12:55:10,2025-12-22 14:22:55,2025-12,success,included,False,87.75,,"[""windows-2022""]",https://github.com/PixarAnimationStudios/OpenUSD/actions/runs/20432487818/job/58706160758
58706160762,20432487818,1,macos,macOS,2025-12-22 12:55:10,2025-12-22 14:00:42,2025-12,failure,not_successful,False,65.53333333333333,,"[""macos-15""]",https://github.com/PixarAnimationStudios/OpenUSD/actions/runs/20432487818/job/58706160762
58707292302,20432853890,1,linux,Linux,2025-12-22 13:11:09,2025-12-22 14:06:13,2025-12,success,included,False,55.06666666666667,,"[""ubuntu-22.04""]",https://github.com/PixarAnimationStudios/OpenUSD/actions/runs/20432853890/job/58707292302
58707292314,20432853890,1,macos,macOS,2025-12-22 13:11:09,2025-12-22 14:10:29,2025-12,success,included,False,59.333333333333336,,"[""macos-15""]",https://github.com/PixarAnimationStudios/OpenUSD/actions/runs/20432853890/job/58707292314
58707292320,20432853890,1,windows,Windows,2025-12-22 13:11:09,2025-12-22 14:38:53,2025-12,success,included,False,87.73333333333333,,"[""windows-2022""]",https://github.com/PixarAnimationStudios/OpenUSD/actions/runs/20432853890/job/58707292320
58773804256,20454537998,1,macos,macOS,2025-12-23 07:34:57,2025-12-23 08:19:26,2025-12,success,included,False,44.483333333333334,,"[""macos-15""]",https://github.com/PixarAnimationStudios/OpenUSD/actions/runs/20454537998/job/58773804256
58773804277,20454537998,1,linux,Linux,2025-12-23 07:34:57,2025-12-23 08:29:50,2025-12,success,included,False,54.88333333333333,,"[""ubuntu-22.04""]",https://github.com/PixarAnimationStudios/OpenUSD/actions/runs/20454537998/job/58773804277
58773804258,20454537998,1,windows,Windows,2025-12-23 07:34:58,2025-12-23 09:02:58,2025-12,success,included,False,88.0,,"[""windows-2022""]",https://github.com/PixarAnimationStudios/OpenUSD/actions/runs/20454537998/job/58773804258
59635643688,20767135786,1,windows,Windows,2026-01-07 01:04:26,2026-01-07 02:26:58,2026-01,success,included,False,82.53333333333333,,"[""windows-2022""]",https://github.com/PixarAnimationStudios/OpenUSD/actions/runs/20767135786/job/59635643688
59635643691,20767135786,1,macos,macOS,2026-01-07 01:04:26,2026-01-07 01:55:03,2026-01,success,included,False,50.61666666666667,,"[""macos-15""]",https://github.com/PixarAnimationStudios/OpenUSD/actions/runs/20767135786/job/59635643691
59635643695,20767135786,1,linux,Linux,2026-01-07 01:04:26,2026-01-07 01:58:59,2026-01,success,included,False,54.55,,"[""ubuntu-22.04""]",https://github.com/PixarAnimationStudios/OpenUSD/actions/runs/20767135786/job/59635643695
59652954802,20773070298,1,linux,Linux,2026-01-07 06:45:21,2026-01-07 07:41:18,2026-01,success,included,False,55.95,,"[""ubuntu-22.04""]",https://github.com/PixarAnimationStudios/OpenUSD/actions/runs/20773070298/job/59652954802
59652954811,20773070298,1,windows,Windows,2026-01-07 06:45:21,2026-01-07 08:15:40,2026-01,success,included,False,90.31666666666666,,"[""windows-2022""]",https://github.com/PixarAnimationStudios/OpenUSD/actions/runs/20773070298/job/59652954811
59652954833,20773070298,1,macos,macOS,2026-01-07 06:45:21,2026-01-07 07:33:40,2026-01,success,included,False,48.31666666666667,,"[""macos-15""]",https://github.com/PixarAnimationStudios/OpenUSD/actions/runs/20773070298/job/59652954833
59653047585,20773102195,1,linux,Linux,2026-01-07 06:46:58,2026-01-07 06:50:13,2026-01,failure,not_successful,False,3.25,,"[""ubuntu-22.04""]",https://github.com/PixarAnimationStudios/OpenUSD/actions/runs/20773102195/job/59653047585
59653047625,20773102195,1,macos,macOS,2026-01-07 06:46:58,2026-01-07 06:51:41,2026-01,failure,not_successful,False,4.716666666666667,,"[""macos-15""]",https://github.com/PixarAnimationStudios/OpenUSD/actions/runs/20773102195/job/59653047625
59653047593,20773102195,1,windows,Windows,2026-01-07 06:47:00,2026-01-07 06:48:32,2026-01,failure,not_successful,False,1.5333333333333334,,"[""windows-2022""]",https://github.com/PixarAnimationStudios/OpenUSD/actions/runs/20773102195/job/59653047593
59653326202,20773202169,1,linux,Linux,2026-01-07 06:52:14,2026-01-07 07:48:15,2026-01,success,included,False,56.016666666666666,,"[""ubuntu-22.04""]",https://github.com/PixarAnimationStudios/OpenUSD/actions/runs/20773202169/job/59653326202
59653326190,20773202169,1,windows,Windows,2026-01-07 06:52:16,2026-01-07 08:21:19,2026-01,success,included,False,89.05,,"[""windows-2022""]",https://github.com/PixarAnimationStudios/OpenUSD/actions/runs/20773202169/job/59653326190
59653326205,20773202169,1,macos,macOS,2026-01-07 06:52:16,2026-01-07 07:52:42,2026-01,success,included,False,60.43333333333333,,"[""macos-15""]",https://github.com/PixarAnimationStudios/OpenUSD/actions/runs/20773202169/job/59653326205
59653341923,20773207674,1,macos,macOS,2026-01-07 06:52:31,2026-01-07 07:47:43,2026-01,success,included,False,55.2,,"[""macos-15""]",https://github.com/PixarAnimationStudios/OpenUSD/actions/runs/20773207674/job/59653341923
59653341927,20773207674,1,linux,Linux,2026-01-07 06:52:31,2026-01-07 07:46:53,2026-01,success,included,False,54.36666666666667,,"[""ubuntu-22.04""]",https://github.com/PixarAnimationStudios/OpenUSD/actions/runs/20773207674/job/59653341927
59653341933,20773207674,1,windows,Windows,2026-01-07 06:52:31,2026-01-07 08:20:31,2026-01,success,included,False,88.0,,"[""windows-2022""]",https://github.com/PixarAnimationStudios/OpenUSD/actions/runs/20773207674/job/59653341933
59653370575,20773217605,1,linux,Linux,2026-01-07 06:53:03,2026-01-07 07:47:26,2026-01,success,included,False,54.38333333333333,,"[""ubuntu-22.04""]",https://github.com/PixarAnimationStudios/OpenUSD/actions/runs/20773217605/job/59653370575
59653370571,20773217605,1,windows,Windows,2026-01-07 06:53:04,2026-01-07 08:15:22,2026-01,success,included,False,82.3,,"[""windows-2022""]",https://github.com/PixarAnimationStudios/OpenUSD/actions/runs/20773217605/job/59653370571
59653370572,20773217605,1,macos,macOS,2026-01-07 06:53:04,2026-01-07 07:47:05,2026-01,success,included,False,54.016666666666666,,"[""macos-15""]",https://github.com/PixarAnimationStudios/OpenUSD/actions/runs/20773217605/job/59653370572
59653743397,20773346949,1,linux,Linux,2026-01-07 06:59:48,2026-01-07 07:54:24,2026-01,success,included,False,54.6,,"[""ubuntu-22.04""]",https://github.com/PixarAnimationStudios/OpenUSD/actions/runs/20773346949/job/59653743397
59653743404,20773346949,1,macos,macOS,2026-01-07 06:59:48,2026-01-07 08:00:30,2026-01,success,included,False,60.7,,"[""macos-15""]",https://github.com/PixarAnimationStudios/OpenUSD/actions/runs/20773346949/job/59653743404
59653743395,20773346949,1,windows,Windows,2026-01-07 06:59:49,2026-01-07 08:29:09,2026-01,success,included,False,89.33333333333333,,"[""windows-2022""]",https://github.com/PixarAnimationStudios/OpenUSD/actions/runs/20773346949/job/59653743395
59654003066,20773439276,1,windows,Windows,2026-01-07 07:04:08,2026-01-07 08:33:57,2026-01,success,included,False,89.81666666666666,,"[""windows-2022""]",https://github.com/PixarAnimationStudios/OpenUSD/actions/runs/20773439276/job/59654003066
59654003073,20773439276,1,linux,Linux,2026-01-07 07:04:08,2026-01-07 08:00:40,2026-01,success,included,False,56.53333333333333,,"[""ubuntu-22.04""]",https://github.com/PixarAnimationStudios/OpenUSD/actions/runs/20773439276/job/59654003073
59654003089,20773439276,1,macos,macOS,2026-01-07 07:04:09,2026-01-07 07:57:58,2026-01,success,included,False,53.81666666666667,,"[""macos-15""]",https://github.com/PixarAnimationStudios/OpenUSD/actions/runs/20773439276/job/59654003089
59866734181,20838061956,1,linux,Linux,2026-01-09 01:31:33,2026-01-09 02:25:56,2026-01,success,included,False,54.38333333333333,,"[""ubuntu-22.04""]",https://github.com/PixarAnimationStudios/OpenUSD/actions/runs/20838061956/job/59866734181
59866734175,20838061956,1,windows,Windows,2026-01-09 01:31:34,2026-01-09 03:00:29,2026-01,success,included,False,88.91666666666667,,"[""windows-2022""]",https://github.com/PixarAnimationStudios/OpenUSD/actions/runs/20838061956/job/59866734175
59866734170,20838061956,1,macos,macOS,2026-01-09 01:31:35,2026-01-09 02:33:56,2026-01,success,included,False,62.35,,"[""macos-15""]",https://github.com/PixarAnimationStudios/OpenUSD/actions/runs/20838061956/job/59866734170
59963748853,20868040449,1,macos,macOS,2026-01-09 23:00:11,2026-01-09 23:17:01,2026-01,failure,not_successful,False,16.833333333333332,,"[""macos-15""]",https://github.com/PixarAnimationStudios/OpenUSD/actions/runs/20868040449/job/59963748853
59963748875,20868040449,1,windows,Windows,2026-01-09 23:00:11,2026-01-09 23:22:52,2026-01,failure,not_successful,False,22.683333333333334,,"[""windows-2022""]",https://github.com/PixarAnimationStudios/OpenUSD/actions/runs/20868040449/job/59963748875
59963748866,20868040449,1,linux,Linux,2026-01-09 23:00:15,2026-01-09 23:16:39,2026-01,failure,not_successful,False,16.4,,"[""ubuntu-22.04""]",https://github.com/PixarAnimationStudios/OpenUSD/actions/runs/20868040449/job/59963748866
60141867858,20931076212,1,linux,Linux,2026-01-12 18:47:20,2026-01-12 19:44:22,2026-01,success,included,False,57.03333333333333,,"[""ubuntu-22.04""]",https://github.com/PixarAnimationStudios/OpenUSD/actions/runs/20931076212/job/60141867858
60141867846,20931076212,1,macos,macOS,2026-01-12 18:47:21,2026-01-12 19:51:53,2026-01,success,included,False,64.53333333333333,,"[""macos-15""]",https://github.com/PixarAnimationStudios/OpenUSD/actions/runs/20931076212/job/60141867846
60141867850,20931076212,1,windows,Windows,2026-01-12 18:47:21,2026-01-12 20:15:52,2026-01,success,included,False,88.51666666666667,,"[""windows-2022""]",https://github.com/PixarAnimationStudios/OpenUSD/actions/runs/20931076212/job/60141867850
60264546516,20968267356,1,windows,Windows,2026-01-13 18:37:48,2026-01-13 20:07:32,2026-01,success,included,False,89.73333333333333,,"[""windows-2022""]",https://github.com/PixarAnimationStudios/OpenUSD/actions/runs/20968267356/job/60264546516
60264546524,20968267356,1,linux,Linux,2026-01-13 18:37:48,2026-01-13 19:31:08,2026-01,success,included,False,53.333333333333336,,"[""ubuntu-22.04""]",https://github.com/PixarAnimationStudios/OpenUSD/actions/runs/20968267356/job/60264546524
60264546518,20968267356,1,macos,macOS,2026-01-13 18:37:50,2026-01-13 19:52:24,2026-01,success,included,False,74.56666666666666,,"[""macos-15""]",https://github.com/PixarAnimationStudios/OpenUSD/actions/runs/20968267356/job/60264546518
60515100171,21044522182,1,linux,Linux,2026-01-15 19:59:59,2026-01-15 20:56:32,2026-01,success,included,False,56.55,,"[""ubuntu-22.04""]",https://github.com/PixarAnimationStudios/OpenUSD/actions/runs/21044522182/job/60515100171
60515100121,21044522182,1,macos,macOS,2026-01-15 20:00:00,2026-01-15 21:14:13,2026-01,success,included,False,74.21666666666667,,"[""macos-15""]",https://github.com/PixarAnimationStudios/OpenUSD/actions/runs/21044522182/job/60515100121
60515100129,21044522182,1,windows,Windows,2026-01-15 20:00:00,2026-01-15 21:31:12,2026-01,success,included,False,91.2,,"[""windows-2022""]",https://github.com/PixarAnimationStudios/OpenUSD/actions/runs/21044522182/job/60515100129
60600518509,21071035295,1,macos,macOS,2026-01-16 15:07:30,2026-01-16 16:26:33,2026-01,success,included,False,79.05,,"[""macos-15""]",https://github.com/PixarAnimationStudios/OpenUSD/actions/runs/21071035295/job/60600518509
60600518431,21071035295,1,windows,Windows,2026-01-16 15:07:31,2026-01-16 16:31:47,2026-01,success,included,False,84.26666666666667,,"[""windows-2022""]",https://github.com/PixarAnimationStudios/OpenUSD/actions/runs/21071035295/job/60600518431
60600518443,21071035295,1,linux,Linux,2026-01-16 15:07:31,2026-01-16 16:04:29,2026-01,success,included,False,56.96666666666667,,"[""ubuntu-22.04""]",https://github.com/PixarAnimationStudios/OpenUSD/actions/runs/21071035295/job/60600518443
60650597625,21086454127,1,windows,Windows,2026-01-17 01:52:57,2026-01-17 01:52:57,2026-01,skipped,not_successful,False,,,"[""windows-2022""]",https://github.com/PixarAnimationStudios/OpenUSD/actions/runs/21086454127/job/60650597625
60650597685,21086454127,1,linux,Linux,2026-01-17 01:52:57,2026-01-17 01:52:57,2026-01,skipped,not_successful,False,,,"[""ubuntu-22.04""]",https://github.com/PixarAnimationStudios/OpenUSD/actions/runs/21086454127/job/60650597685
60650597700,21086454127,1,macos,macOS,2026-01-17 01:52:57,2026-01-17 01:52:57,2026-01,skipped,not_successful,False,,,"[""macos-15""]",https://github.com/PixarAnimationStudios/OpenUSD/actions/runs/21086454127/job/60650597700
60947142643,21187857065,1,linux,Linux,2026-01-20 21:27:53,2026-01-20 22:23:39,2026-01,success,included,False,55.766666666666666,,"[""ubuntu-22.04""]",https://github.com/PixarAnimationStudios/OpenUSD/actions/runs/21187857065/job/60947142643
60947142616,21187857065,1,windows,Windows,2026-01-20 21:27:54,2026-01-20 22:56:49,2026-01,success,included,False,88.91666666666667,,"[""windows-2022""]",https://github.com/PixarAnimationStudios/OpenUSD/actions/runs/21187857065/job/60947142616
60947142608,21187857065,1,macos,macOS,2026-01-20 21:27:56,2026-01-20 22:34:08,2026-01,success,included,False,66.2,,"[""macos-15""]",https://github.com/PixarAnimationStudios/OpenUSD/actions/runs/21187857065/job/60947142608
61307517623,21297717621,1,linux,Linux,2026-01-23 19:00:01,2026-01-23 19:56:18,2026-01,success,included,False,56.28333333333333,,"[""ubuntu-22.04""]",https://github.com/PixarAnimationStudios/OpenUSD/actions/runs/21297717621/job/61307517623
61307517628,21297717621,1,windows,Windows,2026-01-23 19:00:01,2026-01-23 20:30:26,2026-01,success,included,False,90.41666666666667,,"[""windows-2022""]",https://github.com/PixarAnimationStudios/OpenUSD/actions/runs/21297717621/job/61307517628
61307517669,21297717621,1,macos,macOS,2026-01-23 19:00:01,2026-01-23 20:05:55,2026-01,success,included,False,65.9,,"[""macos-15""]",https://github.com/PixarAnimationStudios/OpenUSD/actions/runs/21297717621/job/61307517669
61677998979,21420248439,1,macos,macOS,2026-01-28 00:46:54,2026-01-28 01:50:04,2026-01,success,included,False,63.166666666666664,,"[""macos-15""]",https://github.com/PixarAnimationStudios/OpenUSD/actions/runs/21420248439/job/61677998979
61677999011,21420248439,1,linux,Linux,2026-01-28 00:46:54,2026-01-28 01:42:11,2026-01,success,included,False,55.28333333333333,,"[""ubuntu-22.04""]",https://github.com/PixarAnimationStudios/OpenUSD/actions/runs/21420248439/job/61677999011
61677998984,21420248439,1,windows,Windows,2026-01-28 00:46:57,2026-01-28 02:17:56,2026-01,success,included,False,90.98333333333333,,"[""windows-2022""]",https://github.com/PixarAnimationStudios/OpenUSD/actions/runs/21420248439/job/61677998984
61703522722,21428866641,1,linux,Linux,2026-01-28 07:15:56,2026-01-28 08:11:48,2026-01,success,included,False,55.86666666666667,,"[""ubuntu-22.04""]",https://github.com/PixarAnimationStudios/OpenUSD/actions/runs/21428866641/job/61703522722
61703522730,21428866641,1,macos,macOS,2026-01-28 07:15:57,2026-01-28 08:34:08,2026-01,success,included,False,78.18333333333334,,"[""macos-15""]",https://github.com/PixarAnimationStudios/OpenUSD/actions/runs/21428866641/job/61703522730
61703522737,21428866641,1,windows,Windows,2026-01-28 07:15:57,2026-01-28 08:39:11,2026-01,success,included,False,83.23333333333333,,"[""windows-2022""]",https://github.com/PixarAnimationStudios/OpenUSD/actions/runs/21428866641/job/61703522737
61775198667,21449784967,1,macos,macOS,2026-01-28 18:02:46,2026-01-28 19:00:04,2026-01,success,included,False,57.3,,"[""macos-15""]",https://github.com/PixarAnimationStudios/OpenUSD/actions/runs/21449784967/job/61775198667
61775198670,21449784967,1,windows,Windows,2026-01-28 18:02:46,2026-01-28 19:27:45,2026-01,success,included,False,84.98333333333333,,"[""windows-2022""]",https://github.com/PixarAnimationStudios/OpenUSD/actions/runs/21449784967/job/61775198670
61775198685,21449784967,1,linux,Linux,2026-01-28 18:02:46,2026-01-28 18:58:43,2026-01,success,included,False,55.95,,"[""ubuntu-22.04""]",https://github.com/PixarAnimationStudios/OpenUSD/actions/runs/21449784967/job/61775198685
62245188841,21600581539,1,linux,Linux,2026-02-02 17:33:02,2026-02-02 18:30:08,2026-02,success,included,False,57.1,,"[""ubuntu-22.04""]",https://github.com/PixarAnimationStudios/OpenUSD/actions/runs/21600581539/job/62245188841
62245188902,21600581539,1,macos,macOS,2026-02-02 17:33:03,2026-02-02 18:37:13,2026-02,failure,not_successful,False,64.16666666666667,,"[""macos-15""]",https://github.com/PixarAnimationStudios/OpenUSD/actions/runs/21600581539/job/62245188902
62245189052,21600581539,1,windows,Windows,2026-02-02 17:33:04,2026-02-02 19:05:58,2026-02,success,included,False,92.9,,"[""windows-2022""]",https://github.com/PixarAnimationStudios/OpenUSD/actions/runs/21600581539/job/62245189052
62382501201,21641582484,1,linux,Linux,2026-02-03 17:57:41,2026-02-03 18:07:17,2026-02,failure,not_successful,False,9.6,,"[""ubuntu-22.04""]",https://github.com/PixarAnimationStudios/OpenUSD/actions/runs/21641582484/job/62382501201
62382501230,21641582484,1,macos,macOS,2026-02-03 17:57:41,2026-02-03 18:13:51,2026-02,failure,not_successful,False,16.166666666666668,,"[""macos-15""]",https://github.com/PixarAnimationStudios/OpenUSD/actions/runs/21641582484/job/62382501230
62382501207,21641582484,1,windows,Windows,2026-02-03 17:57:42,2026-02-03 18:11:46,2026-02,failure,not_successful,False,14.066666666666666,,"[""windows-2022""]",https://github.com/PixarAnimationStudios/OpenUSD/actions/runs/21641582484/job/62382501207
62388189715,21643160883,1,windows,Windows,2026-02-03 18:46:27,2026-02-03 18:59:56,2026-02,failure,not_successful,False,13.483333333333333,,"[""windows-2022""]",https://github.com/PixarAnimationStudios/OpenUSD/actions/runs/21643160883/job/62388189715
62388189818,21643160883,1,linux,Linux,2026-02-03 18:46:28,2026-02-03 18:54:39,2026-02,failure,not_successful,False,8.183333333333334,,"[""ubuntu-22.04""]",https://github.com/PixarAnimationStudios/OpenUSD/actions/runs/21643160883/job/62388189818
62388189861,21643160883,1,macos,macOS,2026-02-03 18:46:28,2026-02-03 19:01:51,2026-02,failure,not_successful,False,15.383333333333333,,"[""macos-15""]",https://github.com/PixarAnimationStudios/OpenUSD/actions/runs/21643160883/job/62388189861
62425221901,21654116752,1,macos,macOS,2026-02-04 01:02:01,2026-02-04 01:02:01,2026-02,skipped,not_successful,False,,,"[""macos-15""]",https://github.com/PixarAnimationStudios/OpenUSD/actions/runs/21654116752/job/62425221901
62425221913,21654116752,1,linux,Linux,2026-02-04 01:02:01,2026-02-04 01:02:01,2026-02,skipped,not_successful,False,,,"[""ubuntu-22.04""]",https://github.com/PixarAnimationStudios/OpenUSD/actions/runs/21654116752/job/62425221913
62425222035,21654116752,1,windows,Windows,2026-02-04 01:02:01,2026-02-04 01:02:01,2026-02,skipped,not_successful,False,,,"[""windows-2022""]",https://github.com/PixarAnimationStudios/OpenUSD/actions/runs/21654116752/job/62425222035
62425221659,21654116752,1,wasm64,Wasm64,2026-02-04 01:02:04,2026-02-04 01:02:42,2026-02,failure,not_successful,False,0.6333333333333333,,"[""ubuntu-22.04""]",https://github.com/PixarAnimationStudios/OpenUSD/actions/runs/21654116752/job/62425221659
62438523508,21658546187,1,linux,Linux,2026-02-04 04:30:04,2026-02-04 04:30:04,2026-02,skipped,not_successful,False,,,"[""ubuntu-22.04""]",https://github.com/PixarAnimationStudios/OpenUSD/actions/runs/21658546187/job/62438523508
62438523587,21658546187,1,macos,macOS,2026-02-04 04:30:05,2026-02-04 04:30:04,2026-02,skipped,not_successful,False,,,"[""macos-15""]",https://github.com/PixarAnimationStudios/OpenUSD/actions/runs/21658546187/job/62438523587
62438523648,21658546187,1,windows,Windows,2026-02-04 04:30:05,2026-02-04 04:30:04,2026-02,skipped,not_successful,False,,,"[""windows-2022""]",https://github.com/PixarAnimationStudios/OpenUSD/actions/runs/21658546187/job/62438523648
62438523341,21658546187,1,wasm64,Wasm64,2026-02-04 04:30:07,2026-02-04 04:48:22,2026-02,success,included,False,18.25,,"[""ubuntu-22.04""]",https://github.com/PixarAnimationStudios/OpenUSD/actions/runs/21658546187/job/62438523341
62442778770,21660012886,1,linux,Linux,2026-02-04 05:39:23,2026-02-04 05:39:23,2026-02,skipped,not_successful,False,,,"[""ubuntu-22.04""]",https://github.com/PixarAnimationStudios/OpenUSD/actions/runs/21660012886/job/62442778770
62442778785,21660012886,1,macos,macOS,2026-02-04 05:39:23,2026-02-04 05:39:23,2026-02,skipped,not_successful,False,,,"[""macos-15""]",https://github.com/PixarAnimationStudios/OpenUSD/actions/runs/21660012886/job/62442778785
62442778791,21660012886,1,windows,Windows,2026-02-04 05:39:23,2026-02-04 05:39:23,2026-02,skipped,not_successful,False,,,"[""windows-2022""]",https://github.com/PixarAnimationStudios/OpenUSD/actions/runs/21660012886/job/62442778791
62442778511,21660012886,1,wasm64,Wasm64,2026-02-04 05:39:26,2026-02-04 06:39:25,2026-02,failure,not_successful,False,59.983333333333334,,"[""ubuntu-22.04""]",https://github.com/PixarAnimationStudios/OpenUSD/actions/runs/21660012886/job/62442778511
62456833861,21664594891,1,macos,macOS,2026-02-04 08:44:46,2026-02-04 09:38:41,2026-02,success,included,False,53.916666666666664,,"[""macos-15""]",https://github.com/PixarAnimationStudios/OpenUSD/actions/runs/21664594891/job/62456833861
62456833880,21664594891,1,linux,Linux,2026-02-04 08:44:46,2026-02-04 09:41:37,2026-02,success,included,False,56.85,,"[""ubuntu-22.04""]",https://github.com/PixarAnimationStudios/OpenUSD/actions/runs/21664594891/job/62456833880
62456833889,21664594891,1,windows,Windows,2026-02-04 08:44:46,2026-02-04 10:16:25,2026-02,success,included,False,91.65,,"[""windows-2022""]",https://github.com/PixarAnimationStudios/OpenUSD/actions/runs/21664594891/job/62456833889
62525570883,21683902789,1,windows,Windows,2026-02-04 18:42:37,2026-02-04 18:42:37,2026-02,skipped,not_successful,False,,,"[""windows-2022""]",https://github.com/PixarAnimationStudios/OpenUSD/actions/runs/21683902789/job/62525570883
62525570959,21683902789,1,macos,macOS,2026-02-04 18:42:37,2026-02-04 18:42:37,2026-02,skipped,not_successful,False,,,"[""macos-15""]",https://github.com/PixarAnimationStudios/OpenUSD/actions/runs/21683902789/job/62525570959
62525570975,21683902789,1,linux,Linux,2026-02-04 18:42:37,2026-02-04 18:42:37,2026-02,skipped,not_successful,False,,,"[""ubuntu-22.04""]",https://github.com/PixarAnimationStudios/OpenUSD/actions/runs/21683902789/job/62525570975
62525570495,21683902789,1,wasm64,Wasm64,2026-02-04 18:42:40,2026-02-04 18:43:21,2026-02,failure,not_successful,False,0.6833333333333333,,"[""ubuntu-22.04""]",https://github.com/PixarAnimationStudios/OpenUSD/actions/runs/21683902789/job/62525570495
62526288734,21684104485,1,macos,macOS,2026-02-04 18:49:05,2026-02-04 18:49:05,2026-02,skipped,not_successful,False,,,"[""macos-15""]",https://github.com/PixarAnimationStudios/OpenUSD/actions/runs/21684104485/job/62526288734
62526288792,21684104485,1,windows,Windows,2026-02-04 18:49:05,2026-02-04 18:49:05,2026-02,skipped,not_successful,False,,,"[""windows-2022""]",https://github.com/PixarAnimationStudios/OpenUSD/actions/runs/21684104485/job/62526288792
62526288964,21684104485,1,linux,Linux,2026-02-04 18:49:05,2026-02-04 18:49:05,2026-02,skipped,not_successful,False,,,"[""ubuntu-22.04""]",https://github.com/PixarAnimationStudios/OpenUSD/actions/runs/21684104485/job/62526288964
62526288333,21684104485,1,wasm64,Wasm64,2026-02-04 18:49:07,2026-02-04 19:47:39,2026-02,failure,not_successful,False,58.53333333333333,,"[""ubuntu-22.04""]",https://github.com/PixarAnimationStudios/OpenUSD/actions/runs/21684104485/job/62526288333
62570987780,21697555095,1,macos,macOS,2026-02-05 03:26:53,2026-02-05 04:27:16,2026-02,success,included,False,60.38333333333333,,"[""macos-15""]",https://github.com/PixarAnimationStudios/OpenUSD/actions/runs/21697555095/job/62570987780
62570987787,21697555095,1,linux,Linux,2026-02-05 03:26:53,2026-02-05 04:22:30,2026-02,success,included,False,55.61666666666667,,"[""ubuntu-22.04""]",https://github.com/PixarAnimationStudios/OpenUSD/actions/runs/21697555095/job/62570987787
62570987823,21697555095,1,windows,Windows,2026-02-05 03:26:53,2026-02-05 04:57:37,2026-02,success,included,False,90.73333333333333,,"[""windows-2022""]",https://github.com/PixarAnimationStudios/OpenUSD/actions/runs/21697555095/job/62570987823
62571007750,21697564668,1,linux,Linux,2026-02-05 03:27:16,2026-02-05 04:24:29,2026-02,success,included,False,57.21666666666667,,"[""ubuntu-22.04""]",https://github.com/PixarAnimationStudios/OpenUSD/actions/runs/21697564668/job/62571007750
62571007733,21697564668,1,windows,Windows,2026-02-05 03:27:17,2026-02-05 04:58:02,2026-02,success,included,False,90.75,,"[""windows-2022""]",https://github.com/PixarAnimationStudios/OpenUSD/actions/runs/21697564668/job/62571007733
62571007761,21697564668,1,macos,macOS,2026-02-05 03:27:17,2026-02-05 04:22:24,2026-02,success,included,False,55.11666666666667,,"[""macos-15""]",https://github.com/PixarAnimationStudios/OpenUSD/actions/runs/21697564668/job/62571007761
62614740000,21711116399,1,macos,macOS,2026-02-05 12:16:44,2026-02-05 13:05:52,2026-02,success,included,False,49.13333333333333,,"[""macos-15""]",https://github.com/PixarAnimationStudios/OpenUSD/actions/runs/21711116399/job/62614740000
62614740007,21711116399,1,linux,Linux,2026-02-05 12:16:44,2026-02-05 13:14:17,2026-02,success,included,False,57.55,,"[""ubuntu-22.04""]",https://github.com/PixarAnimationStudios/OpenUSD/actions/runs/21711116399/job/62614740007
62614739996,21711116399,1,windows,Windows,2026-02-05 12:16:45,2026-02-05 13:48:53,2026-02,success,included,False,92.13333333333334,,"[""windows-2022""]",https://github.com/PixarAnimationStudios/OpenUSD/actions/runs/21711116399/job/62614739996
62669478881,21726395678,1,macos,macOS,2026-02-05 19:59:05,2026-02-05 21:08:20,2026-02,success,included,False,69.25,,"[""macos-15""]",https://github.com/PixarAnimationStudios/OpenUSD/actions/runs/21726395678/job/62669478881
62669478882,21726395678,1,linux,Linux,2026-02-05 19:59:05,2026-02-05 20:57:49,2026-02,success,included,False,58.733333333333334,,"[""ubuntu-22.04""]",https://github.com/PixarAnimationStudios/OpenUSD/actions/runs/21726395678/job/62669478882
62669478913,21726395678,1,windows,Windows,2026-02-05 19:59:05,2026-02-05 21:31:21,2026-02,success,included,False,92.26666666666667,,"[""windows-2022""]",https://github.com/PixarAnimationStudios/OpenUSD/actions/runs/21726395678/job/62669478913
62780123873,21759806492,1,windows,Windows,2026-02-06 17:32:25,2026-02-06 19:08:32,2026-02,success,included,False,96.11666666666666,,"[""windows-2022""]",https://github.com/PixarAnimationStudios/OpenUSD/actions/runs/21759806492/job/62780123873
62780123898,21759806492,1,linux,Linux,2026-02-06 17:32:25,2026-02-06 18:28:44,2026-02,success,included,False,56.31666666666667,,"[""ubuntu-22.04""]",https://github.com/PixarAnimationStudios/OpenUSD/actions/runs/21759806492/job/62780123898
62780124048,21759806492,1,macos,macOS,2026-02-06 17:32:25,2026-02-06 18:43:44,2026-02,success,included,False,71.31666666666666,,"[""macos-15""]",https://github.com/PixarAnimationStudios/OpenUSD/actions/runs/21759806492/job/62780124048
63007899063,21836194728,1,macos,macOS,2026-02-09 18:21:44,2026-02-09 19:38:53,2026-02,success,included,False,77.15,,"[""macos-15""]",https://github.com/PixarAnimationStudios/OpenUSD/actions/runs/21836194728/job/63007899063
63007898937,21836194728,1,windows,Windows,2026-02-09 18:21:46,2026-02-09 19:53:52,2026-02,success,included,False,92.1,,"[""windows-2022""]",https://github.com/PixarAnimationStudios/OpenUSD/actions/runs/21836194728/job/63007898937
63007898921,21836194728,1,linux,Linux,2026-02-09 18:21:48,2026-02-09 19:14:45,2026-02,success,included,False,52.95,,"[""ubuntu-22.04""]",https://github.com/PixarAnimationStudios/OpenUSD/actions/runs/21836194728/job/63007898921
63014531748,21838042494,1,linux,Linux,2026-02-09 19:42:31,2026-02-09 20:34:57,2026-02,success,included,False,52.43333333333333,,"[""ubuntu-22.04""]",https://github.com/PixarAnimationStudios/OpenUSD/actions/runs/21838042494/job/63014531748
63014531736,21838042494,1,windows,Windows,2026-02-09 19:42:32,2026-02-09 21:15:10,2026-02,success,included,False,92.63333333333334,,"[""windows-2022""]",https://github.com/PixarAnimationStudios/OpenUSD/actions/runs/21838042494/job/63014531736
63014531754,21838042494,1,macos,macOS,2026-02-09 19:42:32,2026-02-09 21:00:39,2026-02,success,included,False,78.11666666666666,,"[""macos-15""]",https://github.com/PixarAnimationStudios/OpenUSD/actions/runs/21838042494/job/63014531754
63187109410,21887892800,1,macos,macOS,2026-02-11 00:31:10,2026-02-11 01:46:27,2026-02,success,included,False,75.28333333333333,,"[""macos-15""]",https://github.com/PixarAnimationStudios/OpenUSD/actions/runs/21887892800/job/63187109410
63187109448,21887892800,1,linux,Linux,2026-02-11 00:31:10,2026-02-11 01:30:28,2026-02,success,included,False,59.3,,"[""ubuntu-22.04""]",https://github.com/PixarAnimationStudios/OpenUSD/actions/runs/21887892800/job/63187109448
63187109418,21887892800,1,windows,Windows,2026-02-11 00:31:11,2026-02-11 02:02:11,2026-02,success,included,False,91.0,,"[""windows-2022""]",https://github.com/PixarAnimationStudios/OpenUSD/actions/runs/21887892800/job/63187109418
63435953815,21960386336,1,linux,Linux,2026-02-12 19:05:04,2026-02-12 19:59:44,2026-02,success,included,False,54.666666666666664,,"[""ubuntu-22.04""]",https://github.com/PixarAnimationStudios/OpenUSD/actions/runs/21960386336/job/63435953815
63435953846,21960386336,1,macos,macOS,2026-02-12 19:05:04,2026-02-12 20:06:49,2026-02,success,included,False,61.75,,"[""macos-15""]",https://github.com/PixarAnimationStudios/OpenUSD/actions/runs/21960386336/job/63435953846
63435953811,21960386336,1,windows,Windows,2026-02-12 19:05:05,2026-02-12 20:37:36,2026-02,success,included,False,92.51666666666667,,"[""windows-2022""]",https://github.com/PixarAnimationStudios/OpenUSD/actions/runs/21960386336/job/63435953811
63603614102,22010639519,1,linux,Linux,2026-02-14 03:52:47,2026-02-14 04:49:42,2026-02,success,included,False,56.916666666666664,,"[""ubuntu-22.04""]",https://github.com/PixarAnimationStudios/OpenUSD/actions/runs/22010639519/job/63603614102
63603614109,22010639519,1,windows,Windows,2026-02-14 03:52:48,2026-02-14 05:24:42,2026-02,success,included,False,91.9,,"[""windows-2022""]",https://github.com/PixarAnimationStudios/OpenUSD/actions/runs/22010639519/job/63603614109
63603614094,22010639519,1,macos,macOS,2026-02-14 03:52:49,2026-02-14 05:04:27,2026-02,success,included,False,71.63333333333334,,"[""macos-15""]",https://github.com/PixarAnimationStudios/OpenUSD/actions/runs/22010639519/job/63603614094
63810187387,22082416934,1,macos,macOS,2026-02-17 01:09:08,2026-02-17 02:03:42,2026-02,success,included,False,54.56666666666667,,"[""macos-15""]",https://github.com/PixarAnimationStudios/OpenUSD/actions/runs/22082416934/job/63810187387
63810187388,22082416934,1,windows,Windows,2026-02-17 01:09:08,2026-02-17 02:34:42,2026-02,success,included,False,85.56666666666666,,"[""windows-2022""]",https://github.com/PixarAnimationStudios/OpenUSD/actions/runs/22082416934/job/63810187388
63810187394,22082416934,1,linux,Linux,2026-02-17 01:09:08,2026-02-17 02:05:58,2026-02,success,included,False,56.833333333333336,,"[""ubuntu-22.04""]",https://github.com/PixarAnimationStudios/OpenUSD/actions/runs/22082416934/job/63810187394
63908282718,22111394636,1,windows,Windows,2026-02-17 18:51:16,2026-02-17 20:23:38,2026-02,success,included,False,92.36666666666666,,"[""windows-2022""]",https://github.com/PixarAnimationStudios/OpenUSD/actions/runs/22111394636/job/63908282718
63908282760,22111394636,1,macos,macOS,2026-02-17 18:51:16,2026-02-17 19:59:35,2026-02,success,included,False,68.31666666666666,,"[""macos-15""]",https://github.com/PixarAnimationStudios/OpenUSD/actions/runs/22111394636/job/63908282760
63908282815,22111394636,1,linux,Linux,2026-02-17 18:51:16,2026-02-17 19:49:08,2026-02,success,included,False,57.86666666666667,,"[""ubuntu-22.04""]",https://github.com/PixarAnimationStudios/OpenUSD/actions/runs/22111394636/job/63908282815
64066901287,22157926096,1,linux,Linux,2026-02-18 21:16:34,2026-02-18 22:13:08,2026-02,success,included,False,56.56666666666667,,"[""ubuntu-22.04""]",https://github.com/PixarAnimationStudios/OpenUSD/actions/runs/22157926096/job/64066901287
64066901342,22157926096,1,windows,Windows,2026-02-18 21:16:35,2026-02-18 22:48:32,2026-02,success,included,False,91.95,,"[""windows-2022""]",https://github.com/PixarAnimationStudios/OpenUSD/actions/runs/22157926096/job/64066901342
64066901362,22157926096,1,macos,macOS,2026-02-18 21:16:35,2026-02-18 22:54:05,2026-02,success,included,False,97.5,,"[""macos-15""]",https://github.com/PixarAnimationStudios/OpenUSD/actions/runs/22157926096/job/64066901362
64067600633,22158122780,1,windows,Windows,2026-02-18 21:22:36,2026-02-18 22:46:44,2026-02,success,included,False,84.13333333333334,,"[""windows-2022""]",https://github.com/PixarAnimationStudios/OpenUSD/actions/runs/22158122780/job/64067600633
64067600687,22158122780,1,linux,Linux,2026-02-18 21:22:36,2026-02-18 22:20:19,2026-02,success,included,False,57.71666666666667,,"[""ubuntu-22.04""]",https://github.com/PixarAnimationStudios/OpenUSD/actions/runs/22158122780/job/64067600687
64067600602,22158122780,1,macos,macOS,2026-02-18 21:22:39,2026-02-18 23:23:08,2026-02,cancelled,not_successful,False,120.48333333333333,,"[""macos-15""]",https://github.com/PixarAnimationStudios/OpenUSD/actions/runs/22158122780/job/64067600602
64068012164,22158241185,1,windows,Windows,2026-02-18 21:26:15,2026-02-18 22:58:34,2026-02,success,included,False,92.31666666666666,,"[""windows-2022""]",https://github.com/PixarAnimationStudios/OpenUSD/actions/runs/22158241185/job/64068012164
64068012147,22158241185,1,macos,macOS,2026-02-18 21:26:16,2026-02-18 22:48:47,2026-02,success,included,False,82.51666666666667,,"[""macos-15""]",https://github.com/PixarAnimationStudios/OpenUSD/actions/runs/22158241185/job/64068012147
64068012236,22158241185,1,linux,Linux,2026-02-18 21:26:16,2026-02-18 22:22:36,2026-02,success,included,False,56.333333333333336,,"[""ubuntu-22.04""]",https://github.com/PixarAnimationStudios/OpenUSD/actions/runs/22158241185/job/64068012236
64068409920,22158358743,1,windows,Windows,2026-02-18 21:29:44,2026-02-18 22:54:48,2026-02,success,included,False,85.06666666666666,,"[""windows-2022""]",https://github.com/PixarAnimationStudios/OpenUSD/actions/runs/22158358743/job/64068409920
64068409928,22158358743,1,macos,macOS,2026-02-18 21:29:44,2026-02-18 22:28:57,2026-02,success,included,False,59.21666666666667,,"[""macos-15""]",https://github.com/PixarAnimationStudios/OpenUSD/actions/runs/22158358743/job/64068409928
64068409938,22158358743,1,linux,Linux,2026-02-18 21:29:44,2026-02-18 22:25:52,2026-02,success,included,False,56.13333333333333,,"[""ubuntu-22.04""]",https://github.com/PixarAnimationStudios/OpenUSD/actions/runs/22158358743/job/64068409938
64081190130,22162139766,1,windows,Windows,2026-02-18 23:38:39,2026-02-18 23:43:49,2026-02,failure,not_successful,False,5.166666666666667,,"[""windows-2022""]",https://github.com/PixarAnimationStudios/OpenUSD/actions/runs/22162139766/job/64081190130
64081190147,22162139766,1,linux,Linux,2026-02-18 23:38:39,2026-02-18 23:41:11,2026-02,failure,not_successful,False,2.533333333333333,,"[""ubuntu-22.04""]",https://github.com/PixarAnimationStudios/OpenUSD/actions/runs/22162139766/job/64081190147
64081190158,22162139766,1,macos,macOS,2026-02-18 23:38:39,2026-02-18 23:41:12,2026-02,failure,not_successful,False,2.55,,"[""macos-15""]",https://github.com/PixarAnimationStudios/OpenUSD/actions/runs/22162139766/job/64081190158
64081596117,22162262908,1,linux,Linux,2026-02-18 23:43:35,2026-02-19 00:29:07,2026-02,failure,not_successful,False,45.53333333333333,,"[""ubuntu-22.04""]",https://github.com/PixarAnimationStudios/OpenUSD/actions/runs/22162262908/job/64081596117
64081596125,22162262908,1,windows,Windows,2026-02-18 23:43:35,2026-02-19 01:16:06,2026-02,failure,not_successful,False,92.51666666666667,,"[""windows-2022""]",https://github.com/PixarAnimationStudios/OpenUSD/actions/runs/22162262908/job/64081596125
64081596130,22162262908,1,macos,macOS,2026-02-18 23:43:35,2026-02-19 00:39:10,2026-02,success,included,False,55.583333333333336,,"[""macos-15""]",https://github.com/PixarAnimationStudios/OpenUSD/actions/runs/22162262908/job/64081596130
64092704791,22165793030,1,linux,Linux,2026-02-19 02:13:57,2026-02-19 03:01:52,2026-02,failure,not_successful,False,47.916666666666664,,"[""ubuntu-22.04""]",https://github.com/PixarAnimationStudios/OpenUSD/actions/runs/22165793030/job/64092704791
64092704817,22165793030,1,windows,Windows,2026-02-19 02:13:57,2026-02-19 03:38:52,2026-02,failure,not_successful,False,84.91666666666667,,"[""windows-2022""]",https://github.com/PixarAnimationStudios/OpenUSD/actions/runs/22165793030/job/64092704817
64092704798,22165793030,1,macos,macOS,2026-02-19 02:13:58,2026-02-19 02:58:08,2026-02,success,included,False,44.166666666666664,,"[""macos-15""]",https://github.com/PixarAnimationStudios/OpenUSD/actions/runs/22165793030/job/64092704798
64098638567,22167721021,1,windows,Windows,2026-02-19 03:49:39,2026-02-19 05:21:03,2026-02,failure,not_successful,False,91.4,,"[""windows-2022""]",https://github.com/PixarAnimationStudios/OpenUSD/actions/runs/22167721021/job/64098638567
64098638579,22167721021,1,linux,Linux,2026-02-19 03:49:39,2026-02-19 04:25:17,2026-02,failure,not_successful,False,35.63333333333333,,"[""ubuntu-22.04""]",https://github.com/PixarAnimationStudios/OpenUSD/actions/runs/22167721021/job/64098638579
64098638570,22167721021,1,macos,macOS,2026-02-19 03:49:40,2026-02-19 05:50:12,2026-02,cancelled,not_successful,False,120.53333333333333,,"[""macos-15""]",https://github.com/PixarAnimationStudios/OpenUSD/actions/runs/22167721021/job/64098638570
64102412792,22168905941,1,macos,macOS,2026-02-19 04:46:59,2026-02-19 05:57:17,2026-02,success,included,False,70.3,,"[""macos-15""]",https://github.com/PixarAnimationStudios/OpenUSD/actions/runs/22168905941/job/64102412792
64102412808,22168905941,1,windows,Windows,2026-02-19 04:46:59,2026-02-19 06:18:40,2026-02,failure,not_successful,False,91.68333333333334,,"[""windows-2022""]",https://github.com/PixarAnimationStudios/OpenUSD/actions/runs/22168905941/job/64102412808
64102412807,22168905941,1,linux,Linux,2026-02-19 04:47:04,2026-02-19 05:46:23,2026-02,success,included,False,59.31666666666667,,"[""ubuntu-22.04""]",https://github.com/PixarAnimationStudios/OpenUSD/actions/runs/22168905941/job/64102412807
64115362853,22173158607,1,linux,Linux,2026-02-19 07:52:23,2026-02-19 08:48:26,2026-02,success,included,False,56.05,,"[""ubuntu-22.04""]",https://github.com/PixarAnimationStudios/OpenUSD/actions/runs/22173158607/job/64115362853
64115362862,22173158607,1,windows,Windows,2026-02-19 07:52:23,2026-02-19 09:19:45,2026-02,failure,not_successful,False,87.36666666666666,,"[""windows-2022""]",https://github.com/PixarAnimationStudios/OpenUSD/actions/runs/22173158607/job/64115362862
64115362890,22173158607,1,macos,macOS,2026-02-19 07:52:24,2026-02-19 09:13:11,2026-02,failure,not_successful,False,80.78333333333333,,"[""macos-15""]",https://github.com/PixarAnimationStudios/OpenUSD/actions/runs/22173158607/job/64115362890
64171866447,22189222769,1,macos,macOS,2026-02-19 15:56:41,2026-02-19 17:01:24,2026-02,success,included,False,64.71666666666667,,"[""macos-15""]",https://github.com/PixarAnimationStudios/OpenUSD/actions/runs/22189222769/job/64171866447
64171866685,22189222769,1,linux,Linux,2026-02-19 15:56:41,2026-02-19 16:53:49,2026-02,success,included,False,57.13333333333333,,"[""ubuntu-22.04""]",https://github.com/PixarAnimationStudios/OpenUSD/actions/runs/22189222769/job/64171866685
64171866712,22189222769,1,windows,Windows,2026-02-19 15:56:41,2026-02-19 17:32:33,2026-02,success,included,False,95.86666666666666,,"[""windows-2022""]",https://github.com/PixarAnimationStudios/OpenUSD/actions/runs/22189222769/job/64171866712
64327725123,22236012683,1,macos,macOS,2026-02-20 18:24:46,2026-02-20 19:05:01,2026-02,success,included,False,40.25,,"[""macos-15""]",https://github.com/PixarAnimationStudios/OpenUSD/actions/runs/22236012683/job/64327725123
64327725126,22236012683,1,windows,Windows,2026-02-20 18:24:46,2026-02-20 19:56:43,2026-02,success,included,False,91.95,,"[""windows-2022""]",https://github.com/PixarAnimationStudios/OpenUSD/actions/runs/22236012683/job/64327725126
64327725142,22236012683,1,linux,Linux,2026-02-20 18:24:46,2026-02-20 19:19:10,2026-02,success,included,False,54.4,,"[""ubuntu-22.04""]",https://github.com/PixarAnimationStudios/OpenUSD/actions/runs/22236012683/job/64327725142
64757276793,22373222814,1,linux,Linux,2026-02-24 22:41:38,2026-02-24 23:38:24,2026-02,success,included,False,56.766666666666666,,"[""ubuntu-22.04""]",https://github.com/PixarAnimationStudios/OpenUSD/actions/runs/22373222814/job/64757276793
64757276780,22373222814,1,windows,Windows,2026-02-24 22:41:39,2026-02-25 00:13:42,2026-02,success,included,False,92.05,,"[""windows-2022""]",https://github.com/PixarAnimationStudios/OpenUSD/actions/runs/22373222814/job/64757276780
64757276787,22373222814,1,macos,macOS,2026-02-24 22:41:39,2026-02-24 23:22:23,2026-02,success,included,False,40.733333333333334,,"[""macos-15""]",https://github.com/PixarAnimationStudios/OpenUSD/actions/runs/22373222814/job/64757276787
64760039526,22374060266,1,linux,Linux,2026-02-24 23:09:09,2026-02-25 00:07:00,2026-02,success,included,False,57.85,,"[""ubuntu-22.04""]",https://github.com/PixarAnimationStudios/OpenUSD/actions/runs/22374060266/job/64760039526
64760039531,22374060266,1,wasm64,Wasm (Wasm64),2026-02-24 23:09:09,2026-02-25 00:06:16,2026-02,success,included,False,57.11666666666667,,"[""ubuntu-22.04""]",https://github.com/PixarAnimationStudios/OpenUSD/actions/runs/22374060266/job/64760039531
64760039535,22374060266,1,wasm32,Wasm (Wasm),2026-02-24 23:09:09,2026-02-25 00:07:20,2026-02,success,included,False,58.18333333333333,,"[""ubuntu-22.04""]",https://github.com/PixarAnimationStudios/OpenUSD/actions/runs/22374060266/job/64760039535
64768533126,22374060266,2,wasm32,Wasm (Wasm),2026-02-24 23:09:09,2026-02-25 00:07:20,2026-02,success,duplicate_execution,False,58.18333333333333,,"[""ubuntu-22.04""]",https://github.com/PixarAnimationStudios/OpenUSD/actions/runs/22374060266/job/64768533126
64768533132,22374060266,2,wasm64,Wasm (Wasm64),2026-02-24 23:09:09,2026-02-25 00:06:16,2026-02,success,duplicate_execution,False,57.11666666666667,,"[""ubuntu-22.04""]",https://github.com/PixarAnimationStudios/OpenUSD/actions/runs/22374060266/job/64768533132
64768533139,22374060266,2,linux,Linux,2026-02-24 23:09:09,2026-02-25 00:07:00,2026-02,success,duplicate_execution,False,57.85,,"[""ubuntu-22.04""]",https://github.com/PixarAnimationStudios/OpenUSD/actions/runs/22374060266/job/64768533139
64760039537,22374060266,1,macos,macOS,2026-02-24 23:09:10,2026-02-25 00:07:19,2026-02,failure,not_successful,False,58.15,,"[""macos-15""]",https://github.com/PixarAnimationStudios/OpenUSD/actions/runs/22374060266/job/64760039537
64760039529,22374060266,1,windows,Windows,2026-02-24 23:09:12,2026-02-25 00:41:58,2026-02,success,included,False,92.76666666666667,,"[""windows-2022""]",https://github.com/PixarAnimationStudios/OpenUSD/actions/runs/22374060266/job/64760039529
64768533118,22374060266,2,windows,Windows,2026-02-24 23:09:12,2026-02-25 00:41:58,2026-02,success,duplicate_execution,False,92.76666666666667,,"[""windows-2022""]",https://github.com/PixarAnimationStudios/OpenUSD/actions/runs/22374060266/job/64768533118
64768532851,22374060266,2,macos,macOS,2026-02-25 00:43:15,2026-02-25 01:39:07,2026-02,success,included,False,55.86666666666667,,"[""macos-15""]",https://github.com/PixarAnimationStudios/OpenUSD/actions/runs/22374060266/job/64768532851
65376315557,22570321749,1,windows,Windows,2026-03-02 09:47:05,2026-03-02 11:19:50,2026-03,failure,not_successful,False,92.75,,"[""windows-2022""]",https://github.com/PixarAnimationStudios/OpenUSD/actions/runs/22570321749/job/65376315557
65376315570,22570321749,1,linux,Linux,2026-03-02 09:47:05,2026-03-02 10:44:24,2026-03,success,included,False,57.31666666666667,,"[""ubuntu-22.04""]",https://github.com/PixarAnimationStudios/OpenUSD/actions/runs/22570321749/job/65376315570
65376315619,22570321749,1,wasm64,Wasm (Wasm64),2026-03-02 09:47:05,2026-03-02 10:44:34,2026-03,success,included,False,57.483333333333334,,"[""ubuntu-22.04""]",https://github.com/PixarAnimationStudios/OpenUSD/actions/runs/22570321749/job/65376315619
65376315634,22570321749,1,macos,macOS,2026-03-02 09:47:05,2026-03-02 10:36:14,2026-03,success,included,False,49.15,,"[""macos-15""]",https://github.com/PixarAnimationStudios/OpenUSD/actions/runs/22570321749/job/65376315634
65376315652,22570321749,1,wasm32,Wasm (Wasm),2026-03-02 09:47:05,2026-03-02 10:42:42,2026-03,success,included,False,55.61666666666667,,"[""ubuntu-22.04""]",https://github.com/PixarAnimationStudios/OpenUSD/actions/runs/22570321749/job/65376315652
65423750143,22583997594,1,wasm64,Wasm (Wasm64),2026-03-02 15:56:45,2026-03-02 16:54:30,2026-03,success,included,False,57.75,,"[""ubuntu-22.04""]",https://github.com/PixarAnimationStudios/OpenUSD/actions/runs/22583997594/job/65423750143
65423750020,22583997594,1,wasm32,Wasm (Wasm),2026-03-02 15:56:46,2026-03-02 16:54:08,2026-03,success,included,False,57.36666666666667,,"[""ubuntu-22.04""]",https://github.com/PixarAnimationStudios/OpenUSD/actions/runs/22583997594/job/65423750020
65423750036,22583997594,1,macos,macOS,2026-03-02 15:56:46,2026-03-02 16:53:04,2026-03,success,included,False,56.3,,"[""macos-15""]",https://github.com/PixarAnimationStudios/OpenUSD/actions/runs/22583997594/job/65423750036
65423750097,22583997594,1,linux,Linux,2026-03-02 15:56:46,2026-03-02 16:53:25,2026-03,success,included,False,56.65,,"[""ubuntu-22.04""]",https://github.com/PixarAnimationStudios/OpenUSD/actions/runs/22583997594/job/65423750097
65423750076,22583997594,1,windows,Windows,2026-03-02 15:56:48,2026-03-02 17:28:57,2026-03,success,included,False,92.15,,"[""windows-2022""]",https://github.com/PixarAnimationStudios/OpenUSD/actions/runs/22583997594/job/65423750076
65446987271,22590513129,1,wasm32,Wasm (Wasm),2026-03-02 18:43:54,2026-03-02 19:37:46,2026-03,success,included,False,53.86666666666667,,"[""ubuntu-22.04""]",https://github.com/PixarAnimationStudios/OpenUSD/actions/runs/22590513129/job/65446987271
65446987273,22590513129,1,linux,Linux,2026-03-02 18:43:54,2026-03-02 19:41:38,2026-03,success,included,False,57.733333333333334,,"[""ubuntu-22.04""]",https://github.com/PixarAnimationStudios/OpenUSD/actions/runs/22590513129/job/65446987273
65446987299,22590513129,1,windows,Windows,2026-03-02 18:43:54,2026-03-02 20:11:51,2026-03,success,included,False,87.95,,"[""windows-2022""]",https://github.com/PixarAnimationStudios/OpenUSD/actions/runs/22590513129/job/65446987299
65446987317,22590513129,1,wasm64,Wasm (Wasm64),2026-03-02 18:43:54,2026-03-02 19:40:18,2026-03,success,included,False,56.4,,"[""ubuntu-22.04""]",https://github.com/PixarAnimationStudios/OpenUSD/actions/runs/22590513129/job/65446987317
65446987278,22590513129,1,macos,macOS,2026-03-02 18:43:55,2026-03-02 19:43:28,2026-03,success,included,False,59.55,,"[""macos-15""]",https://github.com/PixarAnimationStudios/OpenUSD/actions/runs/22590513129/job/65446987278
65462720796,22595027657,1,wasm32,Wasm (Wasm),2026-03-02 20:47:42,2026-03-02 21:45:03,2026-03,success,included,False,57.35,,"[""ubuntu-22.04""]",https://github.com/PixarAnimationStudios/OpenUSD/actions/runs/22595027657/job/65462720796
65462720817,22595027657,1,wasm64,Wasm (Wasm64),2026-03-02 20:47:42,2026-03-02 21:44:39,2026-03,success,included,False,56.95,,"[""ubuntu-22.04""]",https://github.com/PixarAnimationStudios/OpenUSD/actions/runs/22595027657/job/65462720817
65462720818,22595027657,1,linux,Linux,2026-03-02 20:47:42,2026-03-02 21:44:16,2026-03,success,included,False,56.56666666666667,,"[""ubuntu-22.04""]",https://github.com/PixarAnimationStudios/OpenUSD/actions/runs/22595027657/job/65462720818
65462720778,22595027657,1,macos,macOS,2026-03-02 20:47:44,2026-03-02 21:54:13,2026-03,success,included,False,66.48333333333333,,"[""macos-15""]",https://github.com/PixarAnimationStudios/OpenUSD/actions/runs/22595027657/job/65462720778
65462720799,22595027657,1,windows,Windows,2026-03-02 20:47:46,2026-03-02 22:21:07,2026-03,success,included,False,93.35,,"[""windows-2022""]",https://github.com/PixarAnimationStudios/OpenUSD/actions/runs/22595027657/job/65462720799
65601239624,22636661682,1,linux,Linux,2026-03-03 18:13:00,2026-03-03 19:08:59,2026-03,success,included,False,55.983333333333334,,"[""ubuntu-22.04""]",https://github.com/PixarAnimationStudios/OpenUSD/actions/runs/22636661682/job/65601239624
65601239655,22636661682,1,wasm64,Wasm (Wasm64),2026-03-03 18:13:00,2026-03-03 19:11:13,2026-03,success,included,False,58.21666666666667,,"[""ubuntu-22.04""]",https://github.com/PixarAnimationStudios/OpenUSD/actions/runs/22636661682/job/65601239655
65601239660,22636661682,1,wasm32,Wasm (Wasm),2026-03-03 18:13:00,2026-03-03 19:10:39,2026-03,success,included,False,57.65,,"[""ubuntu-22.04""]",https://github.com/PixarAnimationStudios/OpenUSD/actions/runs/22636661682/job/65601239660
65601239668,22636661682,1,macos,macOS,2026-03-03 18:13:01,2026-03-03 19:14:59,2026-03,failure,not_successful,False,61.96666666666667,,"[""macos-15""]",https://github.com/PixarAnimationStudios/OpenUSD/actions/runs/22636661682/job/65601239668
65601239616,22636661682,1,windows,Windows,2026-03-03 18:13:04,2026-03-03 19:39:57,2026-03,success,included,False,86.88333333333334,,"[""windows-2022""]",https://github.com/PixarAnimationStudios/OpenUSD/actions/runs/22636661682/job/65601239616
65662419532,22654877361,1,wasm32,Wasm (Wasm),2026-03-04 04:19:48,2026-03-04 05:17:05,2026-03,success,included,False,57.28333333333333,,"[""ubuntu-22.04""]",https://github.com/PixarAnimationStudios/OpenUSD/actions/runs/22654877361/job/65662419532
65662419533,22654877361,1,windows,Windows,2026-03-04 04:19:48,2026-03-04 05:47:54,2026-03,success,included,False,88.1,,"[""windows-2022""]",https://github.com/PixarAnimationStudios/OpenUSD/actions/runs/22654877361/job/65662419533
65662419534,22654877361,1,macos,macOS,2026-03-04 04:19:48,2026-03-04 05:02:13,2026-03,success,included,False,42.416666666666664,,"[""macos-15""]",https://github.com/PixarAnimationStudios/OpenUSD/actions/runs/22654877361/job/65662419534
65662419544,22654877361,1,wasm64,Wasm (Wasm64),2026-03-04 04:19:48,2026-03-04 05:16:48,2026-03,success,included,False,57.0,,"[""ubuntu-22.04""]",https://github.com/PixarAnimationStudios/OpenUSD/actions/runs/22654877361/job/65662419544
65662419555,22654877361,1,linux,Linux,2026-03-04 04:19:48,2026-03-04 05:18:10,2026-03,success,included,False,58.36666666666667,,"[""ubuntu-22.04""]",https://github.com/PixarAnimationStudios/OpenUSD/actions/runs/22654877361/job/65662419555
65663209697,22655133788,1,wasm32,Wasm (Wasm),2026-03-04 04:31:14,2026-03-04 05:28:33,2026-03,success,included,False,57.31666666666667,,"[""ubuntu-22.04""]",https://github.com/PixarAnimationStudios/OpenUSD/actions/runs/22655133788/job/65663209697
65663209700,22655133788,1,macos,macOS,2026-03-04 04:31:14,2026-03-04 05:15:17,2026-03,success,included,False,44.05,,"[""macos-15""]",https://github.com/PixarAnimationStudios/OpenUSD/actions/runs/22655133788/job/65663209700
65663209706,22655133788,1,linux,Linux,2026-03-04 04:31:14,2026-03-04 05:28:33,2026-03,success,included,False,57.31666666666667,,"[""ubuntu-22.04""]",https://github.com/PixarAnimationStudios/OpenUSD/actions/runs/22655133788/job/65663209706
65663209711,22655133788,1,wasm64,Wasm (Wasm64),2026-03-04 04:31:14,2026-03-04 05:27:48,2026-03,success,included,False,56.56666666666667,,"[""ubuntu-22.04""]",https://github.com/PixarAnimationStudios/OpenUSD/actions/runs/22655133788/job/65663209711
65663209698,22655133788,1,windows,Windows,2026-03-04 04:31:16,2026-03-04 06:02:37,2026-03,success,included,False,91.35,,"[""windows-2022""]",https://github.com/PixarAnimationStudios/OpenUSD/actions/runs/22655133788/job/65663209698
65663870078,22655340983,1,linux,Linux,2026-03-04 04:40:19,2026-03-04 05:37:19,2026-03,success,included,False,57.0,,"[""ubuntu-22.04""]",https://github.com/PixarAnimationStudios/OpenUSD/actions/runs/22655340983/job/65663870078
65663870084,22655340983,1,wasm32,Wasm (Wasm),2026-03-04 04:40:19,2026-03-04 05:38:03,2026-03,success,included,False,57.733333333333334,,"[""ubuntu-22.04""]",https://github.com/PixarAnimationStudios/OpenUSD/actions/runs/22655340983/job/65663870084
65663870055,22655340983,1,windows,Windows,2026-03-04 04:40:20,2026-03-04 06:13:44,2026-03,success,included,False,93.4,,"[""windows-2022""]",https://github.com/PixarAnimationStudios/OpenUSD/actions/runs/22655340983/job/65663870055
65663870069,22655340983,1,macos,macOS,2026-03-04 04:40:20,2026-03-04 05:27:21,2026-03,success,included,False,47.016666666666666,,"[""macos-15""]",https://github.com/PixarAnimationStudios/OpenUSD/actions/runs/22655340983/job/65663870069
65663870086,22655340983,1,wasm64,Wasm (Wasm64),2026-03-04 04:40:20,2026-03-04 05:36:58,2026-03,success,included,False,56.63333333333333,,"[""ubuntu-22.04""]",https://github.com/PixarAnimationStudios/OpenUSD/actions/runs/22655340983/job/65663870086
65709699143,22669503768,1,macos,macOS,2026-03-04 12:33:27,2026-03-04 13:55:06,2026-03,failure,not_successful,False,81.65,,"[""macos-15""]",https://github.com/PixarAnimationStudios/OpenUSD/actions/runs/22669503768/job/65709699143
65709699151,22669503768,1,wasm64,Wasm (Wasm64),2026-03-04 12:33:27,2026-03-04 13:29:21,2026-03,success,included,False,55.9,,"[""ubuntu-22.04""]",https://github.com/PixarAnimationStudios/OpenUSD/actions/runs/22669503768/job/65709699151
65709699192,22669503768,1,linux,Linux,2026-03-04 12:33:27,2026-03-04 13:31:19,2026-03,success,included,False,57.86666666666667,,"[""ubuntu-22.04""]",https://github.com/PixarAnimationStudios/OpenUSD/actions/runs/22669503768/job/65709699192
65709699153,22669503768,1,wasm32,Wasm (Wasm),2026-03-04 12:33:28,2026-03-04 13:32:09,2026-03,success,included,False,58.68333333333333,,"[""ubuntu-22.04""]",https://github.com/PixarAnimationStudios/OpenUSD/actions/runs/22669503768/job/65709699153
65709699172,22669503768,1,windows,Windows,2026-03-04 12:33:28,2026-03-04 14:05:21,2026-03,success,included,False,91.88333333333334,,"[""windows-2022""]",https://github.com/PixarAnimationStudios/OpenUSD/actions/runs/22669503768/job/65709699172
65925398521,22732594540,1,linux,Linux,2026-03-05 19:14:51,2026-03-05 20:23:07,2026-03,success,included,False,68.26666666666667,,"[""ubuntu-22.04""]",https://github.com/PixarAnimationStudios/OpenUSD/actions/runs/22732594540/job/65925398521
65925398524,22732594540,1,wasm64,Wasm (Wasm64),2026-03-05 19:14:51,2026-03-05 20:12:14,2026-03,success,included,False,57.38333333333333,,"[""ubuntu-22.04""]",https://github.com/PixarAnimationStudios/OpenUSD/actions/runs/22732594540/job/65925398524
65925398550,22732594540,1,wasm32,Wasm (Wasm),2026-03-05 19:14:51,2026-03-05 20:11:58,2026-03,success,included,False,57.11666666666667,,"[""ubuntu-22.04""]",https://github.com/PixarAnimationStudios/OpenUSD/actions/runs/22732594540/job/65925398550
65925398517,22732594540,1,macos,macOS,2026-03-05 19:14:52,2026-03-05 20:15:17,2026-03,success,included,False,60.416666666666664,,"[""macos-15""]",https://github.com/PixarAnimationStudios/OpenUSD/actions/runs/22732594540/job/65925398517
65925398574,22732594540,1,windows,Windows,2026-03-05 19:14:52,2026-03-05 20:41:08,2026-03,success,included,False,86.26666666666667,,"[""windows-2022""]",https://github.com/PixarAnimationStudios/OpenUSD/actions/runs/22732594540/job/65925398574
65954403065,22741030244,1,wasm64,Wasm (Wasm64),2026-03-05 23:20:54,2026-03-06 00:16:52,2026-03,success,included,False,55.96666666666667,,"[""ubuntu-22.04""]",https://github.com/PixarAnimationStudios/OpenUSD/actions/runs/22741030244/job/65954403065
65954403078,22741030244,1,wasm32,Wasm (Wasm),2026-03-05 23:20:54,2026-03-06 00:17:51,2026-03,success,included,False,56.95,,"[""ubuntu-22.04""]",https://github.com/PixarAnimationStudios/OpenUSD/actions/runs/22741030244/job/65954403078
65954403071,22741030244,1,macos,macOS,2026-03-05 23:21:06,2026-03-06 00:11:08,2026-03,success,included,False,50.03333333333333,,"[""macos-15""]",https://github.com/PixarAnimationStudios/OpenUSD/actions/runs/22741030244/job/65954403071
65954403057,22741030244,1,windows,Windows,2026-03-05 23:21:09,2026-03-06 00:54:38,2026-03,success,included,False,93.48333333333333,,"[""windows-2022""]",https://github.com/PixarAnimationStudios/OpenUSD/actions/runs/22741030244/job/65954403057
65954403092,22741030244,1,linux,Linux,2026-03-05 23:21:17,2026-03-06 00:20:43,2026-03,success,included,False,59.43333333333333,,"[""ubuntu-22.04""]",https://github.com/PixarAnimationStudios/OpenUSD/actions/runs/22741030244/job/65954403092
66357829181,22873105311,1,windows,Windows,2026-03-09 20:23:42,2026-03-09 21:56:24,2026-03,success,included,False,92.7,,"[""windows-2022""]",https://github.com/PixarAnimationStudios/OpenUSD/actions/runs/22873105311/job/66357829181
66357829200,22873105311,1,wasm32,Wasm (Wasm),2026-03-09 20:23:42,2026-03-09 21:19:47,2026-03,success,included,False,56.083333333333336,,"[""ubuntu-22.04""]",https://github.com/PixarAnimationStudios/OpenUSD/actions/runs/22873105311/job/66357829200
66357829214,22873105311,1,linux,Linux,2026-03-09 20:23:42,2026-03-09 21:21:47,2026-03,success,included,False,58.083333333333336,,"[""ubuntu-22.04""]",https://github.com/PixarAnimationStudios/OpenUSD/actions/runs/22873105311/job/66357829214
66357829224,22873105311,1,macos,macOS,2026-03-09 20:23:43,2026-03-09 21:18:21,2026-03,failure,not_successful,False,54.63333333333333,,"[""macos-15""]",https://github.com/PixarAnimationStudios/OpenUSD/actions/runs/22873105311/job/66357829224
66357829203,22873105311,1,wasm64,Wasm (Wasm64),2026-03-09 20:23:44,2026-03-09 21:21:34,2026-03,success,included,False,57.833333333333336,,"[""ubuntu-22.04""]",https://github.com/PixarAnimationStudios/OpenUSD/actions/runs/22873105311/job/66357829203
66482964945,22910949249,1,macos,macOS,2026-03-10 15:44:18,2026-03-10 16:30:32,2026-03,success,included,False,46.233333333333334,,"[""macos-15""]",https://github.com/PixarAnimationStudios/OpenUSD/actions/runs/22910949249/job/66482964945
66482964949,22910949249,1,wasm64,Wasm (Wasm64),2026-03-10 15:44:18,2026-03-10 16:41:13,2026-03,success,included,False,56.916666666666664,,"[""ubuntu-22.04""]",https://github.com/PixarAnimationStudios/OpenUSD/actions/runs/22910949249/job/66482964949
66482964976,22910949249,1,linux,Linux,2026-03-10 15:44:18,2026-03-10 16:41:10,2026-03,success,included,False,56.86666666666667,,"[""ubuntu-22.04""]",https://github.com/PixarAnimationStudios/OpenUSD/actions/runs/22910949249/job/66482964976
66482965188,22910949249,1,windows,Windows,2026-03-10 15:44:19,2026-03-10 17:16:07,2026-03,success,included,False,91.8,,"[""windows-2022""]",https://github.com/PixarAnimationStudios/OpenUSD/actions/runs/22910949249/job/66482965188
66482965041,22910949249,1,wasm32,Wasm (Wasm),2026-03-10 15:44:20,2026-03-10 16:42:22,2026-03,success,included,False,58.03333333333333,,"[""ubuntu-22.04""]",https://github.com/PixarAnimationStudios/OpenUSD/actions/runs/22910949249/job/66482965041
66507824706,22917774024,1,wasm32,Wasm (Wasm),2026-03-10 18:22:09,2026-03-10 19:19:48,2026-03,success,included,False,57.65,,"[""ubuntu-22.04""]",https://github.com/PixarAnimationStudios/OpenUSD/actions/runs/22917774024/job/66507824706
66507824715,22917774024,1,linux,Linux,2026-03-10 18:22:09,2026-03-10 19:20:15,2026-03,success,included,False,58.1,,"[""ubuntu-22.04""]",https://github.com/PixarAnimationStudios/OpenUSD/actions/runs/22917774024/job/66507824715
66507824737,22917774024,1,wasm64,Wasm (Wasm64),2026-03-10 18:22:09,2026-03-10 19:19:16,2026-03,success,included,False,57.11666666666667,,"[""ubuntu-22.04""]",https://github.com/PixarAnimationStudios/OpenUSD/actions/runs/22917774024/job/66507824737
66507824762,22917774024,1,macos,macOS,2026-03-10 18:22:09,2026-03-10 19:04:21,2026-03,success,included,False,42.2,,"[""macos-15""]",https://github.com/PixarAnimationStudios/OpenUSD/actions/runs/22917774024/job/66507824762
66507824819,22917774024,1,windows,Windows,2026-03-10 18:22:09,2026-03-10 19:58:08,2026-03,failure,not_successful,False,95.98333333333333,,"[""windows-2022""]",https://github.com/PixarAnimationStudios/OpenUSD/actions/runs/22917774024/job/66507824819
66514198790,22919597481,1,wasm32,Wasm (Wasm),2026-03-10 19:06:00,2026-03-10 20:03:04,2026-03,success,included,False,57.06666666666667,,"[""ubuntu-22.04""]",https://github.com/PixarAnimationStudios/OpenUSD/actions/runs/22919597481/job/66514198790
66514198791,22919597481,1,linux,Linux,2026-03-10 19:06:00,2026-03-10 20:03:47,2026-03,success,included,False,57.78333333333333,,"[""ubuntu-22.04""]",https://github.com/PixarAnimationStudios/OpenUSD/actions/runs/22919597481/job/66514198791
66514198806,22919597481,1,windows,Windows,2026-03-10 19:06:00,2026-03-10 20:41:31,2026-03,failure,not_successful,False,95.51666666666667,,"[""windows-2022""]",https://github.com/PixarAnimationStudios/OpenUSD/actions/runs/22919597481/job/66514198806
66514198807,22919597481,1,macos,macOS,2026-03-10 19:06:00,2026-03-10 19:49:54,2026-03,failure,not_successful,False,43.9,,"[""macos-15""]",https://github.com/PixarAnimationStudios/OpenUSD/actions/runs/22919597481/job/66514198807
66514198909,22919597481,1,wasm64,Wasm (Wasm64),2026-03-10 19:06:00,2026-03-10 20:01:59,2026-03,success,included,False,55.983333333333334,,"[""ubuntu-22.04""]",https://github.com/PixarAnimationStudios/OpenUSD/actions/runs/22919597481/job/66514198909
66534935653,22925554144,1,wasm64,Wasm (Wasm64),2026-03-10 21:41:00,2026-03-10 22:37:03,2026-03,success,included,False,56.05,,"[""ubuntu-22.04""]",https://github.com/PixarAnimationStudios/OpenUSD/actions/runs/22925554144/job/66534935653
66534935667,22925554144,1,wasm32,Wasm (Wasm),2026-03-10 21:41:00,2026-03-10 22:37:52,2026-03,success,included,False,56.86666666666667,,"[""ubuntu-22.04""]",https://github.com/PixarAnimationStudios/OpenUSD/actions/runs/22925554144/job/66534935667
66534935656,22925554144,1,macos,macOS,2026-03-10 21:41:01,2026-03-10 22:29:32,2026-03,success,included,False,48.516666666666666,,"[""macos-15""]",https://github.com/PixarAnimationStudios/OpenUSD/actions/runs/22925554144/job/66534935656
66534935660,22925554144,1,linux,Linux,2026-03-10 21:41:01,2026-03-10 22:48:15,2026-03,success,included,False,67.23333333333333,,"[""ubuntu-22.04""]",https://github.com/PixarAnimationStudios/OpenUSD/actions/runs/22925554144/job/66534935660
66534935664,22925554144,1,windows,Windows,2026-03-10 21:41:01,2026-03-10 23:16:01,2026-03,success,included,False,95.0,,"[""windows-2022""]",https://github.com/PixarAnimationStudios/OpenUSD/actions/runs/22925554144/job/66534935664
67016005951,23069445202,1,windows,Windows,2026-03-13 20:34:40,2026-03-13 22:07:19,2026-03,success,included,False,92.65,,"[""windows-2022""]",https://github.com/PixarAnimationStudios/OpenUSD/actions/runs/23069445202/job/67016005951
67016005960,23069445202,1,macos,macOS,2026-03-13 20:34:40,2026-03-13 21:14:55,2026-03,success,included,False,40.25,,"[""macos-15""]",https://github.com/PixarAnimationStudios/OpenUSD/actions/runs/23069445202/job/67016005960
67016005984,23069445202,1,linux,Linux,2026-03-13 20:34:40,2026-03-13 21:31:54,2026-03,success,included,False,57.233333333333334,,"[""ubuntu-22.04""]",https://github.com/PixarAnimationStudios/OpenUSD/actions/runs/23069445202/job/67016005984
67016006003,23069445202,1,wasm64,Wasm (Wasm64),2026-03-13 20:34:40,2026-03-13 21:32:16,2026-03,success,included,False,57.6,,"[""ubuntu-22.04""]",https://github.com/PixarAnimationStudios/OpenUSD/actions/runs/23069445202/job/67016006003
67016006006,23069445202,1,wasm32,Wasm (Wasm),2026-03-13 20:34:40,2026-03-13 21:31:01,2026-03,success,included,False,56.35,,"[""ubuntu-22.04""]",https://github.com/PixarAnimationStudios/OpenUSD/actions/runs/23069445202/job/67016006006
67073256501,23090130443,1,linux,Linux,2026-03-14 14:45:54,2026-03-14 15:45:21,2026-03,success,included,False,59.45,,"[""ubuntu-22.04""]",https://github.com/PixarAnimationStudios/OpenUSD/actions/runs/23090130443/job/67073256501
67073256505,23090130443,1,wasm64,Wasm (Wasm64),2026-03-14 14:45:54,2026-03-14 15:40:42,2026-03,success,included,False,54.8,,"[""ubuntu-22.04""]",https://github.com/PixarAnimationStudios/OpenUSD/actions/runs/23090130443/job/67073256505
67073256506,23090130443,1,wasm32,Wasm (Wasm),2026-03-14 14:45:54,2026-03-14 15:42:02,2026-03,success,included,False,56.13333333333333,,"[""ubuntu-22.04""]",https://github.com/PixarAnimationStudios/OpenUSD/actions/runs/23090130443/job/67073256506
67073256502,23090130443,1,windows,Windows,2026-03-14 14:45:55,2026-03-14 16:19:30,2026-03,success,included,False,93.58333333333333,,"[""windows-2022""]",https://github.com/PixarAnimationStudios/OpenUSD/actions/runs/23090130443/job/67073256502
67073256508,23090130443,1,macos,macOS,2026-03-14 14:45:55,2026-03-14 15:20:59,2026-03,success,included,False,35.06666666666667,,"[""macos-15""]",https://github.com/PixarAnimationStudios/OpenUSD/actions/runs/23090130443/job/67073256508
67248917032,23150009571,1,linux,Linux,2026-03-16 14:54:49,2026-03-16 15:54:15,2026-03,success,included,False,59.43333333333333,,"[""ubuntu-22.04""]",https://github.com/PixarAnimationStudios/OpenUSD/actions/runs/23150009571/job/67248917032
67248917041,23150009571,1,windows,Windows,2026-03-16 14:54:49,2026-03-16 16:28:23,2026-03,success,included,False,93.56666666666666,,"[""windows-2022""]",https://github.com/PixarAnimationStudios/OpenUSD/actions/runs/23150009571/job/67248917041
67248917079,23150009571,1,wasm64,Wasm (Wasm64),2026-03-16 14:54:49,2026-03-16 15:54:25,2026-03,success,included,False,59.6,,"[""ubuntu-22.04""]",https://github.com/PixarAnimationStudios/OpenUSD/actions/runs/23150009571/job/67248917079
67248917086,23150009571,1,wasm32,Wasm (Wasm),2026-03-16 14:54:49,2026-03-16 15:52:34,2026-03,success,included,False,57.75,,"[""ubuntu-22.04""]",https://github.com/PixarAnimationStudios/OpenUSD/actions/runs/23150009571/job/67248917086
67248917108,23150009571,1,macos,macOS,2026-03-16 14:54:49,2026-03-16 15:40:05,2026-03,success,included,False,45.266666666666666,,"[""macos-15""]",https://github.com/PixarAnimationStudios/OpenUSD/actions/runs/23150009571/job/67248917108
67443914625,23206652471,1,linux,Linux,2026-03-17 17:07:56,2026-03-17 18:06:23,2026-03,success,included,False,58.45,,"[""ubuntu-22.04""]",https://github.com/PixarAnimationStudios/OpenUSD/actions/runs/23206652471/job/67443914625
67443914651,23206652471,1,windows,Windows,2026-03-17 17:07:56,2026-03-17 18:43:32,2026-03,success,included,False,95.6,,"[""windows-2022""]",https://github.com/PixarAnimationStudios/OpenUSD/actions/runs/23206652471/job/67443914651
67443914660,23206652471,1,wasm64,Wasm (Wasm64),2026-03-17 17:07:56,2026-03-17 18:07:09,2026-03,success,included,False,59.21666666666667,,"[""ubuntu-22.04""]",https://github.com/PixarAnimationStudios/OpenUSD/actions/runs/23206652471/job/67443914660
67443914680,23206652471,1,wasm32,Wasm (Wasm),2026-03-17 17:07:56,2026-03-17 18:03:53,2026-03,success,included,False,55.95,,"[""ubuntu-22.04""]",https://github.com/PixarAnimationStudios/OpenUSD/actions/runs/23206652471/job/67443914680
67443914650,23206652471,1,macos,macOS,2026-03-17 17:07:57,2026-03-17 17:55:01,2026-03,success,included,False,47.06666666666667,,"[""macos-15""]",https://github.com/PixarAnimationStudios/OpenUSD/actions/runs/23206652471/job/67443914650
67444028664,23206682972,1,macos,macOS,2026-03-17 17:08:38,2026-03-17 17:51:57,2026-03,success,included,False,43.31666666666667,,"[""macos-15""]",https://github.com/PixarAnimationStudios/OpenUSD/actions/runs/23206682972/job/67444028664
67444028817,23206682972,1,wasm32,Wasm (Wasm),2026-03-17 17:08:38,2026-03-17 18:05:25,2026-03,success,included,False,56.78333333333333,,"[""ubuntu-22.04""]",https://github.com/PixarAnimationStudios/OpenUSD/actions/runs/23206682972/job/67444028817
67444028718,23206682972,1,linux,Linux,2026-03-17 17:08:39,2026-03-17 18:05:01,2026-03,success,included,False,56.36666666666667,,"[""ubuntu-22.04""]",https://github.com/PixarAnimationStudios/OpenUSD/actions/runs/23206682972/job/67444028718
67444028744,23206682972,1,windows,Windows,2026-03-17 17:08:39,2026-03-17 18:41:48,2026-03,success,included,False,93.15,,"[""windows-2022""]",https://github.com/PixarAnimationStudios/OpenUSD/actions/runs/23206682972/job/67444028744
67444028836,23206682972,1,wasm64,Wasm (Wasm64),2026-03-17 17:08:39,2026-03-17 18:06:51,2026-03,success,included,False,58.2,,"[""ubuntu-22.04""]",https://github.com/PixarAnimationStudios/OpenUSD/actions/runs/23206682972/job/67444028836
67523556205,23230751829,1,linux,Linux,2026-03-18 05:36:25,2026-03-18 06:33:53,2026-03,success,included,False,57.46666666666667,,"[""ubuntu-22.04""]",https://github.com/PixarAnimationStudios/OpenUSD/actions/runs/23230751829/job/67523556205
67523556210,23230751829,1,wasm32,Wasm (Wasm),2026-03-18 05:36:25,2026-03-18 06:33:23,2026-03,success,included,False,56.96666666666667,,"[""ubuntu-22.04""]",https://github.com/PixarAnimationStudios/OpenUSD/actions/runs/23230751829/job/67523556210
67523556211,23230751829,1,wasm64,Wasm (Wasm64),2026-03-18 05:36:25,2026-03-18 06:34:30,2026-03,success,included,False,58.083333333333336,,"[""ubuntu-22.04""]",https://github.com/PixarAnimationStudios/OpenUSD/actions/runs/23230751829/job/67523556211
67523556221,23230751829,1,windows,Windows,2026-03-18 05:36:25,2026-03-18 07:11:11,2026-03,success,included,False,94.76666666666667,,"[""windows-2022""]",https://github.com/PixarAnimationStudios/OpenUSD/actions/runs/23230751829/job/67523556221
67523556193,23230751829,1,macos,macOS,2026-03-18 05:36:26,2026-03-18 06:28:45,2026-03,failure,not_successful,False,52.31666666666667,,"[""macos-15""]",https://github.com/PixarAnimationStudios/OpenUSD/actions/runs/23230751829/job/67523556193
67773410438,23304144316,1,windows,Windows,2026-03-19 16:01:45,2026-03-19 17:34:58,2026-03,failure,not_successful,False,93.21666666666667,,"[""windows-2022""]",https://github.com/PixarAnimationStudios/OpenUSD/actions/runs/23304144316/job/67773410438
67773410459,23304144316,1,macos,macOS,2026-03-19 16:01:45,2026-03-19 16:52:54,2026-03,failure,not_successful,False,51.15,,"[""macos-15""]",https://github.com/PixarAnimationStudios/OpenUSD/actions/runs/23304144316/job/67773410459
67773410504,23304144316,1,linux,Linux,2026-03-19 16:01:45,2026-03-19 17:00:09,2026-03,success,included,False,58.4,,"[""ubuntu-22.04""]",https://github.com/PixarAnimationStudios/OpenUSD/actions/runs/23304144316/job/67773410504
67797716560,23304144316,2,linux,Linux,2026-03-19 16:01:45,2026-03-19 17:00:09,2026-03,success,duplicate_execution,False,58.4,,"[""ubuntu-22.04""]",https://github.com/PixarAnimationStudios/OpenUSD/actions/runs/23304144316/job/67797716560
67773410375,23304144316,1,wasm64,Wasm (Wasm64),2026-03-19 16:01:46,2026-03-19 16:55:42,2026-03,success,included,False,53.93333333333333,,"[""ubuntu-22.04""]",https://github.com/PixarAnimationStudios/OpenUSD/actions/runs/23304144316/job/67773410375
67773410384,23304144316,1,wasm32,Wasm (Wasm),2026-03-19 16:01:46,2026-03-19 16:55:42,2026-03,success,included,False,53.93333333333333,,"[""ubuntu-22.04""]",https://github.com/PixarAnimationStudios/OpenUSD/actions/runs/23304144316/job/67773410384
67797716216,23304144316,2,wasm64,Wasm (Wasm64),2026-03-19 16:01:46,2026-03-19 16:55:42,2026-03,success,duplicate_execution,False,53.93333333333333,,"[""ubuntu-22.04""]",https://github.com/PixarAnimationStudios/OpenUSD/actions/runs/23304144316/job/67797716216
67797716601,23304144316,2,wasm32,Wasm (Wasm),2026-03-19 16:01:46,2026-03-19 16:55:42,2026-03,success,duplicate_execution,False,53.93333333333333,,"[""ubuntu-22.04""]",https://github.com/PixarAnimationStudios/OpenUSD/actions/runs/23304144316/job/67797716601
67797715783,23304144316,2,windows,Windows,2026-03-19 18:36:31,2026-03-19 20:11:38,2026-03,success,included,False,95.11666666666666,,"[""windows-2022""]",https://github.com/PixarAnimationStudios/OpenUSD/actions/runs/23304144316/job/67797715783
67797715788,23304144316,2,macos,macOS,2026-03-19 18:36:31,2026-03-19 19:18:19,2026-03,failure,not_successful,False,41.8,,"[""macos-15""]",https://github.com/PixarAnimationStudios/OpenUSD/actions/runs/23304144316/job/67797715788
68401074877,23502464050,1,linux,Linux,2026-03-24 17:10:11,2026-03-24 18:09:37,2026-03,success,included,False,59.43333333333333,,"[""ubuntu-22.04""]",https://github.com/PixarAnimationStudios/OpenUSD/actions/runs/23502464050/job/68401074877
68401074931,23502464050,1,wasm32,Wasm (Wasm),2026-03-24 17:10:11,2026-03-24 18:05:09,2026-03,success,included,False,54.96666666666667,,"[""ubuntu-22.04""]",https://github.com/PixarAnimationStudios/OpenUSD/actions/runs/23502464050/job/68401074931
68401074866,23502464050,1,windows,Windows,2026-03-24 17:10:12,2026-03-24 18:39:22,2026-03,success,included,False,89.16666666666667,,"[""windows-2022""]",https://github.com/PixarAnimationStudios/OpenUSD/actions/runs/23502464050/job/68401074866
68401074914,23502464050,1,macos,macOS,2026-03-24 17:10:12,2026-03-24 17:59:23,2026-03,failure,not_successful,False,49.18333333333333,,"[""macos-15""]",https://github.com/PixarAnimationStudios/OpenUSD/actions/runs/23502464050/job/68401074914
68401075032,23502464050,1,wasm64,Wasm (Wasm64),2026-03-24 17:10:12,2026-03-24 18:07:17,2026-03,success,included,False,57.083333333333336,,"[""ubuntu-22.04""]",https://github.com/PixarAnimationStudios/OpenUSD/actions/runs/23502464050/job/68401075032
68457068059,23518715461,1,wasm32,Wasm (Wasm),2026-03-25 00:22:31,2026-03-25 01:19:27,2026-03,success,included,False,56.93333333333333,,"[""ubuntu-22.04""]",https://github.com/PixarAnimationStudios/OpenUSD/actions/runs/23518715461/job/68457068059
68457068025,23518715461,1,macos,macOS,2026-03-25 00:22:32,2026-03-25 01:04:33,2026-03,failure,not_successful,False,42.016666666666666,,"[""macos-15""]",https://github.com/PixarAnimationStudios/OpenUSD/actions/runs/23518715461/job/68457068025
68457068034,23518715461,1,linux,Linux,2026-03-25 00:22:32,2026-03-25 01:21:03,2026-03,success,included,False,58.516666666666666,,"[""ubuntu-22.04""]",https://github.com/PixarAnimationStudios/OpenUSD/actions/runs/23518715461/job/68457068034
68457068050,23518715461,1,wasm64,Wasm (Wasm64),2026-03-25 00:22:32,2026-03-25 01:15:51,2026-03,success,included,False,53.31666666666667,,"[""ubuntu-22.04""]",https://github.com/PixarAnimationStudios/OpenUSD/actions/runs/23518715461/job/68457068050
68457068067,23518715461,1,windows,Windows,2026-03-25 00:22:32,2026-03-25 01:56:06,2026-03,success,included,False,93.56666666666666,,"[""windows-2022""]",https://github.com/PixarAnimationStudios/OpenUSD/actions/runs/23518715461/job/68457068067
68618646766,23566303339,1,windows,Windows,2026-03-25 22:00:43,2026-03-25 22:03:26,2026-03,failure,not_successful,False,2.716666666666667,,"[""windows-2022""]",https://github.com/PixarAnimationStudios/OpenUSD/actions/runs/23566303339/job/68618646766
68618646786,23566303339,1,linux,Linux,2026-03-25 22:00:43,2026-03-25 22:02:10,2026-03,failure,not_successful,False,1.45,,"[""ubuntu-22.04""]",https://github.com/PixarAnimationStudios/OpenUSD/actions/runs/23566303339/job/68618646786
68618646806,23566303339,1,macos,macOS,2026-03-25 22:00:43,2026-03-25 22:37:25,2026-03,failure,not_successful,False,36.7,,"[""macos-15""]",https://github.com/PixarAnimationStudios/OpenUSD/actions/runs/23566303339/job/68618646806
68618646819,23566303339,1,wasm64,Wasm (Wasm64),2026-03-25 22:00:43,2026-03-25 22:59:15,2026-03,success,included,False,58.53333333333333,,"[""ubuntu-22.04""]",https://github.com/PixarAnimationStudios/OpenUSD/actions/runs/23566303339/job/68618646819
68618646807,23566303339,1,wasm32,Wasm (Wasm),2026-03-25 22:00:44,2026-03-25 22:58:05,2026-03,success,included,False,57.35,,"[""ubuntu-22.04""]",https://github.com/PixarAnimationStudios/OpenUSD/actions/runs/23566303339/job/68618646807
68621129831,23567062928,1,windows,Windows,2026-03-25 22:20:27,2026-03-25 23:53:54,2026-03,success,included,False,93.45,,"[""windows-2022""]",https://github.com/PixarAnimationStudios/OpenUSD/actions/runs/23567062928/job/68621129831
68621129890,23567062928,1,wasm64,Wasm (Wasm64),2026-03-25 22:20:27,2026-03-25 23:17:59,2026-03,success,included,False,57.53333333333333,,"[""ubuntu-22.04""]",https://github.com/PixarAnimationStudios/OpenUSD/actions/runs/23567062928/job/68621129890
68621129973,23567062928,1,wasm32,Wasm (Wasm),2026-03-25 22:20:27,2026-03-25 23:17:34,2026-03,success,included,False,57.11666666666667,,"[""ubuntu-22.04""]",https://github.com/PixarAnimationStudios/OpenUSD/actions/runs/23567062928/job/68621129973
68621129841,23567062928,1,macos,macOS,2026-03-25 22:20:28,2026-03-25 23:16:55,2026-03,failure,not_successful,False,56.45,,"[""macos-15""]",https://github.com/PixarAnimationStudios/OpenUSD/actions/runs/23567062928/job/68621129841
68621129865,23567062928,1,linux,Linux,2026-03-25 22:20:28,2026-03-25 23:19:39,2026-03,success,included,False,59.18333333333333,,"[""ubuntu-22.04""]",https://github.com/PixarAnimationStudios/OpenUSD/actions/runs/23567062928/job/68621129865
68651131597,23576861597,1,wasm32,Wasm (Wasm),2026-03-26 04:02:21,2026-03-26 05:02:13,2026-03,success,included,False,59.86666666666667,,"[""ubuntu-22.04""]",https://github.com/PixarAnimationStudios/OpenUSD/actions/runs/23576861597/job/68651131597
68651131617,23576861597,1,windows,Windows,2026-03-26 04:02:21,2026-03-26 05:44:41,2026-03,success,included,False,102.33333333333333,,"[""windows-2022""]",https://github.com/PixarAnimationStudios/OpenUSD/actions/runs/23576861597/job/68651131617
68651131622,23576861597,1,wasm64,Wasm (Wasm64),2026-03-26 04:02:21,2026-03-26 05:01:53,2026-03,success,included,False,59.53333333333333,,"[""ubuntu-22.04""]",https://github.com/PixarAnimationStudios/OpenUSD/actions/runs/23576861597/job/68651131622
68651131627,23576861597,1,linux,Linux,2026-03-26 04:02:21,2026-03-26 05:02:24,2026-03,success,included,False,60.05,,"[""ubuntu-22.04""]",https://github.com/PixarAnimationStudios/OpenUSD/actions/runs/23576861597/job/68651131627
68651131583,23576861597,1,macos,macOS,2026-03-26 04:02:22,2026-03-26 04:55:28,2026-03,failure,not_successful,False,53.1,,"[""macos-15""]",https://github.com/PixarAnimationStudios/OpenUSD/actions/runs/23576861597/job/68651131583
68726354954,23599779861,1,wasm64,Wasm (Wasm64),2026-03-26 14:29:23,2026-03-26 15:26:51,2026-03,success,included,False,57.46666666666667,,"[""ubuntu-22.04""]",https://github.com/PixarAnimationStudios/OpenUSD/actions/runs/23599779861/job/68726354954
68726354979,23599779861,1,windows,Windows,2026-03-26 14:29:23,2026-03-26 16:02:38,2026-03,success,included,False,93.25,,"[""windows-2022""]",https://github.com/PixarAnimationStudios/OpenUSD/actions/runs/23599779861/job/68726354979
68726354988,23599779861,1,linux,Linux,2026-03-26 14:29:23,2026-03-26 15:28:01,2026-03,success,included,False,58.63333333333333,,"[""ubuntu-22.04""]",https://github.com/PixarAnimationStudios/OpenUSD/actions/runs/23599779861/job/68726354988
68726355039,23599779861,1,wasm32,Wasm (Wasm),2026-03-26 14:29:23,2026-03-26 15:26:56,2026-03,success,included,False,57.55,,"[""ubuntu-22.04""]",https://github.com/PixarAnimationStudios/OpenUSD/actions/runs/23599779861/job/68726355039
68726355163,23599779861,1,macos,macOS,2026-03-26 14:29:24,2026-03-26 15:15:53,2026-03,failure,not_successful,False,46.483333333333334,,"[""macos-15""]",https://github.com/PixarAnimationStudios/OpenUSD/actions/runs/23599779861/job/68726355163
68754068842,23607443132,1,windows,Windows,2026-03-26 17:03:48,2026-03-26 18:37:52,2026-03,success,included,False,94.06666666666666,,"[""windows-2022""]",https://github.com/PixarAnimationStudios/OpenUSD/actions/runs/23607443132/job/68754068842
68754068820,23607443132,1,linux,Linux,2026-03-26 17:03:49,2026-03-26 17:59:54,2026-03,success,included,False,56.083333333333336,,"[""ubuntu-22.04""]",https://github.com/PixarAnimationStudios/OpenUSD/actions/runs/23607443132/job/68754068820
68754069102,23607443132,1,wasm32,Wasm (Wasm),2026-03-26 17:03:49,2026-03-26 17:59:34,2026-03,success,included,False,55.75,,"[""ubuntu-22.04""]",https://github.com/PixarAnimationStudios/OpenUSD/actions/runs/23607443132/job/68754069102
68754069130,23607443132,1,wasm64,Wasm (Wasm64),2026-03-26 17:03:49,2026-03-26 17:59:48,2026-03,success,included,False,55.983333333333334,,"[""ubuntu-22.04""]",https://github.com/PixarAnimationStudios/OpenUSD/actions/runs/23607443132/job/68754069130
68754068797,23607443132,1,macos,macOS,2026-03-26 17:03:50,2026-03-26 18:02:08,2026-03,failure,not_successful,False,58.3,,"[""macos-15""]",https://github.com/PixarAnimationStudios/OpenUSD/actions/runs/23607443132/job/68754068797
68794118884,23619141866,1,wasm64,Wasm (Wasm64),2026-03-26 21:34:33,2026-03-26 22:32:49,2026-03,success,included,False,58.266666666666666,,"[""ubuntu-22.04""]",https://github.com/PixarAnimationStudios/OpenUSD/actions/runs/23619141866/job/68794118884
68794118892,23619141866,1,windows,Windows,2026-03-26 21:34:33,2026-03-26 23:08:44,2026-03,success,included,False,94.18333333333334,,"[""windows-2022""]",https://github.com/PixarAnimationStudios/OpenUSD/actions/runs/23619141866/job/68794118892
68794118897,23619141866,1,linux,Linux,2026-03-26 21:34:33,2026-03-26 22:36:29,2026-03,success,included,False,61.93333333333333,,"[""ubuntu-22.04""]",https://github.com/PixarAnimationStudios/OpenUSD/actions/runs/23619141866/job/68794118897
68794118950,23619141866,1,wasm32,Wasm (Wasm),2026-03-26 21:34:33,2026-03-26 22:28:00,2026-03,success,included,False,53.45,,"[""ubuntu-22.04""]",https://github.com/PixarAnimationStudios/OpenUSD/actions/runs/23619141866/job/68794118950
68794118882,23619141866,1,macos,macOS,2026-03-26 21:34:34,2026-03-26 22:25:04,2026-03,failure,not_successful,False,50.5,,"[""macos-15""]",https://github.com/PixarAnimationStudios/OpenUSD/actions/runs/23619141866/job/68794118882
68926641787,23659763048,1,wasm64,Wasm (Wasm64),2026-03-27 17:44:51,2026-03-27 18:41:35,2026-03,success,included,False,56.733333333333334,,"[""ubuntu-22.04""]",https://github.com/PixarAnimationStudios/OpenUSD/actions/runs/23659763048/job/68926641787
68926641803,23659763048,1,windows,Windows,2026-03-27 17:44:51,2026-03-27 18:43:38,2026-03,failure,not_successful,False,58.78333333333333,,"[""windows-2022""]",https://github.com/PixarAnimationStudios/OpenUSD/actions/runs/23659763048/job/68926641803
68926641813,23659763048,1,wasm32,Wasm (Wasm),2026-03-27 17:44:51,2026-03-27 18:41:15,2026-03,success,included,False,56.4,,"[""ubuntu-22.04""]",https://github.com/PixarAnimationStudios/OpenUSD/actions/runs/23659763048/job/68926641813
68926641824,23659763048,1,macos,macOS,2026-03-27 17:44:51,2026-03-27 18:46:09,2026-03,failure,not_successful,False,61.3,,"[""macos-15""]",https://github.com/PixarAnimationStudios/OpenUSD/actions/runs/23659763048/job/68926641824
68926641878,23659763048,1,linux,Linux,2026-03-27 17:44:51,2026-03-27 18:44:32,2026-03,success,included,False,59.68333333333333,,"[""ubuntu-22.04""]",https://github.com/PixarAnimationStudios/OpenUSD/actions/runs/23659763048/job/68926641878
69558539608,23858547332,1,linux,Linux,2026-04-01 16:11:25,2026-04-01 17:20:42,2026-04,success,included,False,69.28333333333333,,"[""ubuntu-22.04""]",https://github.com/PixarAnimationStudios/OpenUSD/actions/runs/23858547332/job/69558539608
69558539628,23858547332,1,wasm32,Wasm (Wasm),2026-04-01 16:11:25,2026-04-01 17:10:01,2026-04,success,included,False,58.6,,"[""ubuntu-22.04""]",https://github.com/PixarAnimationStudios/OpenUSD/actions/runs/23858547332/job/69558539628
69558539640,23858547332,1,wasm64,Wasm (Wasm64),2026-04-01 16:11:25,2026-04-01 17:08:26,2026-04,success,included,False,57.016666666666666,,"[""ubuntu-22.04""]",https://github.com/PixarAnimationStudios/OpenUSD/actions/runs/23858547332/job/69558539640
69558539642,23858547332,1,windows,Windows,2026-04-01 16:11:25,2026-04-01 18:12:15,2026-04,cancelled,not_successful,False,120.83333333333333,,"[""windows-2022""]",https://github.com/PixarAnimationStudios/OpenUSD/actions/runs/23858547332/job/69558539642
69558539899,23858547332,1,macos,macOS,2026-04-01 16:11:26,2026-04-01 17:20:52,2026-04,failure,not_successful,False,69.43333333333334,,"[""macos-15""]",https://github.com/PixarAnimationStudios/OpenUSD/actions/runs/23858547332/job/69558539899
69764194776,23920151512,1,linux,Linux,2026-04-02 20:20:04,2026-04-02 21:22:52,2026-04,success,included,False,62.8,,"[""ubuntu-22.04""]",https://github.com/PixarAnimationStudios/OpenUSD/actions/runs/23920151512/job/69764194776
69764194831,23920151512,1,wasm64,Wasm (Wasm64),2026-04-02 20:20:04,2026-04-02 21:13:19,2026-04,success,included,False,53.25,,"[""ubuntu-22.04""]",https://github.com/PixarAnimationStudios/OpenUSD/actions/runs/23920151512/job/69764194831
69764194793,23920151512,1,macos,macOS,2026-04-02 20:20:05,2026-04-02 21:26:45,2026-04,success,included,False,66.66666666666667,,"[""macos-15""]",https://github.com/PixarAnimationStudios/OpenUSD/actions/runs/23920151512/job/69764194793
69764194818,23920151512,1,windows,Windows,2026-04-02 20:20:05,2026-04-02 22:20:10,2026-04,cancelled,not_successful,False,120.08333333333333,,"[""windows-2022""]",https://github.com/PixarAnimationStudios/OpenUSD/actions/runs/23920151512/job/69764194818
69764194822,23920151512,1,wasm32,Wasm (Wasm),2026-04-02 20:20:05,2026-04-02 21:16:39,2026-04,success,included,False,56.56666666666667,,"[""ubuntu-22.04""]",https://github.com/PixarAnimationStudios/OpenUSD/actions/runs/23920151512/job/69764194822
69900779693,23964241989,1,linux,Linux,2026-04-03 22:16:46,2026-04-03 23:17:13,2026-04,success,included,False,60.45,,"[""ubuntu-22.04""]",https://github.com/PixarAnimationStudios/OpenUSD/actions/runs/23964241989/job/69900779693
69900779695,23964241989,1,wasm64,Wasm (Wasm64),2026-04-03 22:16:46,2026-04-03 23:14:17,2026-04,success,included,False,57.516666666666666,,"[""ubuntu-22.04""]",https://github.com/PixarAnimationStudios/OpenUSD/actions/runs/23964241989/job/69900779695
69900779723,23964241989,1,macos,macOS,2026-04-03 22:16:46,2026-04-03 23:03:07,2026-04,success,included,False,46.35,,"[""macos-15""]",https://github.com/PixarAnimationStudios/OpenUSD/actions/runs/23964241989/job/69900779723
69900779724,23964241989,1,wasm32,Wasm (Wasm),2026-04-03 22:16:46,2026-04-03 23:14:18,2026-04,success,included,False,57.53333333333333,,"[""ubuntu-22.04""]",https://github.com/PixarAnimationStudios/OpenUSD/actions/runs/23964241989/job/69900779724
69900779745,23964241989,1,windows,Windows,2026-04-03 22:16:46,2026-04-04 00:17:38,2026-04,cancelled,not_successful,False,120.86666666666666,,"[""windows-2022""]",https://github.com/PixarAnimationStudios/OpenUSD/actions/runs/23964241989/job/69900779745
70079829851,24031077492,1,macos,macOS,2026-04-06 12:04:32,2026-04-06 12:52:46,2026-04,success,included,False,48.233333333333334,,"[""macos-15""]",https://github.com/PixarAnimationStudios/OpenUSD/actions/runs/24031077492/job/70079829851
70079829838,24031077492,1,windows,Windows,2026-04-06 12:04:33,2026-04-06 14:04:39,2026-04,cancelled,not_successful,False,120.1,,"[""windows-2022""]",https://github.com/PixarAnimationStudios/OpenUSD/actions/runs/24031077492/job/70079829838
70079829842,24031077492,1,linux,Linux,2026-04-06 12:04:33,2026-04-06 13:02:08,2026-04,success,included,False,57.583333333333336,,"[""ubuntu-22.04""]",https://github.com/PixarAnimationStudios/OpenUSD/actions/runs/24031077492/job/70079829842
70079829850,24031077492,1,wasm32,Wasm (Wasm),2026-04-06 12:04:33,2026-04-06 13:03:58,2026-04,success,included,False,59.416666666666664,,"[""ubuntu-22.04""]",https://github.com/PixarAnimationStudios/OpenUSD/actions/runs/24031077492/job/70079829850
70079829862,24031077492,1,wasm64,Wasm (Wasm64),2026-04-06 12:04:34,2026-04-06 13:04:37,2026-04,success,included,False,60.05,,"[""ubuntu-22.04""]",https://github.com/PixarAnimationStudios/OpenUSD/actions/runs/24031077492/job/70079829862
70113988154,24041441981,1,wasm64,Wasm (Wasm64),2026-04-06 17:02:53,2026-04-06 18:03:27,2026-04,success,included,False,60.56666666666667,,"[""ubuntu-22.04""]",https://github.com/PixarAnimationStudios/OpenUSD/actions/runs/24041441981/job/70113988154
70113988175,24041441981,1,wasm32,Wasm (Wasm),2026-04-06 17:02:53,2026-04-06 18:02:01,2026-04,success,included,False,59.13333333333333,,"[""ubuntu-22.04""]",https://github.com/PixarAnimationStudios/OpenUSD/actions/runs/24041441981/job/70113988175
70113988188,24041441981,1,linux,Linux,2026-04-06 17:02:53,2026-04-06 18:06:30,2026-04,success,included,False,63.61666666666667,,"[""ubuntu-22.04""]",https://github.com/PixarAnimationStudios/OpenUSD/actions/runs/24041441981/job/70113988188
70113988191,24041441981,1,macos,macOS,2026-04-06 17:02:54,2026-04-06 17:51:09,2026-04,success,included,False,48.25,,"[""macos-15""]",https://github.com/PixarAnimationStudios/OpenUSD/actions/runs/24041441981/job/70113988191
70113988229,24041441981,1,windows,Windows,2026-04-06 17:02:54,2026-04-06 19:03:24,2026-04,cancelled,not_successful,False,120.5,,"[""windows-2022""]",https://github.com/PixarAnimationStudios/OpenUSD/actions/runs/24041441981/job/70113988229
70116212693,24042106297,1,wasm64,Wasm (Wasm64),2026-04-06 17:20:16,2026-04-06 18:17:30,2026-04,failure,not_successful,False,57.233333333333334,,"[""ubuntu-22.04""]",https://github.com/PixarAnimationStudios/OpenUSD/actions/runs/24042106297/job/70116212693
70116212711,24042106297,1,wasm32,Wasm (Wasm),2026-04-06 17:20:17,2026-04-06 18:19:13,2026-04,failure,not_successful,False,58.93333333333333,,"[""ubuntu-22.04""]",https://github.com/PixarAnimationStudios/OpenUSD/actions/runs/24042106297/job/70116212711
70116212725,24042106297,1,macos,macOS,2026-04-06 17:20:17,2026-04-06 18:23:47,2026-04,success,included,False,63.5,,"[""macos-15""]",https://github.com/PixarAnimationStudios/OpenUSD/actions/runs/24042106297/job/70116212725
70116212805,24042106297,1,windows,Windows,2026-04-06 17:20:17,2026-04-06 19:20:53,2026-04,cancelled,not_successful,False,120.6,,"[""windows-2022""]",https://github.com/PixarAnimationStudios/OpenUSD/actions/runs/24042106297/job/70116212805
70116212701,24042106297,1,linux,Linux,2026-04-06 17:20:22,2026-04-06 18:25:54,2026-04,success,included,False,65.53333333333333,,"[""ubuntu-22.04""]",https://github.com/PixarAnimationStudios/OpenUSD/actions/runs/24042106297/job/70116212701
70165597555,24057163586,1,wasm32,Wasm (Wasm),2026-04-06 23:57:02,2026-04-07 00:54:04,2026-04,success,included,False,57.03333333333333,,"[""ubuntu-22.04""]",https://github.com/PixarAnimationStudios/OpenUSD/actions/runs/24057163586/job/70165597555
70165597557,24057163586,1,macos,macOS,2026-04-06 23:57:02,2026-04-07 00:54:46,2026-04,success,included,False,57.733333333333334,,"[""macos-15""]",https://github.com/PixarAnimationStudios/OpenUSD/actions/runs/24057163586/job/70165597557
70165597549,24057163586,1,windows,Windows,2026-04-06 23:57:03,2026-04-07 01:57:28,2026-04,cancelled,not_successful,False,120.41666666666667,,"[""windows-2022""]",https://github.com/PixarAnimationStudios/OpenUSD/actions/runs/24057163586/job/70165597549
70165597558,24057163586,1,wasm64,Wasm (Wasm64),2026-04-06 23:57:03,2026-04-07 00:54:31,2026-04,success,included,False,57.46666666666667,,"[""ubuntu-22.04""]",https://github.com/PixarAnimationStudios/OpenUSD/actions/runs/24057163586/job/70165597558
70165597559,24057163586,1,linux,Linux,2026-04-06 23:57:04,2026-04-07 00:59:22,2026-04,success,included,False,62.3,,"[""ubuntu-22.04""]",https://github.com/PixarAnimationStudios/OpenUSD/actions/runs/24057163586/job/70165597559
70278641932,24091429864,1,wasm64,Wasm (Wasm64),2026-04-07 16:05:29,2026-04-07 17:07:13,2026-04,success,included,False,61.733333333333334,,"[""ubuntu-22.04""]",https://github.com/PixarAnimationStudios/OpenUSD/actions/runs/24091429864/job/70278641932
70278641950,24091429864,1,windows,Windows,2026-04-07 16:05:29,2026-04-07 18:05:53,2026-04,cancelled,not_successful,False,120.4,,"[""windows-2022""]",https://github.com/PixarAnimationStudios/OpenUSD/actions/runs/24091429864/job/70278641950
70278642029,24091429864,1,wasm32,Wasm (Wasm),2026-04-07 16:05:29,2026-04-07 17:04:16,2026-04,success,included,False,58.78333333333333,,"[""ubuntu-22.04""]",https://github.com/PixarAnimationStudios/OpenUSD/actions/runs/24091429864/job/70278642029
70278641915,24091429864,1,linux,Linux,2026-04-07 16:05:30,2026-04-07 17:08:04,2026-04,success,included,False,62.56666666666667,,"[""ubuntu-22.04""]",https://github.com/PixarAnimationStudios/OpenUSD/actions/runs/24091429864/job/70278641915
70278642054,24091429864,1,macos,macOS,2026-04-07 16:05:30,2026-04-07 16:59:51,2026-04,failure,not_successful,False,54.35,,"[""macos-15""]",https://github.com/PixarAnimationStudios/OpenUSD/actions/runs/24091429864/job/70278642054
70291554368,24095116454,1,windows,Windows,2026-04-07 17:28:52,2026-04-07 19:33:53,2026-04,cancelled,not_successful,False,125.01666666666667,,"[""windows-2022""]",https://github.com/PixarAnimationStudios/OpenUSD/actions/runs/24095116454/job/70291554368
70291554288,24095116454,1,linux,Linux,2026-04-07 17:28:53,2026-04-07 18:28:29,2026-04,success,included,False,59.6,,"[""ubuntu-22.04""]",https://github.com/PixarAnimationStudios/OpenUSD/actions/runs/24095116454/job/70291554288
70291554329,24095116454,1,wasm32,Wasm (Wasm),2026-04-07 17:28:53,2026-04-07 18:26:03,2026-04,success,included,False,57.166666666666664,,"[""ubuntu-22.04""]",https://github.com/PixarAnimationStudios/OpenUSD/actions/runs/24095116454/job/70291554329
70291554339,24095116454,1,wasm64,Wasm (Wasm64),2026-04-07 17:28:53,2026-04-07 18:25:22,2026-04,success,included,False,56.483333333333334,,"[""ubuntu-22.04""]",https://github.com/PixarAnimationStudios/OpenUSD/actions/runs/24095116454/job/70291554339
70513271394,24095116454,2,linux,Linux,2026-04-07 17:28:53,2026-04-07 18:28:29,2026-04,success,duplicate_execution,False,59.6,,"[""ubuntu-22.04""]",https://github.com/PixarAnimationStudios/OpenUSD/actions/runs/24095116454/job/70513271394
70513271403,24095116454,2,wasm64,Wasm (Wasm64),2026-04-07 17:28:53,2026-04-07 18:25:22,2026-04,success,duplicate_execution,False,56.483333333333334,,"[""ubuntu-22.04""]",https://github.com/PixarAnimationStudios/OpenUSD/actions/runs/24095116454/job/70513271403
70513271594,24095116454,2,wasm32,Wasm (Wasm),2026-04-07 17:28:53,2026-04-07 18:26:03,2026-04,success,duplicate_execution,False,57.166666666666664,,"[""ubuntu-22.04""]",https://github.com/PixarAnimationStudios/OpenUSD/actions/runs/24095116454/job/70513271594
70291554369,24095116454,1,macos,macOS,2026-04-07 17:28:54,2026-04-07 18:29:52,2026-04,success,included,False,60.96666666666667,,"[""macos-15""]",https://github.com/PixarAnimationStudios/OpenUSD/actions/runs/24095116454/job/70291554369
70513271363,24095116454,2,macos,macOS,2026-04-07 17:28:54,2026-04-07 18:29:52,2026-04,success,duplicate_execution,False,60.96666666666667,,"[""macos-15""]",https://github.com/PixarAnimationStudios/OpenUSD/actions/runs/24095116454/job/70513271363
70408950900,24131474155,1,linux,Linux,2026-04-08 10:49:16,2026-04-08 11:50:02,2026-04,success,included,False,60.766666666666666,,"[""ubuntu-22.04""]",https://github.com/PixarAnimationStudios/OpenUSD/actions/runs/24131474155/job/70408950900
70408950922,24131474155,1,macos,macOS,2026-04-08 10:49:16,2026-04-08 11:35:01,2026-04,success,included,False,45.75,,"[""macos-15""]",https://github.com/PixarAnimationStudios/OpenUSD/actions/runs/24131474155/job/70408950922
70408950925,24131474155,1,wasm64,Wasm (Wasm64),2026-04-08 10:49:16,2026-04-08 11:46:26,2026-04,success,included,False,57.166666666666664,,"[""ubuntu-22.04""]",https://github.com/PixarAnimationStudios/OpenUSD/actions/runs/24131474155/job/70408950925
70408950937,24131474155,1,wasm32,Wasm (Wasm),2026-04-08 10:49:16,2026-04-08 11:46:37,2026-04,success,included,False,57.35,,"[""ubuntu-22.04""]",https://github.com/PixarAnimationStudios/OpenUSD/actions/runs/24131474155/job/70408950937
70408950916,24131474155,1,windows,Windows,2026-04-08 10:49:17,2026-04-08 12:49:38,2026-04,cancelled,not_successful,False,120.35,,"[""windows-2022""]",https://github.com/PixarAnimationStudios/OpenUSD/actions/runs/24131474155/job/70408950916
70505246949,24158962159,1,linux,Linux,2026-04-08 21:12:33,2026-04-08 22:11:52,2026-04,success,included,False,59.31666666666667,,"[""ubuntu-22.04""]",https://github.com/PixarAnimationStudios/OpenUSD/actions/runs/24158962159/job/70505246949
70505246979,24158962159,1,windows,Windows,2026-04-08 21:12:33,2026-04-08 23:13:03,2026-04,cancelled,not_successful,False,120.5,,"[""windows-2022""]",https://github.com/PixarAnimationStudios/OpenUSD/actions/runs/24158962159/job/70505246979
70505246986,24158962159,1,macos,macOS,2026-04-08 21:12:33,2026-04-08 22:15:31,2026-04,success,included,False,62.96666666666667,,"[""macos-15""]",https://github.com/PixarAnimationStudios/OpenUSD/actions/runs/24158962159/job/70505246986
70505247004,24158962159,1,wasm64,Wasm (Wasm64),2026-04-08 21:12:33,2026-04-08 22:09:52,2026-04,success,included,False,57.31666666666667,,"[""ubuntu-22.04""]",https://github.com/PixarAnimationStudios/OpenUSD/actions/runs/24158962159/job/70505247004
70505247030,24158962159,1,wasm32,Wasm (Wasm),2026-04-08 21:12:33,2026-04-08 22:08:29,2026-04,success,included,False,55.93333333333333,,"[""ubuntu-22.04""]",https://github.com/PixarAnimationStudios/OpenUSD/actions/runs/24158962159/job/70505247030
70513271161,24095116454,2,windows,Windows,2026-04-08 22:12:04,2026-04-09 00:12:52,2026-04,cancelled,not_successful,False,120.8,,"[""windows-2022""]",https://github.com/PixarAnimationStudios/OpenUSD/actions/runs/24095116454/job/70513271161
70531805336,24167394986,1,wasm64,Wasm (Wasm64),2026-04-09 01:20:48,2026-04-09 02:17:19,2026-04,success,included,False,56.516666666666666,,"[""ubuntu-22.04""]",https://github.com/PixarAnimationStudios/OpenUSD/actions/runs/24167394986/job/70531805336
70531805339,24167394986,1,linux,Linux,2026-04-09 01:20:48,2026-04-09 02:20:37,2026-04,success,included,False,59.81666666666667,,"[""ubuntu-22.04""]",https://github.com/PixarAnimationStudios/OpenUSD/actions/runs/24167394986/job/70531805339
70531805358,24167394986,1,wasm32,Wasm (Wasm),2026-04-09 01:20:48,2026-04-09 02:20:15,2026-04,success,included,False,59.45,,"[""ubuntu-22.04""]",https://github.com/PixarAnimationStudios/OpenUSD/actions/runs/24167394986/job/70531805358
70531805320,24167394986,1,macos,macOS,2026-04-09 01:20:49,2026-04-09 02:20:49,2026-04,success,included,False,60.0,,"[""macos-15""]",https://github.com/PixarAnimationStudios/OpenUSD/actions/runs/24167394986/job/70531805320
70531805340,24167394986,1,windows,Windows,2026-04-09 01:20:49,2026-04-09 03:25:49,2026-04,cancelled,not_successful,False,125.0,,"[""windows-2022""]",https://github.com/PixarAnimationStudios/OpenUSD/actions/runs/24167394986/job/70531805340
70648724576,24202219771,1,wasm32,Wasm (Wasm),2026-04-09 16:47:36,2026-04-09 17:44:46,2026-04,success,included,False,57.166666666666664,,"[""ubuntu-22.04""]",https://github.com/PixarAnimationStudios/OpenUSD/actions/runs/24202219771/job/70648724576
70648724577,24202219771,1,windows,Windows,2026-04-09 16:47:36,2026-04-09 18:48:17,2026-04,cancelled,not_successful,False,120.68333333333334,,"[""windows-2022""]",https://github.com/PixarAnimationStudios/OpenUSD/actions/runs/24202219771/job/70648724577
70648724632,24202219771,1,linux,Linux,2026-04-09 16:47:36,2026-04-09 17:46:34,2026-04,success,included,False,58.96666666666667,,"[""ubuntu-22.04""]",https://github.com/PixarAnimationStudios/OpenUSD/actions/runs/24202219771/job/70648724632
70648724721,24202219771,1,wasm64,Wasm (Wasm64),2026-04-09 16:47:36,2026-04-09 17:48:00,2026-04,success,included,False,60.4,,"[""ubuntu-22.04""]",https://github.com/PixarAnimationStudios/OpenUSD/actions/runs/24202219771/job/70648724721
70648724590,24202219771,1,macos,macOS,2026-04-09 16:47:37,2026-04-09 17:46:57,2026-04,success,included,False,59.333333333333336,,"[""macos-15""]",https://github.com/PixarAnimationStudios/OpenUSD/actions/runs/24202219771/job/70648724590
70656383902,24204408424,1,linux,Linux,2026-04-09 17:37:18,2026-04-09 18:35:33,2026-04,success,included,False,58.25,,"[""ubuntu-22.04""]",https://github.com/PixarAnimationStudios/OpenUSD/actions/runs/24204408424/job/70656383902
70656383914,24204408424,1,wasm32,Wasm (Wasm),2026-04-09 17:37:19,2026-04-09 18:36:39,2026-04,success,included,False,59.333333333333336,,"[""ubuntu-22.04""]",https://github.com/PixarAnimationStudios/OpenUSD/actions/runs/24204408424/job/70656383914
70656383929,24204408424,1,wasm64,Wasm (Wasm64),2026-04-09 17:37:19,2026-04-09 18:35:48,2026-04,success,included,False,58.483333333333334,,"[""ubuntu-22.04""]",https://github.com/PixarAnimationStudios/OpenUSD/actions/runs/24204408424/job/70656383929
70656383978,24204408424,1,windows,Windows,2026-04-09 17:37:19,2026-04-09 19:37:50,2026-04,cancelled,not_successful,False,120.51666666666667,,"[""windows-2022""]",https://github.com/PixarAnimationStudios/OpenUSD/actions/runs/24204408424/job/70656383978
70656384094,24204408424,1,macos,macOS,2026-04-09 17:37:19,2026-04-09 18:41:42,2026-04,success,included,False,64.38333333333334,,"[""macos-15""]",https://github.com/PixarAnimationStudios/OpenUSD/actions/runs/24204408424/job/70656384094
70656733787,24204505981,1,linux,Linux,2026-04-09 17:39:39,2026-04-09 18:39:04,2026-04,success,included,False,59.416666666666664,,"[""ubuntu-22.04""]",https://github.com/PixarAnimationStudios/OpenUSD/actions/runs/24204505981/job/70656733787
70656733791,24204505981,1,wasm32,Wasm (Wasm),2026-04-09 17:39:39,2026-04-09 18:36:30,2026-04,success,included,False,56.85,,"[""ubuntu-22.04""]",https://github.com/PixarAnimationStudios/OpenUSD/actions/runs/24204505981/job/70656733791
70656733789,24204505981,1,wasm64,Wasm (Wasm64),2026-04-09 17:39:40,2026-04-09 18:38:08,2026-04,success,included,False,58.46666666666667,,"[""ubuntu-22.04""]",https://github.com/PixarAnimationStudios/OpenUSD/actions/runs/24204505981/job/70656733789
70656733796,24204505981,1,macos,macOS,2026-04-09 17:39:40,2026-04-09 18:23:41,2026-04,success,included,False,44.016666666666666,,"[""macos-15""]",https://github.com/PixarAnimationStudios/OpenUSD/actions/runs/24204505981/job/70656733796
70656733809,24204505981,1,windows,Windows,2026-04-09 17:39:40,2026-04-09 19:40:02,2026-04,cancelled,not_successful,False,120.36666666666666,,"[""windows-2022""]",https://github.com/PixarAnimationStudios/OpenUSD/actions/runs/24204505981/job/70656733809
70857780288,24264957003,1,wasm64,Wasm (Wasm64),2026-04-10 21:28:00,2026-04-10 22:26:44,2026-04,success,included,False,58.733333333333334,,"[""ubuntu-22.04""]",https://github.com/PixarAnimationStudios/OpenUSD/actions/runs/24264957003/job/70857780288
70857780296,24264957003,1,wasm32,Wasm (Wasm),2026-04-10 21:28:00,2026-04-10 22:24:46,2026-04,success,included,False,56.766666666666666,,"[""ubuntu-22.04""]",https://github.com/PixarAnimationStudios/OpenUSD/actions/runs/24264957003/job/70857780296
70857780304,24264957003,1,windows,Windows,2026-04-10 21:28:00,2026-04-10 23:28:16,2026-04,cancelled,not_successful,False,120.26666666666667,,"[""windows-2022""]",https://github.com/PixarAnimationStudios/OpenUSD/actions/runs/24264957003/job/70857780304
70857780284,24264957003,1,macos,macOS,2026-04-10 21:28:01,2026-04-10 22:29:43,2026-04,success,included,False,61.7,,"[""macos-15""]",https://github.com/PixarAnimationStudios/OpenUSD/actions/runs/24264957003/job/70857780284
70857780316,24264957003,1,linux,Linux,2026-04-10 21:28:01,2026-04-10 22:25:43,2026-04,success,included,False,57.7,,"[""ubuntu-22.04""]",https://github.com/PixarAnimationStudios/OpenUSD/actions/runs/24264957003/job/70857780316
70866487111,24267789127,1,linux,Linux,2026-04-10 22:52:52,2026-04-10 22:53:38,2026-04,failure,not_successful,False,0.7666666666666667,,"[""ubuntu-22.04""]",https://github.com/PixarAnimationStudios/OpenUSD/actions/runs/24267789127/job/70866487111
70866487120,24267789127,1,wasm64,Wasm (Wasm64),2026-04-10 22:52:52,2026-04-10 22:53:22,2026-04,failure,not_successful,False,0.5,,"[""ubuntu-22.04""]",https://github.com/PixarAnimationStudios/OpenUSD/actions/runs/24267789127/job/70866487120
70866487121,24267789127,1,wasm32,Wasm (Wasm),2026-04-10 22:52:52,2026-04-10 22:53:33,2026-04,failure,not_successful,False,0.6833333333333333,,"[""ubuntu-22.04""]",https://github.com/PixarAnimationStudios/OpenUSD/actions/runs/24267789127/job/70866487121
70866487110,24267789127,1,macos,macOS,2026-04-10 22:52:53,2026-04-10 22:53:37,2026-04,failure,not_successful,False,0.7333333333333333,,"[""macos-15""]",https://github.com/PixarAnimationStudios/OpenUSD/actions/runs/24267789127/job/70866487110
70866487118,24267789127,1,windows,Windows,2026-04-10 22:52:53,2026-04-10 22:53:27,2026-04,failure,not_successful,False,0.5666666666666667,,"[""windows-2022""]",https://github.com/PixarAnimationStudios/OpenUSD/actions/runs/24267789127/job/70866487118
70867166523,24268022428,1,wasm32,Wasm (Wasm),2026-04-10 23:00:43,2026-04-10 23:58:09,2026-04,success,included,False,57.43333333333333,,"[""ubuntu-22.04""]",https://github.com/PixarAnimationStudios/OpenUSD/actions/runs/24268022428/job/70867166523
70867166546,24268022428,1,wasm64,Wasm (Wasm64),2026-04-10 23:00:43,2026-04-10 23:55:55,2026-04,success,included,False,55.2,,"[""ubuntu-22.04""]",https://github.com/PixarAnimationStudios/OpenUSD/actions/runs/24268022428/job/70867166546
70867166570,24268022428,1,linux,Linux,2026-04-10 23:00:43,2026-04-11 00:00:58,2026-04,success,included,False,60.25,,"[""ubuntu-22.04""]",https://github.com/PixarAnimationStudios/OpenUSD/actions/runs/24268022428/job/70867166570
70867166501,24268022428,1,macos,macOS,2026-04-10 23:00:44,2026-04-10 23:56:49,2026-04,success,included,False,56.083333333333336,,"[""macos-15""]",https://github.com/PixarAnimationStudios/OpenUSD/actions/runs/24268022428/job/70867166501
70867166506,24268022428,1,windows,Windows,2026-04-10 23:00:44,2026-04-11 01:01:07,2026-04,cancelled,not_successful,False,120.38333333333334,,"[""windows-2022""]",https://github.com/PixarAnimationStudios/OpenUSD/actions/runs/24268022428/job/70867166506
70867660574,24268190709,1,windows,Windows,2026-04-10 23:06:26,2026-04-11 01:07:31,2026-04,cancelled,not_successful,False,121.08333333333333,,"[""windows-2022""]",https://github.com/PixarAnimationStudios/OpenUSD/actions/runs/24268190709/job/70867660574
70867660576,24268190709,1,wasm32,Wasm (Wasm),2026-04-10 23:06:26,2026-04-11 00:03:57,2026-04,success,included,False,57.516666666666666,,"[""ubuntu-22.04""]",https://github.com/PixarAnimationStudios/OpenUSD/actions/runs/24268190709/job/70867660576
70867660580,24268190709,1,wasm64,Wasm (Wasm64),2026-04-10 23:06:26,2026-04-11 00:04:16,2026-04,success,included,False,57.833333333333336,,"[""ubuntu-22.04""]",https://github.com/PixarAnimationStudios/OpenUSD/actions/runs/24268190709/job/70867660580
70867660583,24268190709,1,linux,Linux,2026-04-10 23:06:26,2026-04-11 00:05:03,2026-04,success,included,False,58.61666666666667,,"[""ubuntu-22.04""]",https://github.com/PixarAnimationStudios/OpenUSD/actions/runs/24268190709/job/70867660583
70867660577,24268190709,1,macos,macOS,2026-04-10 23:06:28,2026-04-10 23:59:23,2026-04,success,included,False,52.916666666666664,,"[""macos-15""]",https://github.com/PixarAnimationStudios/OpenUSD/actions/runs/24268190709/job/70867660577
71119051046,24354848567,1,linux,Linux,2026-04-13 16:34:44,2026-04-13 17:34:24,2026-04,success,included,False,59.666666666666664,,"[""ubuntu-22.04""]",https://github.com/PixarAnimationStudios/OpenUSD/actions/runs/24354848567/job/71119051046
71119051051,24354848567,1,wasm32,Wasm (Wasm),2026-04-13 16:34:44,2026-04-13 17:29:12,2026-04,success,included,False,54.46666666666667,,"[""ubuntu-22.04""]",https://github.com/PixarAnimationStudios/OpenUSD/actions/runs/24354848567/job/71119051051
71119051052,24354848567,1,macos,macOS,2026-04-13 16:34:44,2026-04-13 17:27:17,2026-04,success,included,False,52.55,,"[""macos-15""]",https://github.com/PixarAnimationStudios/OpenUSD/actions/runs/24354848567/job/71119051052
71119051084,24354848567,1,wasm64,Wasm (Wasm64),2026-04-13 16:34:44,2026-04-13 17:32:19,2026-04,success,included,False,57.583333333333336,,"[""ubuntu-22.04""]",https://github.com/PixarAnimationStudios/OpenUSD/actions/runs/24354848567/job/71119051084
71119051067,24354848567,1,windows,Windows,2026-04-13 16:34:45,2026-04-13 18:35:16,2026-04,cancelled,not_successful,False,120.51666666666667,,"[""windows-2022""]",https://github.com/PixarAnimationStudios/OpenUSD/actions/runs/24354848567/job/71119051067
71190243475,24376215412,1,wasm32,Wasm (Wasm),2026-04-14 01:37:54,2026-04-14 02:23:12,2026-04,success,included,False,45.3,,"[""ubuntu-22.04""]",https://github.com/PixarAnimationStudios/OpenUSD/actions/runs/24376215412/job/71190243475
71190243485,24376215412,1,linux,Linux,2026-04-14 01:37:54,2026-04-14 02:35:05,2026-04,success,included,False,57.18333333333333,,"[""ubuntu-22.04""]",https://github.com/PixarAnimationStudios/OpenUSD/actions/runs/24376215412/job/71190243485
71190243502,24376215412,1,windows,Windows,2026-04-14 01:37:54,2026-04-14 03:39:06,2026-04,cancelled,not_successful,False,121.2,,"[""windows-2022""]",https://github.com/PixarAnimationStudios/OpenUSD/actions/runs/24376215412/job/71190243502
71190243496,24376215412,1,macos,macOS,2026-04-14 01:37:55,2026-04-14 02:42:06,2026-04,success,included,False,64.18333333333334,,"[""macos-15""]",https://github.com/PixarAnimationStudios/OpenUSD/actions/runs/24376215412/job/71190243496
71190243500,24376215412,1,wasm64,Wasm (Wasm64),2026-04-14 01:37:55,2026-04-14 02:37:30,2026-04,success,included,False,59.583333333333336,,"[""ubuntu-22.04""]",https://github.com/PixarAnimationStudios/OpenUSD/actions/runs/24376215412/job/71190243500
71360300388,24426087416,1,wasm32,Wasm (Wasm),2026-04-14 22:28:32,2026-04-14 23:25:58,2026-04,success,included,False,57.43333333333333,,"[""ubuntu-22.04""]",https://github.com/PixarAnimationStudios/OpenUSD/actions/runs/24426087416/job/71360300388
71360300394,24426087416,1,wasm64,Wasm (Wasm64),2026-04-14 22:28:32,2026-04-14 23:26:39,2026-04,success,included,False,58.11666666666667,,"[""ubuntu-22.04""]",https://github.com/PixarAnimationStudios/OpenUSD/actions/runs/24426087416/job/71360300394
71360300397,24426087416,1,macos,macOS,2026-04-14 22:28:32,2026-04-14 23:37:23,2026-04,success,included,False,68.85,,"[""macos-15""]",https://github.com/PixarAnimationStudios/OpenUSD/actions/runs/24426087416/job/71360300397
71360300407,24426087416,1,linux,Linux,2026-04-14 22:28:32,2026-04-14 23:28:10,2026-04,success,included,False,59.63333333333333,,"[""ubuntu-22.04""]",https://github.com/PixarAnimationStudios/OpenUSD/actions/runs/24426087416/job/71360300407
71360300425,24426087416,1,windows,Windows,2026-04-14 22:28:32,2026-04-15 00:29:06,2026-04,cancelled,not_successful,False,120.56666666666666,,"[""windows-2022""]",https://github.com/PixarAnimationStudios/OpenUSD/actions/runs/24426087416/job/71360300425
71695384261,24525726969,1,wasm64,Wasm (Wasm64),2026-04-16 17:58:25,2026-04-16 18:53:33,2026-04,failure,not_successful,False,55.13333333333333,,"[""ubuntu-22.04""]",https://github.com/PixarAnimationStudios/OpenUSD/actions/runs/24525726969/job/71695384261
71695384262,24525726969,1,wasm32,Wasm (Wasm),2026-04-16 17:58:25,2026-04-16 18:52:54,2026-04,failure,not_successful,False,54.483333333333334,,"[""ubuntu-22.04""]",https://github.com/PixarAnimationStudios/OpenUSD/actions/runs/24525726969/job/71695384262
71695384300,24525726969,1,linux,Linux,2026-04-16 17:58:25,2026-04-16 18:57:23,2026-04,success,included,False,58.96666666666667,,"[""ubuntu-22.04""]",https://github.com/PixarAnimationStudios/OpenUSD/actions/runs/24525726969/job/71695384300
71695384240,24525726969,1,macos,macOS,2026-04-16 17:58:26,2026-04-16 19:07:53,2026-04,success,included,False,69.45,,"[""macos-15""]",https://github.com/PixarAnimationStudios/OpenUSD/actions/runs/24525726969/job/71695384240
71695384243,24525726969,1,windows,Windows,2026-04-16 17:58:26,2026-04-16 19:58:31,2026-04,cancelled,not_successful,False,120.08333333333333,,"[""windows-2022""]",https://github.com/PixarAnimationStudios/OpenUSD/actions/runs/24525726969/job/71695384243
71809010111,24560886323,1,linux,Linux,2026-04-17 10:38:44,2026-04-17 11:38:34,2026-04,success,included,False,59.833333333333336,,"[""ubuntu-22.04""]",https://github.com/PixarAnimationStudios/OpenUSD/actions/runs/24560886323/job/71809010111
71809010136,24560886323,1,wasm32,Wasm (Wasm),2026-04-17 10:38:44,2026-04-17 11:34:42,2026-04,failure,not_successful,False,55.96666666666667,,"[""ubuntu-22.04""]",https://github.com/PixarAnimationStudios/OpenUSD/actions/runs/24560886323/job/71809010136
71809010147,24560886323,1,windows,Windows,2026-04-17 10:38:44,2026-04-17 12:38:53,2026-04,cancelled,not_successful,False,120.15,,"[""windows-2022""]",https://github.com/PixarAnimationStudios/OpenUSD/actions/runs/24560886323/job/71809010147
71809010157,24560886323,1,wasm64,Wasm (Wasm64),2026-04-17 10:38:44,2026-04-17 11:34:25,2026-04,failure,not_successful,False,55.68333333333333,,"[""ubuntu-22.04""]",https://github.com/PixarAnimationStudios/OpenUSD/actions/runs/24560886323/job/71809010157
71809010180,24560886323,1,macos,macOS,2026-04-17 10:38:45,2026-04-17 11:44:25,2026-04,success,included,False,65.66666666666667,,"[""macos-15""]",https://github.com/PixarAnimationStudios/OpenUSD/actions/runs/24560886323/job/71809010180
72096035286,24657892359,1,windows,Windows,2026-04-20 09:03:45,2026-04-20 11:04:27,2026-04,cancelled,not_successful,True,120.7,119.23333333333333,"[""windows-2022""]",https://github.com/PixarAnimationStudios/OpenUSD/actions/runs/24657892359/job/72096035286
72096035292,24657892359,1,linux,Linux,2026-04-20 09:03:45,2026-04-20 10:03:04,2026-04,success,included,True,59.31666666666667,54.71666666666667,"[""ubuntu-22.04""]",https://github.com/PixarAnimationStudios/OpenUSD/actions/runs/24657892359/job/72096035292
72096035306,24657892359,1,wasm32,Wasm (Wasm),2026-04-20 09:03:46,2026-04-20 09:56:01,2026-04,failure,not_successful,True,52.25,50.46666666666667,"[""ubuntu-22.04""]",https://github.com/PixarAnimationStudios/OpenUSD/actions/runs/24657892359/job/72096035306
72096035308,24657892359,1,macos,macOS,2026-04-20 09:03:46,2026-04-20 10:03:51,2026-04,success,included,True,60.083333333333336,55.1,"[""macos-15""]",https://github.com/PixarAnimationStudios/OpenUSD/actions/runs/24657892359/job/72096035308
72096035294,24657892359,1,wasm64,Wasm (Wasm64),2026-04-20 09:03:47,2026-04-20 10:00:34,2026-04,failure,not_successful,True,56.78333333333333,55.05,"[""ubuntu-22.04""]",https://github.com/PixarAnimationStudios/OpenUSD/actions/runs/24657892359/job/72096035294
72101591666,24659513394,1,wasm64,Wasm (Wasm64),2026-04-20 09:41:07,2026-04-20 10:36:13,2026-04,failure,not_successful,True,55.1,53.35,"[""ubuntu-22.04""]",https://github.com/PixarAnimationStudios/OpenUSD/actions/runs/24659513394/job/72101591666
72101591599,24659513394,1,linux,Linux,2026-04-20 09:41:08,2026-04-20 10:41:47,2026-04,success,included,True,60.65,56.016666666666666,"[""ubuntu-22.04""]",https://github.com/PixarAnimationStudios/OpenUSD/actions/runs/24659513394/job/72101591599
72101591600,24659513394,1,wasm32,Wasm (Wasm),2026-04-20 09:41:08,2026-04-20 10:37:05,2026-04,failure,not_successful,True,55.95,54.15,"[""ubuntu-22.04""]",https://github.com/PixarAnimationStudios/OpenUSD/actions/runs/24659513394/job/72101591600
72101591620,24659513394,1,windows,Windows,2026-04-20 09:41:08,2026-04-20 11:41:12,2026-04,cancelled,not_successful,True,120.06666666666666,117.15,"[""windows-2022""]",https://github.com/PixarAnimationStudios/OpenUSD/actions/runs/24659513394/job/72101591620
72101591587,24659513394,1,macos,macOS,2026-04-20 09:41:09,2026-04-20 10:35:00,2026-04,failure,not_successful,True,53.85,50.31666666666667,"[""macos-15""]",https://github.com/PixarAnimationStudios/OpenUSD/actions/runs/24659513394/job/72101591587
72136354886,24669565108,1,windows,Windows,2026-04-20 13:36:08,2026-04-20 15:37:01,2026-04,cancelled,not_successful,True,120.88333333333334,119.4,"[""windows-2022""]",https://github.com/PixarAnimationStudios/OpenUSD/actions/runs/24669565108/job/72136354886
72136354914,24669565108,1,wasm64,Wasm (Wasm64),2026-04-20 13:36:08,2026-04-20 14:31:56,2026-04,failure,not_successful,True,55.8,54.016666666666666,"[""ubuntu-22.04""]",https://github.com/PixarAnimationStudios/OpenUSD/actions/runs/24669565108/job/72136354914
72136354925,24669565108,1,linux,Linux,2026-04-20 13:36:08,2026-04-20 14:36:33,2026-04,success,included,True,60.416666666666664,55.833333333333336,"[""ubuntu-22.04""]",https://github.com/PixarAnimationStudios/OpenUSD/actions/runs/24669565108/job/72136354925
72136354969,24669565108,1,wasm32,Wasm (Wasm),2026-04-20 13:36:08,2026-04-20 14:31:18,2026-04,failure,not_successful,True,55.166666666666664,53.416666666666664,"[""ubuntu-22.04""]",https://github.com/PixarAnimationStudios/OpenUSD/actions/runs/24669565108/job/72136354969
72136354912,24669565108,1,macos,macOS,2026-04-20 13:36:09,2026-04-20 14:44:51,2026-04,success,included,True,68.7,63.93333333333333,"[""macos-15""]",https://github.com/PixarAnimationStudios/OpenUSD/actions/runs/24669565108/job/72136354912
72746932931,24849817407,1,wasm32,Wasm (Wasm),2026-04-23 17:41:26,2026-04-23 18:36:03,2026-04,failure,not_successful,True,54.61666666666667,52.916666666666664,"[""ubuntu-22.04""]",https://github.com/PixarAnimationStudios/OpenUSD/actions/runs/24849817407/job/72746932931
72746932957,24849817407,1,wasm64,Wasm (Wasm64),2026-04-23 17:41:26,2026-04-23 18:39:59,2026-04,failure,not_successful,True,58.55,56.63333333333333,"[""ubuntu-22.04""]",https://github.com/PixarAnimationStudios/OpenUSD/actions/runs/24849817407/job/72746932957
72746932966,24849817407,1,windows,Windows,2026-04-23 17:41:26,2026-04-23 20:13:17,2026-04,success,included,True,151.85,147.33333333333334,"[""windows-2022""]",https://github.com/PixarAnimationStudios/OpenUSD/actions/runs/24849817407/job/72746932966
72779754610,24849817407,2,windows,Windows,2026-04-23 17:41:26,2026-04-23 20:13:17,2026-04,success,duplicate_execution,True,151.85,147.33333333333334,"[""windows-2022""]",https://github.com/PixarAnimationStudios/OpenUSD/actions/runs/24849817407/job/72779754610
72789286406,24849817407,3,windows,Windows,2026-04-23 17:41:26,2026-04-23 20:13:17,2026-04,success,duplicate_execution,True,151.85,147.33333333333334,"[""windows-2022""]",https://github.com/PixarAnimationStudios/OpenUSD/actions/runs/24849817407/job/72789286406
72746932898,24849817407,1,macos,macOS,2026-04-23 17:41:27,2026-04-23 18:56:47,2026-04,success,included,True,75.33333333333333,70.66666666666667,"[""macos-15""]",https://github.com/PixarAnimationStudios/OpenUSD/actions/runs/24849817407/job/72746932898
72746933021,24849817407,1,linux,Linux,2026-04-23 17:41:27,2026-04-23 18:35:15,2026-04,success,included,True,53.8,48.86666666666667,"[""ubuntu-22.04""]",https://github.com/PixarAnimationStudios/OpenUSD/actions/runs/24849817407/job/72746933021
72779754495,24849817407,2,macos,macOS,2026-04-23 17:41:27,2026-04-23 18:56:47,2026-04,success,duplicate_execution,True,75.33333333333333,70.66666666666667,"[""macos-15""]",https://github.com/PixarAnimationStudios/OpenUSD/actions/runs/24849817407/job/72779754495
72779754712,24849817407,2,linux,Linux,2026-04-23 17:41:27,2026-04-23 18:35:15,2026-04,success,duplicate_execution,True,53.8,48.86666666666667,"[""ubuntu-22.04""]",https://github.com/PixarAnimationStudios/OpenUSD/actions/runs/24849817407/job/72779754712
72789286488,24849817407,3,linux,Linux,2026-04-23 17:41:27,2026-04-23 18:35:15,2026-04,success,duplicate_execution,True,53.8,48.86666666666667,"[""ubuntu-22.04""]",https://github.com/PixarAnimationStudios/OpenUSD/actions/runs/24849817407/job/72789286488
72789302050,24849817407,3,macos,macOS,2026-04-23 17:41:27,2026-04-23 18:56:47,2026-04,success,duplicate_execution,True,75.33333333333333,70.66666666666667,"[""macos-15""]",https://github.com/PixarAnimationStudios/OpenUSD/actions/runs/24849817407/job/72789302050
72777848108,24858521538,1,wasm64,Wasm (Wasm64),2026-04-23 20:58:58,2026-04-23 21:53:11,2026-04,failure,not_successful,True,54.21666666666667,52.416666666666664,"[""ubuntu-22.04""]",https://github.com/PixarAnimationStudios/OpenUSD/actions/runs/24858521538/job/72777848108
72777848114,24858521538,1,wasm32,Wasm (Wasm),2026-04-23 20:58:58,2026-04-23 21:54:31,2026-04,failure,not_successful,True,55.55,53.75,"[""ubuntu-22.04""]",https://github.com/PixarAnimationStudios/OpenUSD/actions/runs/24858521538/job/72777848114
72777848118,24858521538,1,linux,Linux,2026-04-23 20:58:58,2026-04-23 21:46:10,2026-04,success,included,True,47.2,43.016666666666666,"[""ubuntu-22.04""]",https://github.com/PixarAnimationStudios/OpenUSD/actions/runs/24858521538/job/72777848118
72777848119,24858521538,1,windows,Windows,2026-04-23 20:58:59,2026-04-23 23:39:25,2026-04,success,included,True,160.43333333333334,155.66666666666666,"[""windows-2022""]",https://github.com/PixarAnimationStudios/OpenUSD/actions/runs/24858521538/job/72777848119
72777848125,24858521538,1,macos,macOS,2026-04-23 20:58:59,2026-04-23 22:00:09,2026-04,failure,not_successful,True,61.166666666666664,57.0,"[""macos-15""]",https://github.com/PixarAnimationStudios/OpenUSD/actions/runs/24858521538/job/72777848125
72779754169,24849817407,2,wasm64,Wasm (Wasm64),2026-04-23 21:11:59,2026-04-23 22:06:33,2026-04,failure,not_successful,True,54.56666666666667,52.88333333333333,"[""ubuntu-22.04""]",https://github.com/PixarAnimationStudios/OpenUSD/actions/runs/24849817407/job/72779754169
72779754143,24849817407,2,wasm32,Wasm (Wasm),2026-04-23 21:12:01,2026-04-23 22:04:33,2026-04,failure,not_successful,True,52.53333333333333,50.733333333333334,"[""ubuntu-22.04""]",https://github.com/PixarAnimationStudios/OpenUSD/actions/runs/24849817407/job/72779754143
72789286155,24849817407,3,wasm64,Wasm (Wasm64),2026-04-23 22:25:26,2026-04-23 23:20:18,2026-04,failure,not_successful,True,54.86666666666667,53.233333333333334,"[""ubuntu-22.04""]",https://github.com/PixarAnimationStudios/OpenUSD/actions/runs/24849817407/job/72789286155
72789286164,24849817407,3,wasm32,Wasm (Wasm),2026-04-23 22:25:26,2026-04-23 23:18:56,2026-04,failure,not_successful,True,53.5,51.9,"[""ubuntu-22.04""]",https://github.com/PixarAnimationStudios/OpenUSD/actions/runs/24849817407/job/72789286164
72936726565,24906378735,1,windows,Windows,2026-04-24 18:49:55,2026-04-24 21:32:20,2026-04,success,included,True,162.41666666666666,157.65,"[""windows-2022""]",https://github.com/PixarAnimationStudios/OpenUSD/actions/runs/24906378735/job/72936726565
73247969715,24906378735,2,windows,Windows,2026-04-24 18:49:55,2026-04-24 21:32:20,2026-04,success,duplicate_execution,True,162.41666666666666,157.65,"[""windows-2022""]",https://github.com/PixarAnimationStudios/OpenUSD/actions/runs/24906378735/job/73247969715
72936726572,24906378735,1,macos,macOS,2026-04-24 18:49:56,2026-04-24 19:40:06,2026-04,success,included,True,50.166666666666664,46.983333333333334,"[""macos-15""]",https://github.com/PixarAnimationStudios/OpenUSD/actions/runs/24906378735/job/72936726572
72936726576,24906378735,1,linux,Linux,2026-04-24 18:49:56,2026-04-24 19:59:15,2026-04,success,included,True,69.31666666666666,63.88333333333333,"[""ubuntu-22.04""]",https://github.com/PixarAnimationStudios/OpenUSD/actions/runs/24906378735/job/72936726576
72936726596,24906378735,1,wasm32,Wasm (Wasm),2026-04-24 18:49:56,2026-04-24 19:44:53,2026-04,failure,not_successful,True,54.95,53.21666666666667,"[""ubuntu-22.04""]",https://github.com/PixarAnimationStudios/OpenUSD/actions/runs/24906378735/job/72936726596
72936726598,24906378735,1,wasm64,Wasm (Wasm64),2026-04-24 18:49:56,2026-04-24 19:41:39,2026-04,failure,not_successful,True,51.71666666666667,49.95,"[""ubuntu-22.04""]",https://github.com/PixarAnimationStudios/OpenUSD/actions/runs/24906378735/job/72936726598
73247970077,24906378735,2,linux,Linux,2026-04-24 18:49:56,2026-04-24 19:59:15,2026-04,success,duplicate_execution,True,69.31666666666666,63.88333333333333,"[""ubuntu-22.04""]",https://github.com/PixarAnimationStudios/OpenUSD/actions/runs/24906378735/job/73247970077
73247994224,24906378735,2,macos,macOS,2026-04-24 18:49:56,2026-04-24 19:40:06,2026-04,success,duplicate_execution,True,50.166666666666664,46.983333333333334,"[""macos-15""]",https://github.com/PixarAnimationStudios/OpenUSD/actions/runs/24906378735/job/73247994224
72939096038,24907067951,1,linux,Linux,2026-04-24 19:06:48,2026-04-24 20:15:21,2026-04,success,included,True,68.55,63.2,"[""ubuntu-22.04""]",https://github.com/PixarAnimationStudios/OpenUSD/actions/runs/24907067951/job/72939096038
73247905283,24907067951,2,linux,Linux,2026-04-24 19:06:48,2026-04-24 20:15:21,2026-04,success,duplicate_execution,True,68.55,63.2,"[""ubuntu-22.04""]",https://github.com/PixarAnimationStudios/OpenUSD/actions/runs/24907067951/job/73247905283
73712807218,24907067951,3,linux,Linux,2026-04-24 19:06:48,2026-04-24 20:15:21,2026-04,success,duplicate_execution,True,68.55,63.2,"[""ubuntu-22.04""]",https://github.com/PixarAnimationStudios/OpenUSD/actions/runs/24907067951/job/73712807218
72939096041,24907067951,1,windows,Windows,2026-04-24 19:06:49,2026-04-24 21:47:16,2026-04,success,included,True,160.45,155.66666666666666,"[""windows-2022""]",https://github.com/PixarAnimationStudios/OpenUSD/actions/runs/24907067951/job/72939096041
72939096044,24907067951,1,wasm32,Wasm (Wasm),2026-04-24 19:06:49,2026-04-24 19:58:50,2026-04,failure,not_successful,True,52.016666666666666,50.3,"[""ubuntu-22.04""]",https://github.com/PixarAnimationStudios/OpenUSD/actions/runs/24907067951/job/72939096044
72939096067,24907067951,1,wasm64,Wasm (Wasm64),2026-04-24 19:06:49,2026-04-24 20:02:03,2026-04,failure,not_successful,True,55.233333333333334,53.483333333333334,"[""ubuntu-22.04""]",https://github.com/PixarAnimationStudios/OpenUSD/actions/runs/24907067951/job/72939096067
73247905141,24907067951,2,windows,Windows,2026-04-24 19:06:49,2026-04-24 21:47:16,2026-04,success,duplicate_execution,True,160.45,155.66666666666666,"[""windows-2022""]",https://github.com/PixarAnimationStudios/OpenUSD/actions/runs/24907067951/job/73247905141
73712807111,24907067951,3,windows,Windows,2026-04-24 19:06:49,2026-04-24 21:47:16,2026-04,success,duplicate_execution,True,160.45,155.66666666666666,"[""windows-2022""]",https://github.com/PixarAnimationStudios/OpenUSD/actions/runs/24907067951/job/73712807111
72939096164,24907067951,1,macos,macOS,2026-04-24 19:06:50,2026-04-24 20:00:36,2026-04,failure,not_successful,True,53.766666666666666,49.78333333333333,"[""macos-15""]",https://github.com/PixarAnimationStudios/OpenUSD/actions/runs/24907067951/job/72939096164
73247904751,24907067951,2,wasm32,Wasm (Wasm),2026-04-27 18:04:51,2026-04-27 19:02:59,2026-04,failure,not_successful,True,58.13333333333333,56.31666666666667,"[""ubuntu-22.04""]",https://github.com/PixarAnimationStudios/OpenUSD/actions/runs/24907067951/job/73247904751
73247904754,24907067951,2,wasm64,Wasm (Wasm64),2026-04-27 18:04:51,2026-04-27 18:58:54,2026-04,failure,not_successful,True,54.05,52.2,"[""ubuntu-22.04""]",https://github.com/PixarAnimationStudios/OpenUSD/actions/runs/24907067951/job/73247904754
73247904749,24907067951,2,macos,macOS,2026-04-27 18:04:52,2026-04-27 18:48:41,2026-04,success,included,True,43.81666666666667,40.5,"[""macos-15""]",https://github.com/PixarAnimationStudios/OpenUSD/actions/runs/24907067951/job/73247904749
73712814805,24907067951,3,macos,macOS,2026-04-27 18:04:52,2026-04-27 18:48:41,2026-04,success,duplicate_execution,True,43.81666666666667,40.5,"[""macos-15""]",https://github.com/PixarAnimationStudios/OpenUSD/actions/runs/24907067951/job/73712814805
73247969337,24906378735,2,wasm32,Wasm (Wasm),2026-04-27 18:05:16,2026-04-27 18:56:45,2026-04,failure,not_successful,True,51.483333333333334,49.63333333333333,"[""ubuntu-22.04""]",https://github.com/PixarAnimationStudios/OpenUSD/actions/runs/24906378735/job/73247969337
73247969422,24906378735,2,wasm64,Wasm (Wasm64),2026-04-27 18:05:17,2026-04-27 19:01:08,2026-04,failure,not_successful,True,55.85,54.11666666666667,"[""ubuntu-22.04""]",https://github.com/PixarAnimationStudios/OpenUSD/actions/runs/24906378735/job/73247969422
73433567218,25066078213,1,wasm32,Wasm (Wasm),2026-04-28 16:51:07,2026-04-28 17:46:53,2026-04,failure,not_successful,True,55.766666666666666,53.88333333333333,"[""ubuntu-22.04""]",https://github.com/PixarAnimationStudios/OpenUSD/actions/runs/25066078213/job/73433567218
73433567219,25066078213,1,windows,Windows,2026-04-28 16:51:07,2026-04-28 19:31:04,2026-04,success,included,True,159.95,154.83333333333334,"[""windows-2022""]",https://github.com/PixarAnimationStudios/OpenUSD/actions/runs/25066078213/job/73433567219
73433567265,25066078213,1,linux,Linux,2026-04-28 16:51:07,2026-04-28 17:50:14,2026-04,success,included,True,59.11666666666667,54.86666666666667,"[""ubuntu-22.04""]",https://github.com/PixarAnimationStudios/OpenUSD/actions/runs/25066078213/job/73433567265
73433567269,25066078213,1,macos,macOS,2026-04-28 16:51:07,2026-04-28 18:01:12,2026-04,success,included,True,70.08333333333333,65.18333333333334,"[""macos-15""]",https://github.com/PixarAnimationStudios/OpenUSD/actions/runs/25066078213/job/73433567269
73433567363,25066078213,1,wasm64,Wasm (Wasm64),2026-04-28 16:51:07,2026-04-28 17:46:37,2026-04,failure,not_successful,True,55.5,53.15,"[""ubuntu-22.04""]",https://github.com/PixarAnimationStudios/OpenUSD/actions/runs/25066078213/job/73433567363
73434376411,25066304004,1,linux,Linux,2026-04-28 16:55:51,2026-04-28 16:55:51,2026-04,skipped,not_successful,False,,,"[""ubuntu-22.04""]",https://github.com/PixarAnimationStudios/OpenUSD/actions/runs/25066304004/job/73434376411
73434376480,25066304004,1,wasm32,Wasm,2026-04-28 16:55:51,2026-04-28 16:55:51,2026-04,skipped,not_successful,False,,,"[""ubuntu-22.04""]",https://github.com/PixarAnimationStudios/OpenUSD/actions/runs/25066304004/job/73434376480
73434376693,25066304004,1,windows,Windows,2026-04-28 16:55:51,2026-04-28 16:55:51,2026-04,skipped,not_successful,False,,,"[""windows-2022""]",https://github.com/PixarAnimationStudios/OpenUSD/actions/runs/25066304004/job/73434376693
73434376714,25066304004,1,macos,macOS,2026-04-28 16:55:51,2026-04-28 16:55:51,2026-04,skipped,not_successful,False,,,"[""macos-15""]",https://github.com/PixarAnimationStudios/OpenUSD/actions/runs/25066304004/job/73434376714
73453258397,25071633118,1,windows,Windows,2026-04-28 18:52:06,2026-04-28 21:26:33,2026-04,success,included,True,154.45,149.86666666666667,"[""windows-2022""]",https://github.com/PixarAnimationStudios/OpenUSD/actions/runs/25071633118/job/73453258397
73453258417,25071633118,1,macos,macOS,2026-04-28 18:52:06,2026-04-28 19:37:01,2026-04,success,included,True,44.916666666666664,41.61666666666667,"[""macos-15""]",https://github.com/PixarAnimationStudios/OpenUSD/actions/runs/25071633118/job/73453258417
73453258424,25071633118,1,wasm64,Wasm (Wasm64),2026-04-28 18:52:06,2026-04-28 19:48:26,2026-04,failure,not_successful,True,56.333333333333336,54.68333333333333,"[""ubuntu-22.04""]",https://github.com/PixarAnimationStudios/OpenUSD/actions/runs/25071633118/job/73453258424
73453258445,25071633118,1,linux,Linux,2026-04-28 18:52:06,2026-04-28 20:00:15,2026-04,success,included,True,68.15,63.05,"[""ubuntu-22.04""]",https://github.com/PixarAnimationStudios/OpenUSD/actions/runs/25071633118/job/73453258445
73712797685,25071633118,2,windows,Windows,2026-04-28 18:52:06,2026-04-28 21:26:33,2026-04,success,duplicate_execution,True,154.45,149.86666666666667,"[""windows-2022""]",https://github.com/PixarAnimationStudios/OpenUSD/actions/runs/25071633118/job/73712797685
73712797931,25071633118,2,linux,Linux,2026-04-28 18:52:06,2026-04-28 20:00:15,2026-04,success,duplicate_execution,True,68.15,63.05,"[""ubuntu-22.04""]",https://github.com/PixarAnimationStudios/OpenUSD/actions/runs/25071633118/job/73712797931
73712797935,25071633118,2,macos,macOS,2026-04-28 18:52:06,2026-04-28 19:37:01,2026-04,success,duplicate_execution,True,44.916666666666664,41.61666666666667,"[""macos-15""]",https://github.com/PixarAnimationStudios/OpenUSD/actions/runs/25071633118/job/73712797935
73453258438,25071633118,1,wasm32,Wasm (Wasm),2026-04-28 18:52:07,2026-04-28 19:43:55,2026-04,failure,not_successful,True,51.8,49.983333333333334,"[""ubuntu-22.04""]",https://github.com/PixarAnimationStudios/OpenUSD/actions/runs/25071633118/job/73453258438
73712797557,25071633118,2,wasm32,Wasm (Wasm),2026-04-30 05:01:44,2026-04-30 05:53:17,2026-04,success,included,True,51.55,49.85,"[""ubuntu-22.04""]",https://github.com/PixarAnimationStudios/OpenUSD/actions/runs/25071633118/job/73712797557
73712797570,25071633118,2,wasm64,Wasm (Wasm64),2026-04-30 05:01:44,2026-04-30 05:53:39,2026-04,success,included,True,51.916666666666664,50.166666666666664,"[""ubuntu-22.04""]",https://github.com/PixarAnimationStudios/OpenUSD/actions/runs/25071633118/job/73712797570
73712806918,24907067951,3,wasm32,Wasm (Wasm),2026-04-30 05:01:50,2026-04-30 05:42:10,2026-04,success,included,True,40.333333333333336,38.85,"[""ubuntu-22.04""]",https://github.com/PixarAnimationStudios/OpenUSD/actions/runs/24907067951/job/73712806918
73712806928,24907067951,3,wasm64,Wasm (Wasm64),2026-04-30 05:01:56,2026-04-30 05:55:00,2026-04,success,included,True,53.06666666666667,51.31666666666667,"[""ubuntu-22.04""]",https://github.com/PixarAnimationStudios/OpenUSD/actions/runs/24907067951/job/73712806928
73738304813,25156106019,1,wasm32,Wasm (Wasm),2026-04-30 08:44:57,2026-04-30 09:36:27,2026-04,success,included,True,51.5,49.8,"[""ubuntu-22.04""]",https://github.com/PixarAnimationStudios/OpenUSD/actions/runs/25156106019/job/73738304813
73738304769,25156106019,1,macos,macOS,2026-04-30 08:44:58,2026-04-30 09:52:54,2026-04,success,included,True,67.93333333333334,63.233333333333334,"[""macos-15""]",https://github.com/PixarAnimationStudios/OpenUSD/actions/runs/25156106019/job/73738304769
73738304687,25156106019,1,windows,Windows,2026-04-30 08:45:00,2026-04-30 11:26:39,2026-04,success,included,True,161.65,156.13333333333333,"[""windows-2022""]",https://github.com/PixarAnimationStudios/OpenUSD/actions/runs/25156106019/job/73738304687
73738304727,25156106019,1,linux,Linux,2026-04-30 08:45:03,2026-04-30 09:47:28,2026-04,success,included,True,62.416666666666664,57.85,"[""ubuntu-22.04""]",https://github.com/PixarAnimationStudios/OpenUSD/actions/runs/25156106019/job/73738304727
73738304758,25156106019,1,wasm64,Wasm (Wasm64),2026-04-30 08:45:07,2026-04-30 09:39:16,2026-04,success,included,True,54.15,52.416666666666664,"[""ubuntu-22.04""]",https://github.com/PixarAnimationStudios/OpenUSD/actions/runs/25156106019/job/73738304758
73789416292,25170782437,1,wasm32,Wasm (Wasm),2026-04-30 14:23:09,2026-04-30 15:19:17,2026-04,success,included,True,56.13333333333333,54.18333333333333,"[""ubuntu-22.04""]",https://github.com/PixarAnimationStudios/OpenUSD/actions/runs/25170782437/job/73789416292
73789416229,25170782437,1,linux,Linux,2026-04-30 14:23:10,2026-04-30 15:22:53,2026-04,success,included,True,59.71666666666667,55.36666666666667,"[""ubuntu-22.04""]",https://github.com/PixarAnimationStudios/OpenUSD/actions/runs/25170782437/job/73789416229
73789416231,25170782437,1,macos,macOS,2026-04-30 14:23:10,2026-04-30 15:25:56,2026-04,success,included,True,62.766666666666666,58.833333333333336,"[""macos-15""]",https://github.com/PixarAnimationStudios/OpenUSD/actions/runs/25170782437/job/73789416231
73789416275,25170782437,1,windows,Windows,2026-04-30 14:23:13,2026-04-30 16:27:05,2026-04,success,included,True,123.86666666666666,118.06666666666666,"[""windows-2022""]",https://github.com/PixarAnimationStudios/OpenUSD/actions/runs/25170782437/job/73789416275
73789416257,25170782437,1,wasm64,Wasm (Wasm64),2026-04-30 14:23:16,2026-04-30 15:19:03,2026-04,success,included,True,55.78333333333333,53.9,"[""ubuntu-22.04""]",https://github.com/PixarAnimationStudios/OpenUSD/actions/runs/25170782437/job/73789416257
73981547423,25229568126,1,macos,macOS,2026-05-01 19:30:43,2026-05-01 20:19:12,2026-05,failure,not_successful,True,48.483333333333334,45.13333333333333,"[""macos-15""]",https://github.com/PixarAnimationStudios/OpenUSD/actions/runs/25229568126/job/73981547423
73981547456,25229568126,1,windows,Windows,2026-05-01 19:30:43,2026-05-01 21:29:21,2026-05,failure,not_successful,True,118.63333333333334,117.11666666666666,"[""windows-2022""]",https://github.com/PixarAnimationStudios/OpenUSD/actions/runs/25229568126/job/73981547456
73981547457,25229568126,1,linux,Linux,2026-05-01 19:30:43,2026-05-01 20:30:42,2026-05,success,included,True,59.983333333333334,55.61666666666667,"[""ubuntu-22.04""]",https://github.com/PixarAnimationStudios/OpenUSD/actions/runs/25229568126/job/73981547457
73981547460,25229568126,1,wasm32,Wasm (Wasm),2026-05-01 19:30:43,2026-05-01 20:23:06,2026-05,success,included,True,52.38333333333333,50.6,"[""ubuntu-22.04""]",https://github.com/PixarAnimationStudios/OpenUSD/actions/runs/25229568126/job/73981547460
73981547444,25229568126,1,wasm64,Wasm (Wasm64),2026-05-01 19:30:50,2026-05-01 20:25:59,2026-05,success,included,True,55.15,53.45,"[""ubuntu-22.04""]",https://github.com/PixarAnimationStudios/OpenUSD/actions/runs/25229568126/job/73981547444
73996891816,25234281644,1,linux,Linux,2026-05-01 21:38:20,2026-05-01 22:41:12,2026-05,success,included,True,62.86666666666667,58.3,"[""ubuntu-22.04""]",https://github.com/PixarAnimationStudios/OpenUSD/actions/runs/25234281644/job/73996891816
73996891861,25234281644,1,wasm64,Wasm (Wasm64),2026-05-01 21:38:20,2026-05-01 22:30:55,2026-05,success,included,True,52.583333333333336,50.88333333333333,"[""ubuntu-22.04""]",https://github.com/PixarAnimationStudios/OpenUSD/actions/runs/25234281644/job/73996891861
73996891820,25234281644,1,windows,Windows,2026-05-01 21:38:21,2026-05-02 00:11:13,2026-05,success,included,True,152.86666666666667,148.4,"[""windows-2022""]",https://github.com/PixarAnimationStudios/OpenUSD/actions/runs/25234281644/job/73996891820
73996891821,25234281644,1,macos,macOS,2026-05-01 21:38:22,2026-05-01 22:48:52,2026-05,success,included,True,70.5,66.25,"[""macos-15""]",https://github.com/PixarAnimationStudios/OpenUSD/actions/runs/25234281644/job/73996891821
73996891847,25234281644,1,wasm32,Wasm (Wasm),2026-05-01 21:38:27,2026-05-01 22:36:12,2026-05,success,included,True,57.75,55.86666666666667,"[""ubuntu-22.04""]",https://github.com/PixarAnimationStudios/OpenUSD/actions/runs/25234281644/job/73996891847
74455942141,25388376166,1,windows,Windows,2026-05-05 16:19:25,2026-05-05 18:19:44,2026-05,success,included,True,120.31666666666666,116.43333333333334,"[""windows-2022""]",https://github.com/PixarAnimationStudios/OpenUSD/actions/runs/25388376166/job/74455942141
74455942149,25388376166,1,macos,macOS,2026-05-05 16:19:25,2026-05-05 17:13:30,2026-05,success,included,True,54.083333333333336,49.483333333333334,"[""macos-15""]",https://github.com/PixarAnimationStudios/OpenUSD/actions/runs/25388376166/job/74455942149
74455942193,25388376166,1,linux,Linux,2026-05-05 16:19:26,2026-05-05 17:23:25,2026-05,success,included,True,63.983333333333334,57.8,"[""ubuntu-22.04""]",https://github.com/PixarAnimationStudios/OpenUSD/actions/runs/25388376166/job/74455942193
74455942277,25388376166,1,wasm64,Wasm (Wasm64),2026-05-05 16:19:26,2026-05-05 17:11:18,2026-05,success,included,True,51.86666666666667,50.11666666666667,"[""ubuntu-22.04""]",https://github.com/PixarAnimationStudios/OpenUSD/actions/runs/25388376166/job/74455942277
74455942228,25388376166,1,wasm32,Wasm (Wasm),2026-05-05 16:19:32,2026-05-05 17:14:26,2026-05,success,included,True,54.9,53.13333333333333,"[""ubuntu-22.04""]",https://github.com/PixarAnimationStudios/OpenUSD/actions/runs/25388376166/job/74455942228
74456464995,25388521013,1,windows,Windows,2026-05-05 16:22:26,2026-05-05 19:06:44,2026-05,success,included,True,164.3,159.08333333333334,"[""windows-2022""]",https://github.com/PixarAnimationStudios/OpenUSD/actions/runs/25388521013/job/74456464995
74456465040,25388521013,1,macos,macOS,2026-05-05 16:22:26,2026-05-05 17:18:55,2026-05,success,included,True,56.483333333333334,52.766666666666666,"[""macos-15""]",https://github.com/PixarAnimationStudios/OpenUSD/actions/runs/25388521013/job/74456465040
74456465010,25388521013,1,linux,Linux,2026-05-05 16:22:31,2026-05-05 17:24:38,2026-05,success,included,True,62.11666666666667,56.416666666666664,"[""ubuntu-22.04""]",https://github.com/PixarAnimationStudios/OpenUSD/actions/runs/25388521013/job/74456465010
74456464984,25388521013,1,wasm32,Wasm (Wasm),2026-05-05 16:22:32,2026-05-05 17:17:18,2026-05,success,included,True,54.766666666666666,52.93333333333333,"[""ubuntu-22.04""]",https://github.com/PixarAnimationStudios/OpenUSD/actions/runs/25388521013/job/74456464984
74456464994,25388521013,1,wasm64,Wasm (Wasm64),2026-05-05 16:22:32,2026-05-05 17:16:02,2026-05,success,included,True,53.5,51.583333333333336,"[""ubuntu-22.04""]",https://github.com/PixarAnimationStudios/OpenUSD/actions/runs/25388521013/job/74456464994
74456965940,25388671899,1,windows,Windows,2026-05-05 16:25:15,2026-05-05 17:57:43,2026-05,failure,not_successful,True,92.46666666666667,91.0,"[""windows-2022""]",https://github.com/PixarAnimationStudios/OpenUSD/actions/runs/25388671899/job/74456965940
74456965929,25388671899,1,wasm32,Wasm (Wasm),2026-05-05 16:25:16,2026-05-05 17:15:59,2026-05,success,included,True,50.71666666666667,48.833333333333336,"[""ubuntu-22.04""]",https://github.com/PixarAnimationStudios/OpenUSD/actions/runs/25388671899/job/74456965929
74456965864,25388671899,1,macos,macOS,2026-05-05 16:25:17,2026-05-05 17:24:47,2026-05,failure,not_successful,True,59.5,58.733333333333334,"[""macos-15""]",https://github.com/PixarAnimationStudios/OpenUSD/actions/runs/25388671899/job/74456965864
74456965983,25388671899,1,linux,Linux,2026-05-05 16:25:22,2026-05-05 17:21:03,2026-05,failure,not_successful,True,55.68333333333333,52.516666666666666,"[""ubuntu-22.04""]",https://github.com/PixarAnimationStudios/OpenUSD/actions/runs/25388671899/job/74456965983
74456966080,25388671899,1,wasm64,Wasm (Wasm64),2026-05-05 16:25:22,2026-05-05 17:20:59,2026-05,success,included,True,55.61666666666667,53.61666666666667,"[""ubuntu-22.04""]",https://github.com/PixarAnimationStudios/OpenUSD/actions/runs/25388671899/job/74456966080
74858987025,25508002176,1,macos,macOS,2026-05-07 16:16:43,2026-05-07 17:24:51,2026-05,success,included,True,68.13333333333334,62.266666666666666,"[""macos-15""]",https://github.com/PixarAnimationStudios/OpenUSD/actions/runs/25508002176/job/74858987025
74858987052,25508002176,1,linux,Linux,2026-05-07 16:16:43,2026-05-07 17:16:35,2026-05,success,included,True,59.86666666666667,55.05,"[""ubuntu-22.04""]",https://github.com/PixarAnimationStudios/OpenUSD/actions/runs/25508002176/job/74858987052
74858987054,25508002176,1,windows,Windows,2026-05-07 16:16:44,2026-05-07 18:47:13,2026-05,success,included,True,150.48333333333332,146.11666666666667,"[""windows-2022""]",https://github.com/PixarAnimationStudios/OpenUSD/actions/runs/25508002176/job/74858987054
74858987019,25508002176,1,wasm64,Wasm (Wasm64),2026-05-07 16:16:49,2026-05-07 17:11:18,2026-05,success,included,True,54.483333333333334,52.55,"[""ubuntu-22.04""]",https://github.com/PixarAnimationStudios/OpenUSD/actions/runs/25508002176/job/74858987019
74858987036,25508002176,1,wasm32,Wasm (Wasm),2026-05-07 16:16:52,2026-05-07 17:11:16,2026-05,success,included,True,54.4,52.61666666666667,"[""ubuntu-22.04""]",https://github.com/PixarAnimationStudios/OpenUSD/actions/runs/25508002176/job/74858987036
74859795182,25508231378,1,linux,Linux,2026-05-07 16:21:11,2026-05-07 17:25:16,2026-05,success,included,True,64.08333333333333,58.96666666666667,"[""ubuntu-22.04""]",https://github.com/PixarAnimationStudios/OpenUSD/actions/runs/25508231378/job/74859795182
74859795254,25508231378,1,macos,macOS,2026-05-07 16:21:11,2026-05-07 17:30:19,2026-05,success,included,True,69.13333333333334,63.766666666666666,"[""macos-15""]",https://github.com/PixarAnimationStudios/OpenUSD/actions/runs/25508231378/job/74859795254
74859795249,25508231378,1,windows,Windows,2026-05-07 16:21:12,2026-05-07 19:04:08,2026-05,success,included,True,162.93333333333334,157.41666666666666,"[""windows-2022""]",https://github.com/PixarAnimationStudios/OpenUSD/actions/runs/25508231378/job/74859795249
74859795160,25508231378,1,wasm64,Wasm (Wasm64),2026-05-07 16:21:17,2026-05-07 17:17:57,2026-05,success,included,True,56.666666666666664,54.86666666666667,"[""ubuntu-22.04""]",https://github.com/PixarAnimationStudios/OpenUSD/actions/runs/25508231378/job/74859795160
74859795281,25508231378,1,wasm32,Wasm (Wasm),2026-05-07 16:21:17,2026-05-07 17:12:55,2026-05,success,included,True,51.63333333333333,49.88333333333333,"[""ubuntu-22.04""]",https://github.com/PixarAnimationStudios/OpenUSD/actions/runs/25508231378/job/74859795281
74860613516,25508467551,1,wasm64,Wasm (Wasm64),2026-05-07 16:25:41,2026-05-07 17:21:44,2026-05,success,included,True,56.05,54.4,"[""ubuntu-22.04""]",https://github.com/PixarAnimationStudios/OpenUSD/actions/runs/25508467551/job/74860613516
74860613612,25508467551,1,linux,Linux,2026-05-07 16:25:41,2026-05-07 17:28:43,2026-05,success,included,True,63.03333333333333,58.18333333333333,"[""ubuntu-22.04""]",https://github.com/PixarAnimationStudios/OpenUSD/actions/runs/25508467551/job/74860613612
74860613510,25508467551,1,windows,Windows,2026-05-07 16:25:42,2026-05-07 19:06:49,2026-05,success,included,True,161.11666666666667,156.08333333333334,"[""windows-2022""]",https://github.com/PixarAnimationStudios/OpenUSD/actions/runs/25508467551/job/74860613510
74860613622,25508467551,1,macos,macOS,2026-05-07 16:25:43,2026-05-07 17:42:28,2026-05,success,included,True,76.75,71.56666666666666,"[""macos-15""]",https://github.com/PixarAnimationStudios/OpenUSD/actions/runs/25508467551/job/74860613622
74860613561,25508467551,1,wasm32,Wasm (Wasm),2026-05-07 16:25:48,2026-05-07 17:19:28,2026-05,success,included,True,53.666666666666664,51.93333333333333,"[""ubuntu-22.04""]",https://github.com/PixarAnimationStudios/OpenUSD/actions/runs/25508467551/job/74860613561
74911235099,25522855952,1,macos,macOS,2026-05-07 21:23:37,2026-05-07 22:29:00,2026-05,success,included,True,65.38333333333334,61.96666666666667,"[""macos-15""]",https://github.com/PixarAnimationStudios/OpenUSD/actions/runs/25522855952/job/74911235099
74911235117,25522855952,1,windows,Windows,2026-05-07 21:23:37,2026-05-08 00:05:53,2026-05,success,included,True,162.26666666666668,157.61666666666667,"[""windows-2022""]",https://github.com/PixarAnimationStudios/OpenUSD/actions/runs/25522855952/job/74911235117
74911235130,25522855952,1,wasm32,Wasm (Wasm),2026-05-07 21:23:37,2026-05-07 22:15:44,2026-05,success,included,True,52.11666666666667,50.5,"[""ubuntu-22.04""]",https://github.com/PixarAnimationStudios/OpenUSD/actions/runs/25522855952/job/74911235130
75397602199,25522855952,2,wasm32,Wasm (Wasm),2026-05-07 21:23:37,2026-05-07 22:15:44,2026-05,success,duplicate_execution,True,52.11666666666667,50.5,"[""ubuntu-22.04""]",https://github.com/PixarAnimationStudios/OpenUSD/actions/runs/25522855952/job/75397602199
75397609756,25522855952,2,windows,Windows,2026-05-07 21:23:37,2026-05-08 00:05:53,2026-05,success,duplicate_execution,True,162.26666666666668,157.61666666666667,"[""windows-2022""]",https://github.com/PixarAnimationStudios/OpenUSD/actions/runs/25522855952/job/75397609756
75397610121,25522855952,2,macos,macOS,2026-05-07 21:23:37,2026-05-07 22:29:00,2026-05,success,duplicate_execution,True,65.38333333333334,61.96666666666667,"[""macos-15""]",https://github.com/PixarAnimationStudios/OpenUSD/actions/runs/25522855952/job/75397610121
75399607213,25522855952,3,wasm32,Wasm (Wasm),2026-05-07 21:23:37,2026-05-07 22:15:44,2026-05,success,duplicate_execution,True,52.11666666666667,50.5,"[""ubuntu-22.04""]",https://github.com/PixarAnimationStudios/OpenUSD/actions/runs/25522855952/job/75399607213
75399607278,25522855952,3,windows,Windows,2026-05-07 21:23:37,2026-05-08 00:05:53,2026-05,success,duplicate_execution,True,162.26666666666668,157.61666666666667,"[""windows-2022""]",https://github.com/PixarAnimationStudios/OpenUSD/actions/runs/25522855952/job/75399607278
75399607551,25522855952,3,macos,macOS,2026-05-07 21:23:37,2026-05-07 22:29:00,2026-05,success,duplicate_execution,True,65.38333333333334,61.96666666666667,"[""macos-15""]",https://github.com/PixarAnimationStudios/OpenUSD/actions/runs/25522855952/job/75399607551
74911235101,25522855952,1,wasm64,Wasm (Wasm64),2026-05-07 21:23:43,2026-05-07 22:20:13,2026-05,success,included,True,56.5,54.666666666666664,"[""ubuntu-22.04""]",https://github.com/PixarAnimationStudios/OpenUSD/actions/runs/25522855952/job/74911235101
74911235112,25522855952,1,linux,Linux,2026-05-07 21:23:43,2026-05-07 22:26:38,2026-05,success,included,True,62.916666666666664,58.36666666666667,"[""ubuntu-22.04""]",https://github.com/PixarAnimationStudios/OpenUSD/actions/runs/25522855952/job/74911235112
75397581249,25522855952,2,wasm64,Wasm (Wasm64),2026-05-07 21:23:43,2026-05-07 22:20:13,2026-05,success,duplicate_execution,True,56.5,54.666666666666664,"[""ubuntu-22.04""]",https://github.com/PixarAnimationStudios/OpenUSD/actions/runs/25522855952/job/75397581249
75397600301,25522855952,2,linux,Linux,2026-05-07 21:23:43,2026-05-07 22:26:38,2026-05,success,duplicate_execution,True,62.916666666666664,58.36666666666667,"[""ubuntu-22.04""]",https://github.com/PixarAnimationStudios/OpenUSD/actions/runs/25522855952/job/75397600301
75399607173,25522855952,3,linux,Linux,2026-05-07 21:23:43,2026-05-07 22:26:38,2026-05,success,duplicate_execution,True,62.916666666666664,58.36666666666667,"[""ubuntu-22.04""]",https://github.com/PixarAnimationStudios/OpenUSD/actions/runs/25522855952/job/75399607173
75399607217,25522855952,3,wasm64,Wasm (Wasm64),2026-05-07 21:23:43,2026-05-07 22:20:13,2026-05,success,duplicate_execution,True,56.5,54.666666666666664,"[""ubuntu-22.04""]",https://github.com/PixarAnimationStudios/OpenUSD/actions/runs/25522855952/job/75399607217
75072500630,25572788564,1,wasm64,Wasm (Wasm64),2026-05-08 18:35:39,2026-05-08 19:26:52,2026-05,success,included,True,51.21666666666667,49.5,"[""ubuntu-22.04""]",https://github.com/PixarAnimationStudios/OpenUSD/actions/runs/25572788564/job/75072500630
75072500649,25572788564,1,wasm32,Wasm (Wasm),2026-05-08 18:35:39,2026-05-08 19:28:37,2026-05,success,included,True,52.96666666666667,51.25,"[""ubuntu-22.04""]",https://github.com/PixarAnimationStudios/OpenUSD/actions/runs/25572788564/job/75072500649
75072500682,25572788564,1,linux,Linux,2026-05-08 18:35:39,2026-05-08 19:23:48,2026-05,success,included,True,48.15,43.766666666666666,"[""ubuntu-22.04""]",https://github.com/PixarAnimationStudios/OpenUSD/actions/runs/25572788564/job/75072500682
75072500653,25572788564,1,windows,Windows,2026-05-08 18:35:40,2026-05-08 21:10:12,2026-05,success,included,True,154.53333333333333,150.15,"[""windows-2022""]",https://github.com/PixarAnimationStudios/OpenUSD/actions/runs/25572788564/job/75072500653
75072500672,25572788564,1,macos,macOS,2026-05-08 18:35:40,2026-05-08 19:20:45,2026-05,success,included,True,45.083333333333336,41.63333333333333,"[""macos-15""]",https://github.com/PixarAnimationStudios/OpenUSD/actions/runs/25572788564/job/75072500672
75440062266,25694731206,1,wasm64,Wasm (Wasm64),2026-05-11 20:15:44,2026-05-11 21:07:07,2026-05,success,included,True,51.38333333333333,49.68333333333333,"[""ubuntu-22.04""]",https://github.com/PixarAnimationStudios/OpenUSD/actions/runs/25694731206/job/75440062266
75440062276,25694731206,1,macos,macOS,2026-05-11 20:15:45,2026-05-11 21:15:27,2026-05,success,included,True,59.7,55.233333333333334,"[""macos-15""]",https://github.com/PixarAnimationStudios/OpenUSD/actions/runs/25694731206/job/75440062276
75440062306,25694731206,1,windows,Windows,2026-05-11 20:15:45,2026-05-11 22:49:53,2026-05,success,included,True,154.13333333333333,149.63333333333333,"[""windows-2022""]",https://github.com/PixarAnimationStudios/OpenUSD/actions/runs/25694731206/job/75440062306
75440062338,25694731206,1,wasm32,Wasm (Wasm),2026-05-11 20:15:45,2026-05-11 21:10:35,2026-05,success,included,True,54.833333333333336,53.166666666666664,"[""ubuntu-22.04""]",https://github.com/PixarAnimationStudios/OpenUSD/actions/runs/25694731206/job/75440062338
75440062280,25694731206,1,linux,Linux,2026-05-11 20:15:51,2026-05-11 21:16:40,2026-05,success,included,True,60.81666666666667,56.2,"[""ubuntu-22.04""]",https://github.com/PixarAnimationStudios/OpenUSD/actions/runs/25694731206/job/75440062280
76636985577,26066035010,1,windows,Windows,2026-05-18 23:17:44,2026-05-19 01:57:13,2026-05,success,included,True,159.48333333333332,155.05,"[""windows-2022""]",https://github.com/PixarAnimationStudios/OpenUSD/actions/runs/26066035010/job/76636985577
76636985604,26066035010,1,wasm64,Wasm (Wasm64),2026-05-18 23:17:44,2026-05-19 00:00:34,2026-05,failure,not_successful,True,42.833333333333336,42.2,"[""ubuntu-22.04""]",https://github.com/PixarAnimationStudios/OpenUSD/actions/runs/26066035010/job/76636985604
76636985607,26066035010,1,wasm32,Wasm (Wasm),2026-05-18 23:17:44,2026-05-18 23:58:27,2026-05,failure,not_successful,True,40.71666666666667,40.11666666666667,"[""ubuntu-22.04""]",https://github.com/PixarAnimationStudios/OpenUSD/actions/runs/26066035010/job/76636985607
76636985603,26066035010,1,linux,Linux,2026-05-18 23:17:45,2026-05-19 00:13:15,2026-05,success,included,True,55.5,50.733333333333334,"[""ubuntu-22.04""]",https://github.com/PixarAnimationStudios/OpenUSD/actions/runs/26066035010/job/76636985603
76636985610,26066035010,1,macos,macOS,2026-05-18 23:17:45,2026-05-19 00:09:48,2026-05,success,included,True,52.05,48.81666666666667,"[""macos-15""]",https://github.com/PixarAnimationStudios/OpenUSD/actions/runs/26066035010/job/76636985610
77049956171,26188353046,1,wasm32,Wasm (Wasm),2026-05-20 20:34:35,2026-05-20 21:17:51,2026-05,failure,not_successful,True,43.266666666666666,42.61666666666667,"[""ubuntu-22.04""]",https://github.com/PixarAnimationStudios/OpenUSD/actions/runs/26188353046/job/77049956171
77049956110,26188353046,1,macos,macOS,2026-05-20 20:34:36,2026-05-20 21:41:12,2026-05,success,included,True,66.6,63.016666666666666,"[""macos-15""]",https://github.com/PixarAnimationStudios/OpenUSD/actions/runs/26188353046/job/77049956110
77049956131,26188353046,1,linux,Linux,2026-05-20 20:34:36,2026-05-20 21:12:05,2026-05,success,included,True,37.483333333333334,33.96666666666667,"[""ubuntu-22.04""]",https://github.com/PixarAnimationStudios/OpenUSD/actions/runs/26188353046/job/77049956131
77049956140,26188353046,1,wasm64,Wasm (Wasm64),2026-05-20 20:34:36,2026-05-20 21:18:01,2026-05,failure,not_successful,True,43.416666666666664,42.7,"[""ubuntu-22.04""]",https://github.com/PixarAnimationStudios/OpenUSD/actions/runs/26188353046/job/77049956140
77049956192,26188353046,1,windows,Windows,2026-05-20 20:34:36,2026-05-20 22:40:08,2026-05,success,included,True,125.53333333333333,120.86666666666666,"[""windows-2022""]",https://github.com/PixarAnimationStudios/OpenUSD/actions/runs/26188353046/job/77049956192
77216132035,26237882575,1,macos,macOS,2026-05-21 16:07:15,2026-05-21 17:07:14,2026-05,success,included,True,59.983333333333334,55.93333333333333,"[""macos-15""]",https://github.com/PixarAnimationStudios/OpenUSD/actions/runs/26237882575/job/77216132035
77216132090,26237882575,1,linux,Linux,2026-05-21 16:07:16,2026-05-21 17:10:23,2026-05,success,included,True,63.11666666666667,58.333333333333336,"[""ubuntu-22.04""]",https://github.com/PixarAnimationStudios/OpenUSD/actions/runs/26237882575/job/77216132090
77216132108,26237882575,1,wasm64,Wasm (Wasm64),2026-05-21 16:07:16,2026-05-21 16:51:09,2026-05,failure,not_successful,True,43.88333333333333,43.18333333333333,"[""ubuntu-22.04""]",https://github.com/PixarAnimationStudios/OpenUSD/actions/runs/26237882575/job/77216132108
77216132140,26237882575,1,wasm32,Wasm (Wasm),2026-05-21 16:07:16,2026-05-21 16:48:59,2026-05,failure,not_successful,True,41.71666666666667,41.016666666666666,"[""ubuntu-22.04""]",https://github.com/PixarAnimationStudios/OpenUSD/actions/runs/26237882575/job/77216132140
77216132160,26237882575,1,windows,Windows,2026-05-21 16:07:18,2026-05-21 18:46:44,2026-05,success,included,True,159.43333333333334,154.41666666666666,"[""windows-2022""]",https://github.com/PixarAnimationStudios/OpenUSD/actions/runs/26237882575/job/77216132160
77259015318,26250176894,1,linux,Linux,2026-05-21 20:06:56,2026-05-21 20:55:48,2026-05,success,included,True,48.86666666666667,44.81666666666667,"[""ubuntu-22.04""]",https://github.com/PixarAnimationStudios/OpenUSD/actions/runs/26250176894/job/77259015318
77259015329,26250176894,1,macos,macOS,2026-05-21 20:06:56,2026-05-21 21:17:07,2026-05,success,included,True,70.18333333333334,65.31666666666666,"[""macos-15""]",https://github.com/PixarAnimationStudios/OpenUSD/actions/runs/26250176894/job/77259015329
77259015500,26250176894,1,wasm32,Wasm (Wasm),2026-05-21 20:06:56,2026-05-21 20:50:21,2026-05,failure,not_successful,True,43.416666666666664,42.7,"[""ubuntu-22.04""]",https://github.com/PixarAnimationStudios/OpenUSD/actions/runs/26250176894/job/77259015500
77259015364,26250176894,1,wasm64,Wasm (Wasm64),2026-05-21 20:06:57,2026-05-21 20:50:19,2026-05,failure,not_successful,True,43.36666666666667,42.2,"[""ubuntu-22.04""]",https://github.com/PixarAnimationStudios/OpenUSD/actions/runs/26250176894/job/77259015364
77259015387,26250176894,1,windows,Windows,2026-05-21 20:06:57,2026-05-21 22:50:20,2026-05,success,included,True,163.38333333333333,158.58333333333334,"[""windows-2022""]",https://github.com/PixarAnimationStudios/OpenUSD/actions/runs/26250176894/job/77259015387
77463855764,26312323753,1,wasm32,Wasm (Wasm),2026-05-22 21:15:48,2026-05-22 22:13:44,2026-05,success,included,True,57.93333333333333,56.15,"[""ubuntu-22.04""]",https://github.com/PixarAnimationStudios/OpenUSD/actions/runs/26312323753/job/77463855764
77463855669,26312323753,1,windows,Windows,2026-05-22 21:15:49,2026-05-22 23:55:48,2026-05,success,included,True,159.98333333333332,155.3,"[""windows-2022""]",https://github.com/PixarAnimationStudios/OpenUSD/actions/runs/26312323753/job/77463855669
77463855673,26312323753,1,wasm64,Wasm (Wasm64),2026-05-22 21:15:49,2026-05-22 22:12:21,2026-05,success,included,True,56.53333333333333,54.7,"[""ubuntu-22.04""]",https://github.com/PixarAnimationStudios/OpenUSD/actions/runs/26312323753/job/77463855673
77463855691,26312323753,1,macos,macOS,2026-05-22 21:15:49,2026-05-22 22:00:51,2026-05,success,included,True,45.03333333333333,41.833333333333336,"[""macos-15""]",https://github.com/PixarAnimationStudios/OpenUSD/actions/runs/26312323753/job/77463855691
77463855715,26312323753,1,linux,Linux,2026-05-22 21:15:49,2026-05-22 22:16:15,2026-05,success,included,True,60.43333333333333,55.61666666666667,"[""ubuntu-22.04""]",https://github.com/PixarAnimationStudios/OpenUSD/actions/runs/26312323753/job/77463855715
77525237688,26334236867,1,macos,macOS,2026-05-23 13:41:36,2026-05-23 14:29:11,2026-05,success,included,True,47.583333333333336,44.166666666666664,"[""macos-15""]",https://github.com/PixarAnimationStudios/OpenUSD/actions/runs/26334236867/job/77525237688
77525237719,26334236867,1,linux,Linux,2026-05-23 13:41:36,2026-05-23 14:44:34,2026-05,success,included,True,62.96666666666667,58.06666666666667,"[""ubuntu-22.04""]",https://github.com/PixarAnimationStudios/OpenUSD/actions/runs/26334236867/job/77525237719
77525237726,26334236867,1,wasm64,Wasm (Wasm64),2026-05-23 13:41:36,2026-05-23 14:34:24,2026-05,success,included,True,52.8,51.13333333333333,"[""ubuntu-22.04""]",https://github.com/PixarAnimationStudios/OpenUSD/actions/runs/26334236867/job/77525237726
77525237728,26334236867,1,wasm32,Wasm (Wasm),2026-05-23 13:41:36,2026-05-23 14:36:35,2026-05,success,included,True,54.983333333333334,53.35,"[""ubuntu-22.04""]",https://github.com/PixarAnimationStudios/OpenUSD/actions/runs/26334236867/job/77525237728
77525237694,26334236867,1,windows,Windows,2026-05-23 13:41:37,2026-05-23 15:43:28,2026-05,failure,not_successful,True,121.85,117.05,"[""windows-2022""]",https://github.com/PixarAnimationStudios/OpenUSD/actions/runs/26334236867/job/77525237694
77525346582,26334286468,1,macos,macOS,2026-05-23 13:43:31,2026-05-23 13:43:30,2026-05,skipped,not_successful,False,,,"[""macos-15""]",https://github.com/PixarAnimationStudios/OpenUSD/actions/runs/26334286468/job/77525346582
77525346645,26334286468,1,wasm32,Wasm,2026-05-23 13:43:31,2026-05-23 13:43:30,2026-05,skipped,not_successful,False,,,"[""ubuntu-22.04""]",https://github.com/PixarAnimationStudios/OpenUSD/actions/runs/26334286468/job/77525346645
77525346682,26334286468,1,windows,Windows,2026-05-23 13:43:31,2026-05-23 13:43:30,2026-05,skipped,not_successful,False,,,"[""windows-2022""]",https://github.com/PixarAnimationStudios/OpenUSD/actions/runs/26334286468/job/77525346682
77525346685,26334286468,1,linux,Linux,2026-05-23 13:43:31,2026-05-23 13:43:30,2026-05,skipped,not_successful,False,,,"[""ubuntu-22.04""]",https://github.com/PixarAnimationStudios/OpenUSD/actions/runs/26334286468/job/77525346685
77968212354,26477927433,1,windows,Windows,2026-05-26 22:08:15,2026-05-27 00:52:06,2026-05,success,included,True,163.85,159.16666666666666,"[""windows-2022""]",https://github.com/PixarAnimationStudios/OpenUSD/actions/runs/26477927433/job/77968212354
77968212315,26477927433,1,macos,macOS,2026-05-26 22:08:16,2026-05-26 22:56:44,2026-05,success,included,True,48.46666666666667,45.15,"[""macos-15""]",https://github.com/PixarAnimationStudios/OpenUSD/actions/runs/26477927433/job/77968212315
77968212338,26477927433,1,wasm64,Wasm (Wasm64),2026-05-26 22:08:16,2026-05-26 22:49:37,2026-05,failure,not_successful,True,41.35,40.63333333333333,"[""ubuntu-22.04""]",https://github.com/PixarAnimationStudios/OpenUSD/actions/runs/26477927433/job/77968212338
77968212341,26477927433,1,linux,Linux,2026-05-26 22:08:16,2026-05-26 23:07:26,2026-05,success,included,True,59.166666666666664,54.5,"[""ubuntu-22.04""]",https://github.com/PixarAnimationStudios/OpenUSD/actions/runs/26477927433/job/77968212341
77968212404,26477927433,1,wasm32,Wasm (Wasm),2026-05-26 22:08:16,2026-05-26 22:51:59,2026-05,failure,not_successful,True,43.71666666666667,42.96666666666667,"[""ubuntu-22.04""]",https://github.com/PixarAnimationStudios/OpenUSD/actions/runs/26477927433/job/77968212404
78141391975,26529291518,1,macos,macOS,2026-05-27 18:02:45,2026-05-27 18:59:15,2026-05,success,included,True,56.5,53.13333333333333,"[""macos-15""]",https://github.com/PixarAnimationStudios/OpenUSD/actions/runs/26529291518/job/78141391975
78141391759,26529291518,1,linux,Linux,2026-05-27 18:02:46,2026-05-27 19:06:15,2026-05,success,included,True,63.483333333333334,58.61666666666667,"[""ubuntu-22.04""]",https://github.com/PixarAnimationStudios/OpenUSD/actions/runs/26529291518/job/78141391759
78141391860,26529291518,1,wasm32,Wasm (Wasm),2026-05-27 18:02:46,2026-05-27 18:44:23,2026-05,failure,not_successful,True,41.61666666666667,40.9,"[""ubuntu-22.04""]",https://github.com/PixarAnimationStudios/OpenUSD/actions/runs/26529291518/job/78141391860
78141391919,26529291518,1,windows,Windows,2026-05-27 18:02:46,2026-05-27 20:07:43,2026-05,success,included,True,124.95,119.9,"[""windows-2022""]",https://github.com/PixarAnimationStudios/OpenUSD/actions/runs/26529291518/job/78141391919
78141391943,26529291518,1,wasm64,Wasm (Wasm64),2026-05-27 18:02:46,2026-05-27 18:46:20,2026-05,failure,not_successful,True,43.56666666666667,42.9,"[""ubuntu-22.04""]",https://github.com/PixarAnimationStudios/OpenUSD/actions/runs/26529291518/job/78141391943
78142494203,26529599615,1,linux,Linux,2026-05-27 18:08:46,2026-05-27 18:58:46,2026-05,success,included,True,50.0,45.18333333333333,"[""ubuntu-22.04""]",https://github.com/PixarAnimationStudios/OpenUSD/actions/runs/26529599615/job/78142494203
78142494292,26529599615,1,macos,macOS,2026-05-27 18:08:46,2026-05-27 19:00:16,2026-05,success,included,True,51.5,47.583333333333336,"[""macos-15""]",https://github.com/PixarAnimationStudios/OpenUSD/actions/runs/26529599615/job/78142494292
78142494325,26529599615,1,wasm64,Wasm (Wasm64),2026-05-27 18:08:46,2026-05-27 18:32:12,2026-05,failure,not_successful,True,23.433333333333334,22.866666666666667,"[""ubuntu-22.04""]",https://github.com/PixarAnimationStudios/OpenUSD/actions/runs/26529599615/job/78142494325
78142494390,26529599615,1,wasm32,Wasm (Wasm),2026-05-27 18:08:46,2026-05-27 18:54:49,2026-05,failure,not_successful,True,46.05,45.38333333333333,"[""ubuntu-22.04""]",https://github.com/PixarAnimationStudios/OpenUSD/actions/runs/26529599615/job/78142494390
78142494295,26529599615,1,windows,Windows,2026-05-27 18:08:47,2026-05-27 20:11:53,2026-05,success,included,True,123.1,119.13333333333334,"[""windows-2022""]",https://github.com/PixarAnimationStudios/OpenUSD/actions/runs/26529599615/job/78142494295
78161383891,26534968041,1,linux,Linux,2026-05-27 19:51:57,2026-05-27 20:54:22,2026-05,success,included,True,62.416666666666664,57.833333333333336,"[""ubuntu-22.04""]",https://github.com/PixarAnimationStudios/OpenUSD/actions/runs/26534968041/job/78161383891
78161383905,26534968041,1,macos,macOS,2026-05-27 19:51:57,2026-05-27 20:46:22,2026-05,failure,not_successful,True,54.416666666666664,50.85,"[""macos-15""]",https://github.com/PixarAnimationStudios/OpenUSD/actions/runs/26534968041/job/78161383905
78161383910,26534968041,1,wasm32,Wasm (Wasm),2026-05-27 19:51:57,2026-05-27 20:32:44,2026-05,failure,not_successful,True,40.78333333333333,40.05,"[""ubuntu-22.04""]",https://github.com/PixarAnimationStudios/OpenUSD/actions/runs/26534968041/job/78161383910
78161383924,26534968041,1,wasm64,Wasm (Wasm64),2026-05-27 19:51:57,2026-05-27 20:33:10,2026-05,failure,not_successful,True,41.21666666666667,40.55,"[""ubuntu-22.04""]",https://github.com/PixarAnimationStudios/OpenUSD/actions/runs/26534968041/job/78161383924
78161383892,26534968041,1,windows,Windows,2026-05-27 19:51:58,2026-05-27 22:36:52,2026-05,success,included,True,164.9,160.1,"[""windows-2022""]",https://github.com/PixarAnimationStudios/OpenUSD/actions/runs/26534968041/job/78161383892
78344637390,26589583765,1,macos,macOS,2026-05-28 17:02:10,2026-05-28 17:50:21,2026-05,success,included,True,48.18333333333333,44.7,"[""macos-15""]",https://github.com/PixarAnimationStudios/OpenUSD/actions/runs/26589583765/job/78344637390
78344637402,26589583765,1,wasm64,Wasm (Wasm64),2026-05-28 17:02:10,2026-05-28 17:46:12,2026-05,failure,not_successful,True,44.03333333333333,43.333333333333336,"[""ubuntu-22.04""]",https://github.com/PixarAnimationStudios/OpenUSD/actions/runs/26589583765/job/78344637402
78344637432,26589583765,1,linux,Linux,2026-05-28 17:02:10,2026-05-28 18:02:23,2026-05,success,included,True,60.21666666666667,55.5,"[""ubuntu-22.04""]",https://github.com/PixarAnimationStudios/OpenUSD/actions/runs/26589583765/job/78344637432
78344637473,26589583765,1,wasm32,Wasm (Wasm),2026-05-28 17:02:10,2026-05-28 17:45:28,2026-05,failure,not_successful,True,43.3,42.65,"[""ubuntu-22.04""]",https://github.com/PixarAnimationStudios/OpenUSD/actions/runs/26589583765/job/78344637473
78344637481,26589583765,1,windows,Windows,2026-05-28 17:02:11,2026-05-28 19:39:22,2026-05,success,included,True,157.18333333333334,152.48333333333332,"[""windows-2022""]",https://github.com/PixarAnimationStudios/OpenUSD/actions/runs/26589583765/job/78344637481
78569202282,26656864020,1,wasm32,Wasm (Wasm),2026-05-29 19:09:20,2026-05-29 20:06:10,2026-05,success,included,True,56.833333333333336,55.11666666666667,"[""ubuntu-22.04""]",https://github.com/PixarAnimationStudios/OpenUSD/actions/runs/26656864020/job/78569202282
78569202267,26656864020,1,wasm64,Wasm (Wasm64),2026-05-29 19:09:21,2026-05-29 20:08:17,2026-05,success,included,True,58.93333333333333,57.25,"[""ubuntu-22.04""]",https://github.com/PixarAnimationStudios/OpenUSD/actions/runs/26656864020/job/78569202267
78569202298,26656864020,1,linux,Linux,2026-05-29 19:09:21,2026-05-29 19:58:27,2026-05,success,included,True,49.1,44.766666666666666,"[""ubuntu-22.04""]",https://github.com/PixarAnimationStudios/OpenUSD/actions/runs/26656864020/job/78569202298
78569202299,26656864020,1,macos,macOS,2026-05-29 19:09:21,2026-05-29 20:01:52,2026-05,success,included,True,52.516666666666666,49.3,"[""macos-15""]",https://github.com/PixarAnimationStudios/OpenUSD/actions/runs/26656864020/job/78569202299
78569202336,26656864020,1,windows,Windows,2026-05-29 19:09:23,2026-05-29 21:55:40,2026-05,success,included,True,166.28333333333333,161.65,"[""windows-2022""]",https://github.com/PixarAnimationStudios/OpenUSD/actions/runs/26656864020/job/78569202336
78967472380,26787765376,1,linux,Linux,2026-06-01 23:14:14,2026-06-02 00:14:42,2026-06,success,included,True,60.46666666666667,55.75,"[""ubuntu-22.04""]",https://github.com/PixarAnimationStudios/OpenUSD/actions/runs/26787765376/job/78967472380
78967472353,26787765376,1,windows,Windows,2026-06-01 23:14:15,2026-06-01 23:22:37,2026-06,success,included,True,8.366666666666667,3.45,"[""windows-2022""]",https://github.com/PixarAnimationStudios/OpenUSD/actions/runs/26787765376/job/78967472353
78967472362,26787765376,1,wasm64,Wasm (Wasm64),2026-06-01 23:14:15,2026-06-02 00:06:41,2026-06,success,included,True,52.43333333333333,50.68333333333333,"[""ubuntu-22.04""]",https://github.com/PixarAnimationStudios/OpenUSD/actions/runs/26787765376/job/78967472362
78967472370,26787765376,1,macos,macOS,2026-06-01 23:14:15,2026-06-02 00:16:41,2026-06,success,included,True,62.43333333333333,58.166666666666664,"[""macos-15""]",https://github.com/PixarAnimationStudios/OpenUSD/actions/runs/26787765376/job/78967472370
78967472381,26787765376,1,wasm32,Wasm (Wasm),2026-06-01 23:14:15,2026-06-01 23:56:10,2026-06,success,included,True,41.916666666666664,40.36666666666667,"[""ubuntu-22.04""]",https://github.com/PixarAnimationStudios/OpenUSD/actions/runs/26787765376/job/78967472381
79386543052,26910345200,1,windows,Windows,2026-06-03 20:15:28,2026-06-03 20:15:28,2026-06,skipped,not_successful,False,,,"[""windows-2022""]",https://github.com/PixarAnimationStudios/OpenUSD/actions/runs/26910345200/job/79386543052
79386543289,26910345200,1,wasm32,Wasm,2026-06-03 20:15:28,2026-06-03 20:15:28,2026-06,skipped,not_successful,False,,,"[""ubuntu-22.04""]",https://github.com/PixarAnimationStudios/OpenUSD/actions/runs/26910345200/job/79386543289
79386543423,26910345200,1,linux,Linux,2026-06-03 20:15:28,2026-06-03 20:15:28,2026-06,skipped,not_successful,False,,,"[""ubuntu-22.04""]",https://github.com/PixarAnimationStudios/OpenUSD/actions/runs/26910345200/job/79386543423
79386543455,26910345200,1,macos,macOS,2026-06-03 20:15:28,2026-06-03 20:15:28,2026-06,skipped,not_successful,False,,,"[""macos-15""]",https://github.com/PixarAnimationStudios/OpenUSD/actions/runs/26910345200/job/79386543455
79566420176,26965324764,1,wasm64,Wasm (Wasm64),2026-06-04 16:32:50,2026-06-04 16:39:56,2026-06,failure,not_successful,True,7.1,6.466666666666667,"[""ubuntu-22.04""]",https://github.com/PixarAnimationStudios/OpenUSD/actions/runs/26965324764/job/79566420176
79566420144,26965324764,1,windows,Windows,2026-06-04 16:32:51,2026-06-04 16:41:31,2026-06,success,included,True,8.666666666666666,3.5833333333333335,"[""windows-2022""]",https://github.com/PixarAnimationStudios/OpenUSD/actions/runs/26965324764/job/79566420144
79566420207,26965324764,1,wasm32,Wasm (Wasm),2026-06-04 16:32:51,2026-06-04 16:39:41,2026-06,failure,not_successful,True,6.833333333333333,6.2,"[""ubuntu-22.04""]",https://github.com/PixarAnimationStudios/OpenUSD/actions/runs/26965324764/job/79566420207
79566420222,26965324764,1,macos,macOS,2026-06-04 16:32:51,2026-06-04 17:25:27,2026-06,success,included,True,52.6,49.2,"[""macos-15""]",https://github.com/PixarAnimationStudios/OpenUSD/actions/runs/26965324764/job/79566420222
79566420249,26965324764,1,linux,Linux,2026-06-04 16:32:53,2026-06-04 17:38:46,2026-06,success,included,True,65.88333333333334,61.18333333333333,"[""ubuntu-22.04""]",https://github.com/PixarAnimationStudios/OpenUSD/actions/runs/26965324764/job/79566420249
79830100311,27045350802,1,linux,Linux,2026-06-05 23:25:27,2026-06-06 00:27:19,2026-06,success,included,True,61.86666666666667,57.03333333333333,"[""ubuntu-22.04""]",https://github.com/PixarAnimationStudios/OpenUSD/actions/runs/27045350802/job/79830100311
79830100308,27045350802,1,windows,Windows,2026-06-05 23:25:28,2026-06-06 02:02:02,2026-06,failure,not_successful,True,156.56666666666666,155.05,"[""windows-2022""]",https://github.com/PixarAnimationStudios/OpenUSD/actions/runs/27045350802/job/79830100308
79830100309,27045350802,1,wasm32,Wasm (Wasm),2026-06-05 23:25:28,2026-06-05 23:32:41,2026-06,failure,not_successful,True,7.216666666666667,6.583333333333333,"[""ubuntu-22.04""]",https://github.com/PixarAnimationStudios/OpenUSD/actions/runs/27045350802/job/79830100309
79830100310,27045350802,1,wasm64,Wasm (Wasm64),2026-06-05 23:25:28,2026-06-05 23:31:01,2026-06,failure,not_successful,True,5.55,4.933333333333334,"[""ubuntu-22.04""]",https://github.com/PixarAnimationStudios/OpenUSD/actions/runs/27045350802/job/79830100310
79830100301,27045350802,1,macos,macOS,2026-06-05 23:25:29,2026-06-06 00:27:47,2026-06,success,included,True,62.3,58.28333333333333,"[""macos-15""]",https://github.com/PixarAnimationStudios/OpenUSD/actions/runs/27045350802/job/79830100301
80156617491,27155239792,1,linux,Linux,2026-06-08 17:30:57,2026-06-08 18:32:40,2026-06,success,included,True,61.71666666666667,56.93333333333333,"[""ubuntu-22.04""]",https://github.com/PixarAnimationStudios/OpenUSD/actions/runs/27155239792/job/80156617491
80156617540,27155239792,1,wasm64,Wasm (Wasm64),2026-06-08 17:30:57,2026-06-08 17:38:56,2026-06,failure,not_successful,True,7.983333333333333,7.35,"[""ubuntu-22.04""]",https://github.com/PixarAnimationStudios/OpenUSD/actions/runs/27155239792/job/80156617540
80156617543,27155239792,1,macos,macOS,2026-06-08 17:30:58,2026-06-08 18:33:20,2026-06,success,included,True,62.36666666666667,56.78333333333333,"[""macos-15""]",https://github.com/PixarAnimationStudios/OpenUSD/actions/runs/27155239792/job/80156617543
80156617546,27155239792,1,windows,Windows,2026-06-08 17:30:58,2026-06-08 17:35:54,2026-06,failure,not_successful,True,4.933333333333334,2.933333333333333,"[""windows-2022""]",https://github.com/PixarAnimationStudios/OpenUSD/actions/runs/27155239792/job/80156617546
80156617646,27155239792,1,wasm32,Wasm (Wasm),2026-06-08 17:30:58,2026-06-08 17:39:17,2026-06,failure,not_successful,True,8.316666666666666,7.2,"[""ubuntu-22.04""]",https://github.com/PixarAnimationStudios/OpenUSD/actions/runs/27155239792/job/80156617646
80161496798,27156728780,1,wasm32,Wasm (Wasm),2026-06-08 17:57:12,2026-06-08 18:05:09,2026-06,failure,not_successful,True,7.95,7.216666666666667,"[""ubuntu-22.04""]",https://github.com/PixarAnimationStudios/OpenUSD/actions/runs/27156728780/job/80161496798
80161496804,27156728780,1,windows,Windows,2026-06-08 17:57:12,2026-06-08 18:01:48,2026-06,failure,not_successful,True,4.6,2.95,"[""windows-2022""]",https://github.com/PixarAnimationStudios/OpenUSD/actions/runs/27156728780/job/80161496804
80161496815,27156728780,1,linux,Linux,2026-06-08 17:57:12,2026-06-08 18:59:03,2026-06,success,included,True,61.85,57.166666666666664,"[""ubuntu-22.04""]",https://github.com/PixarAnimationStudios/OpenUSD/actions/runs/27156728780/job/80161496815
80161497013,27156728780,1,wasm64,Wasm (Wasm64),2026-06-08 17:57:12,2026-06-08 18:01:27,2026-06,failure,not_successful,True,4.25,3.65,"[""ubuntu-22.04""]",https://github.com/PixarAnimationStudios/OpenUSD/actions/runs/27156728780/job/80161497013
80161496818,27156728780,1,macos,macOS,2026-06-08 17:57:13,2026-06-08 19:04:17,2026-06,success,included,True,67.06666666666666,62.46666666666667,"[""macos-15""]",https://github.com/PixarAnimationStudios/OpenUSD/actions/runs/27156728780/job/80161496818
80380303657,27222341858,1,windows,Windows,2026-06-09 17:00:41,2026-06-09 17:06:00,2026-06,failure,not_successful,True,5.316666666666666,3.3,"[""windows-2022""]",https://github.com/PixarAnimationStudios/OpenUSD/actions/runs/27222341858/job/80380303657
80380303670,27222341858,1,linux,Linux,2026-06-09 17:00:41,2026-06-09 18:03:52,2026-06,success,included,True,63.18333333333333,58.45,"[""ubuntu-22.04""]",https://github.com/PixarAnimationStudios/OpenUSD/actions/runs/27222341858/job/80380303670
80380303675,27222341858,1,wasm64,Wasm (Wasm64),2026-06-09 17:00:41,2026-06-09 17:07:44,2026-06,failure,not_successful,True,7.05,6.383333333333334,"[""ubuntu-22.04""]",https://github.com/PixarAnimationStudios/OpenUSD/actions/runs/27222341858/job/80380303675
80380303706,27222341858,1,macos,macOS,2026-06-09 17:00:42,2026-06-09 18:06:15,2026-06,success,included,True,65.55,60.03333333333333,"[""macos-15""]",https://github.com/PixarAnimationStudios/OpenUSD/actions/runs/27222341858/job/80380303706
80380303692,27222341858,1,wasm32,Wasm (Wasm),2026-06-09 17:00:45,2026-06-09 17:08:28,2026-06,failure,not_successful,True,7.716666666666667,7.116666666666666,"[""ubuntu-22.04""]",https://github.com/PixarAnimationStudios/OpenUSD/actions/runs/27222341858/job/80380303692
80591215536,27285396904,1,windows,Windows,2026-06-10 15:00:43,2026-06-10 15:05:34,2026-06,failure,not_successful,True,4.85,3.216666666666667,"[""windows-2022""]",https://github.com/PixarAnimationStudios/OpenUSD/actions/runs/27285396904/job/80591215536
80591215541,27285396904,1,linux,Linux,2026-06-10 15:00:43,2026-06-10 16:03:55,2026-06,success,included,True,63.2,58.516666666666666,"[""ubuntu-22.04""]",https://github.com/PixarAnimationStudios/OpenUSD/actions/runs/27285396904/job/80591215541
80591215686,27285396904,1,macos,macOS,2026-06-10 15:00:43,2026-06-10 16:07:53,2026-06,success,included,True,67.16666666666667,62.88333333333333,"[""macos-15""]",https://github.com/PixarAnimationStudios/OpenUSD/actions/runs/27285396904/job/80591215686
80591215777,27285396904,1,wasm64,Wasm (Wasm64),2026-06-10 15:00:43,2026-06-10 15:08:39,2026-06,failure,not_successful,True,7.933333333333334,7.166666666666667,"[""ubuntu-22.04""]",https://github.com/PixarAnimationStudios/OpenUSD/actions/runs/27285396904/job/80591215777
80591215638,27285396904,1,wasm32,Wasm (Wasm),2026-06-10 15:00:44,2026-06-10 15:08:38,2026-06,failure,not_successful,True,7.9,7.233333333333333,"[""ubuntu-22.04""]",https://github.com/PixarAnimationStudios/OpenUSD/actions/runs/27285396904/job/80591215638
80660300975,27304958273,1,linux,Linux,2026-06-10 20:41:41,2026-06-10 21:45:00,2026-06,success,included,True,63.31666666666667,58.7,"[""ubuntu-22.04""]",https://github.com/PixarAnimationStudios/OpenUSD/actions/runs/27304958273/job/80660300975
80660300988,27304958273,1,windows,Windows,2026-06-10 20:41:41,2026-06-10 20:46:39,2026-06,failure,not_successful,True,4.966666666666667,3.2333333333333334,"[""windows-2022""]",https://github.com/PixarAnimationStudios/OpenUSD/actions/runs/27304958273/job/80660300988
80660300990,27304958273,1,macos,macOS,2026-06-10 20:41:42,2026-06-10 21:46:38,2026-06,success,included,True,64.93333333333334,59.916666666666664,"[""macos-15""]",https://github.com/PixarAnimationStudios/OpenUSD/actions/runs/27304958273/job/80660300990
80660301331,27304958273,1,wasm32,Wasm (Wasm),2026-06-10 20:41:42,2026-06-10 20:49:37,2026-06,failure,not_successful,True,7.916666666666667,7.066666666666666,"[""ubuntu-22.04""]",https://github.com/PixarAnimationStudios/OpenUSD/actions/runs/27304958273/job/80660301331
80660300952,27304958273,1,wasm64,Wasm (Wasm64),2026-06-10 20:41:46,2026-06-10 20:48:40,2026-06,failure,not_successful,True,6.9,6.2,"[""ubuntu-22.04""]",https://github.com/PixarAnimationStudios/OpenUSD/actions/runs/27304958273/job/80660300952
81789171704,27655611973,1,linux,Linux,2026-06-16 23:44:43,2026-06-17 00:57:16,2026-06,success,included,True,72.55,66.93333333333334,"[""ubuntu-22.04""]",https://github.com/PixarAnimationStudios/OpenUSD/actions/runs/27655611973/job/81789171704
81789171720,27655611973,1,windows,Windows,2026-06-16 23:44:43,2026-06-17 02:14:10,2026-06,failure,not_successful,True,149.45,147.85,"[""windows-2022""]",https://github.com/PixarAnimationStudios/OpenUSD/actions/runs/27655611973/job/81789171720
81789171725,27655611973,1,wasm64,Wasm (Wasm64),2026-06-16 23:44:43,2026-06-16 23:46:26,2026-06,failure,not_successful,True,1.7166666666666666,1.0166666666666666,"[""ubuntu-22.04""]",https://github.com/PixarAnimationStudios/OpenUSD/actions/runs/27655611973/job/81789171725
82850126776,27655611973,2,linux,Linux,2026-06-16 23:44:43,2026-06-17 00:57:16,2026-06,success,duplicate_execution,True,72.55,66.93333333333334,"[""ubuntu-22.04""]",https://github.com/PixarAnimationStudios/OpenUSD/actions/runs/27655611973/job/82850126776
81789171734,27655611973,1,macos,macOS,2026-06-16 23:44:44,2026-06-17 00:41:35,2026-06,success,included,True,56.85,53.06666666666667,"[""macos-15""]",https://github.com/PixarAnimationStudios/OpenUSD/actions/runs/27655611973/job/81789171734
82850145957,27655611973,2,macos,macOS,2026-06-16 23:44:44,2026-06-17 00:41:35,2026-06,success,duplicate_execution,True,56.85,53.06666666666667,"[""macos-15""]",https://github.com/PixarAnimationStudios/OpenUSD/actions/runs/27655611973/job/82850145957
81789171711,27655611973,1,wasm32,Wasm (Wasm),2026-06-16 23:44:49,2026-06-16 23:46:22,2026-06,failure,not_successful,True,1.55,0.9666666666666667,"[""ubuntu-22.04""]",https://github.com/PixarAnimationStudios/OpenUSD/actions/runs/27655611973/job/81789171711
82349352735,27825655050,1,windows,Windows,2026-06-19 12:27:59,2026-06-19 12:32:26,2026-06,failure,not_successful,True,4.45,2.816666666666667,"[""windows-2022""]",https://github.com/PixarAnimationStudios/OpenUSD/actions/runs/27825655050/job/82349352735
82349352761,27825655050,1,wasm32,Wasm (Wasm),2026-06-19 12:27:59,2026-06-19 12:42:42,2026-06,failure,not_successful,True,14.716666666666667,14.05,"[""ubuntu-22.04""]",https://github.com/PixarAnimationStudios/OpenUSD/actions/runs/27825655050/job/82349352761
82349352763,27825655050,1,wasm64,Wasm (Wasm64),2026-06-19 12:27:59,2026-06-19 12:47:54,2026-06,failure,not_successful,True,19.916666666666668,19.266666666666666,"[""ubuntu-22.04""]",https://github.com/PixarAnimationStudios/OpenUSD/actions/runs/27825655050/job/82349352763
82349352785,27825655050,1,linux,Linux,2026-06-19 12:27:59,2026-06-19 13:33:06,2026-06,success,included,True,65.11666666666666,60.516666666666666,"[""ubuntu-22.04""]",https://github.com/PixarAnimationStudios/OpenUSD/actions/runs/27825655050/job/82349352785
82349352772,27825655050,1,macos,macOS,2026-06-19 12:28:00,2026-06-19 13:25:26,2026-06,success,included,True,57.43333333333333,52.43333333333333,"[""macos-15""]",https://github.com/PixarAnimationStudios/OpenUSD/actions/runs/27825655050/job/82349352772
82349663430,27825738487,1,linux,Linux,2026-06-19 12:29:51,2026-06-19 13:33:01,2026-06,success,included,True,63.166666666666664,58.88333333333333,"[""ubuntu-22.04""]",https://github.com/PixarAnimationStudios/OpenUSD/actions/runs/27825738487/job/82349663430
82349663432,27825738487,1,wasm64,Wasm (Wasm64),2026-06-19 12:29:51,2026-06-19 12:46:23,2026-06,failure,not_successful,True,16.533333333333335,15.866666666666667,"[""ubuntu-22.04""]",https://github.com/PixarAnimationStudios/OpenUSD/actions/runs/27825738487/job/82349663432
82349663458,27825738487,1,wasm32,Wasm (Wasm),2026-06-19 12:29:51,2026-06-19 12:46:33,2026-06,failure,not_successful,True,16.7,15.966666666666667,"[""ubuntu-22.04""]",https://github.com/PixarAnimationStudios/OpenUSD/actions/runs/27825738487/job/82349663458
82349663447,27825738487,1,windows,Windows,2026-06-19 12:29:52,2026-06-19 12:35:27,2026-06,failure,not_successful,True,5.583333333333333,3.433333333333333,"[""windows-2022""]",https://github.com/PixarAnimationStudios/OpenUSD/actions/runs/27825738487/job/82349663447
82349663457,27825738487,1,macos,macOS,2026-06-19 12:29:52,2026-06-19 13:35:21,2026-06,success,included,True,65.48333333333333,60.71666666666667,"[""macos-15""]",https://github.com/PixarAnimationStudios/OpenUSD/actions/runs/27825738487/job/82349663457
82778362634,27971406159,1,windows,Windows,2026-06-22 17:28:31,2026-06-22 20:13:19,2026-06,success,included,True,164.8,159.48333333333332,"[""windows-2022""]",https://github.com/PixarAnimationStudios/OpenUSD/actions/runs/27971406159/job/82778362634
82778362675,27971406159,1,linux,Linux,2026-06-22 17:28:31,2026-06-22 18:31:38,2026-06,success,included,True,63.11666666666667,58.416666666666664,"[""ubuntu-22.04""]",https://github.com/PixarAnimationStudios/OpenUSD/actions/runs/27971406159/job/82778362675
82778362677,27971406159,1,wasm32,Wasm (Wasm),2026-06-22 17:28:31,2026-06-22 17:30:10,2026-06,failure,not_successful,True,1.65,1.0,"[""ubuntu-22.04""]",https://github.com/PixarAnimationStudios/OpenUSD/actions/runs/27971406159/job/82778362677
82778362699,27971406159,1,wasm64,Wasm (Wasm64),2026-06-22 17:28:31,2026-06-22 17:30:15,2026-06,failure,not_successful,True,1.7333333333333334,1.0,"[""ubuntu-22.04""]",https://github.com/PixarAnimationStudios/OpenUSD/actions/runs/27971406159/job/82778362699
82778362676,27971406159,1,macos,macOS,2026-06-22 17:28:32,2026-06-22 18:28:14,2026-06,success,included,True,59.7,56.35,"[""macos-15""]",https://github.com/PixarAnimationStudios/OpenUSD/actions/runs/27971406159/job/82778362676
82779103757,27971599912,1,wasm64,Wasm (Wasm64),2026-06-22 17:32:14,2026-06-22 17:33:54,2026-06,failure,not_successful,True,1.6666666666666667,1.0,"[""ubuntu-22.04""]",https://github.com/PixarAnimationStudios/OpenUSD/actions/runs/27971599912/job/82779103757
82779103763,27971599912,1,linux,Linux,2026-06-22 17:32:14,2026-06-22 18:37:10,2026-06,success,included,True,64.93333333333334,59.96666666666667,"[""ubuntu-22.04""]",https://github.com/PixarAnimationStudios/OpenUSD/actions/runs/27971599912/job/82779103763
82779103771,27971599912,1,wasm32,Wasm (Wasm),2026-06-22 17:32:14,2026-06-22 17:33:46,2026-06,failure,not_successful,True,1.5333333333333334,0.8166666666666667,"[""ubuntu-22.04""]",https://github.com/PixarAnimationStudios/OpenUSD/actions/runs/27971599912/job/82779103771
82779103805,27971599912,1,macos,macOS,2026-06-22 17:32:15,2026-06-22 18:42:46,2026-06,success,included,True,70.51666666666667,66.11666666666666,"[""macos-15""]",https://github.com/PixarAnimationStudios/OpenUSD/actions/runs/27971599912/job/82779103805
82779103724,27971599912,1,windows,Windows,2026-06-22 17:32:16,2026-06-22 20:18:54,2026-06,success,included,True,166.63333333333333,161.6,"[""windows-2022""]",https://github.com/PixarAnimationStudios/OpenUSD/actions/runs/27971599912/job/82779103724
82779167929,27971638256,1,linux,Linux,2026-06-22 17:32:32,2026-06-22 18:33:23,2026-06,success,included,True,60.85,56.166666666666664,"[""ubuntu-22.04""]",https://github.com/PixarAnimationStudios/OpenUSD/actions/runs/27971638256/job/82779167929
82779168053,27971638256,1,wasm64,Wasm (Wasm64),2026-06-22 17:32:32,2026-06-22 17:34:06,2026-06,failure,not_successful,True,1.5666666666666667,0.8833333333333333,"[""ubuntu-22.04""]",https://github.com/PixarAnimationStudios/OpenUSD/actions/runs/27971638256/job/82779168053
82779167957,27971638256,1,windows,Windows,2026-06-22 17:32:33,2026-06-22 20:19:15,2026-06,success,included,True,166.7,161.5,"[""windows-2022""]",https://github.com/PixarAnimationStudios/OpenUSD/actions/runs/27971638256/job/82779167957
82779167977,27971638256,1,wasm32,Wasm (Wasm),2026-06-22 17:32:33,2026-06-22 17:34:18,2026-06,failure,not_successful,True,1.75,1.0166666666666666,"[""ubuntu-22.04""]",https://github.com/PixarAnimationStudios/OpenUSD/actions/runs/27971638256/job/82779167977
82779167995,27971638256,1,macos,macOS,2026-06-22 17:32:34,2026-06-22 18:45:25,2026-06,success,included,True,72.85,67.63333333333334,"[""macos-15""]",https://github.com/PixarAnimationStudios/OpenUSD/actions/runs/27971638256/job/82779167995
82785051521,27973397318,1,wasm64,Wasm (Wasm64),2026-06-22 18:02:26,2026-06-22 18:04:03,2026-06,failure,not_successful,True,1.6166666666666667,0.9666666666666667,"[""ubuntu-22.04""]",https://github.com/PixarAnimationStudios/OpenUSD/actions/runs/27973397318/job/82785051521
82785051572,27973397318,1,linux,Linux,2026-06-22 18:02:26,2026-06-22 19:03:47,2026-06,success,included,True,61.35,56.4,"[""ubuntu-22.04""]",https://github.com/PixarAnimationStudios/OpenUSD/actions/runs/27973397318/job/82785051572
82785051485,27973397318,1,macos,macOS,2026-06-22 18:02:27,2026-06-22 19:01:19,2026-06,success,included,True,58.86666666666667,55.2,"[""macos-15""]",https://github.com/PixarAnimationStudios/OpenUSD/actions/runs/27973397318/job/82785051485
82785051500,27973397318,1,windows,Windows,2026-06-22 18:02:27,2026-06-22 20:46:40,2026-06,success,included,True,164.21666666666667,159.3,"[""windows-2022""]",https://github.com/PixarAnimationStudios/OpenUSD/actions/runs/27973397318/job/82785051500
82785051510,27973397318,1,wasm32,Wasm (Wasm),2026-06-22 18:02:27,2026-06-22 18:04:10,2026-06,failure,not_successful,True,1.7166666666666666,1.0166666666666666,"[""ubuntu-22.04""]",https://github.com/PixarAnimationStudios/OpenUSD/actions/runs/27973397318/job/82785051510
82850125905,27655611973,2,wasm32,Wasm (Wasm),2026-06-23 00:22:28,2026-06-23 00:24:03,2026-06,failure,not_successful,True,1.5833333333333333,0.9,"[""ubuntu-22.04""]",https://github.com/PixarAnimationStudios/OpenUSD/actions/runs/27655611973/job/82850125905
82850125965,27655611973,2,wasm64,Wasm (Wasm64),2026-06-23 00:22:28,2026-06-23 00:23:49,2026-06,failure,not_successful,True,1.35,0.7333333333333333,"[""ubuntu-22.04""]",https://github.com/PixarAnimationStudios/OpenUSD/actions/runs/27655611973/job/82850125965
82850125909,27655611973,2,windows,Windows,2026-06-23 00:22:29,2026-06-23 03:10:23,2026-06,success,included,True,167.9,162.93333333333334,"[""windows-2022""]",https://github.com/PixarAnimationStudios/OpenUSD/actions/runs/27655611973/job/82850125909
83221092093,28106181943,1,wasm64,Wasm (Wasm64),2026-06-24 14:33:40,2026-06-24 14:35:23,2026-06,failure,not_successful,True,1.7166666666666666,0.9833333333333333,"[""ubuntu-22.04""]",https://github.com/PixarAnimationStudios/OpenUSD/actions/runs/28106181943/job/83221092093
83221092115,28106181943,1,linux,Linux,2026-06-24 14:33:40,2026-06-24 15:34:01,2026-06,success,included,True,60.35,56.083333333333336,"[""ubuntu-22.04""]",https://github.com/PixarAnimationStudios/OpenUSD/actions/runs/28106181943/job/83221092115
83221092031,28106181943,1,windows,Windows,2026-06-24 14:33:41,2026-06-24 14:42:16,2026-06,success,included,True,8.583333333333334,3.183333333333333,"[""windows-2022""]",https://github.com/PixarAnimationStudios/OpenUSD/actions/runs/28106181943/job/83221092031
83221092069,28106181943,1,wasm32,Wasm (Wasm),2026-06-24 14:33:41,2026-06-24 14:35:19,2026-06,failure,not_successful,True,1.6333333333333333,0.9333333333333333,"[""ubuntu-22.04""]",https://github.com/PixarAnimationStudios/OpenUSD/actions/runs/28106181943/job/83221092069
83221092097,28106181943,1,macos,macOS,2026-06-24 14:33:41,2026-06-24 15:42:06,2026-06,success,included,True,68.41666666666667,63.56666666666667,"[""macos-15""]",https://github.com/PixarAnimationStudios/OpenUSD/actions/runs/28106181943/job/83221092097
83475078283,28182306566,1,linux,Linux,2026-06-25 15:44:45,2026-06-25 16:33:51,2026-06,success,included,True,49.1,45.233333333333334,"[""ubuntu-22.04""]",https://github.com/PixarAnimationStudios/OpenUSD/actions/runs/28182306566/job/83475078283
83475078256,28182306566,1,wasm32,Wasm (Wasm),2026-06-25 15:44:46,2026-06-25 15:46:27,2026-06,failure,not_successful,True,1.6833333333333333,0.9333333333333333,"[""ubuntu-22.04""]",https://github.com/PixarAnimationStudios/OpenUSD/actions/runs/28182306566/job/83475078256
83475078258,28182306566,1,wasm64,Wasm (Wasm64),2026-06-25 15:44:46,2026-06-25 15:46:28,2026-06,failure,not_successful,True,1.7,0.9833333333333333,"[""ubuntu-22.04""]",https://github.com/PixarAnimationStudios/OpenUSD/actions/runs/28182306566/job/83475078258
83475078266,28182306566,1,macos,macOS,2026-06-25 15:44:46,2026-06-25 16:56:26,2026-06,success,included,True,71.66666666666667,66.41666666666667,"[""macos-15""]",https://github.com/PixarAnimationStudios/OpenUSD/actions/runs/28182306566/job/83475078266
83475078274,28182306566,1,windows,Windows,2026-06-25 15:45:00,2026-06-25 15:57:16,2026-06,success,included,True,12.266666666666667,6.816666666666666,"[""windows-2022""]",https://github.com/PixarAnimationStudios/OpenUSD/actions/runs/28182306566/job/83475078274
83475316779,28182378152,1,linux,Linux,2026-06-25 15:45:49,2026-06-25 16:51:34,2026-06,success,included,True,65.75,60.916666666666664,"[""ubuntu-22.04""]",https://github.com/PixarAnimationStudios/OpenUSD/actions/runs/28182378152/job/83475316779
83475316822,28182378152,1,wasm64,Wasm (Wasm64),2026-06-25 15:45:49,2026-06-25 15:47:26,2026-06,failure,not_successful,True,1.6166666666666667,0.9,"[""ubuntu-22.04""]",https://github.com/PixarAnimationStudios/OpenUSD/actions/runs/28182378152/job/83475316822
83475316781,28182378152,1,windows,Windows,2026-06-25 15:45:50,2026-06-25 15:58:07,2026-06,success,included,True,12.283333333333333,6.833333333333333,"[""windows-2022""]",https://github.com/PixarAnimationStudios/OpenUSD/actions/runs/28182378152/job/83475316781
83475316792,28182378152,1,wasm32,Wasm (Wasm),2026-06-25 15:45:50,2026-06-25 15:47:29,2026-06,failure,not_successful,True,1.65,0.9833333333333333,"[""ubuntu-22.04""]",https://github.com/PixarAnimationStudios/OpenUSD/actions/runs/28182378152/job/83475316792
83475316812,28182378152,1,macos,macOS,2026-06-25 15:45:50,2026-06-25 16:47:32,2026-06,success,included,True,61.7,56.916666666666664,"[""macos-15""]",https://github.com/PixarAnimationStudios/OpenUSD/actions/runs/28182378152/job/83475316812
83499604195,28189323299,1,wasm64,Wasm (Wasm64),2026-06-25 17:50:04,2026-06-25 17:51:37,2026-06,failure,not_successful,True,1.55,0.7833333333333333,"[""ubuntu-22.04""]",https://github.com/PixarAnimationStudios/OpenUSD/actions/runs/28189323299/job/83499604195
83499604209,28189323299,1,wasm32,Wasm (Wasm),2026-06-25 17:50:04,2026-06-25 17:51:46,2026-06,failure,not_successful,True,1.7,0.9833333333333333,"[""ubuntu-22.04""]",https://github.com/PixarAnimationStudios/OpenUSD/actions/runs/28189323299/job/83499604209
83499604166,28189323299,1,macos,macOS,2026-06-25 17:50:07,2026-06-25 18:57:01,2026-06,success,included,True,66.9,62.333333333333336,"[""macos-15""]",https://github.com/PixarAnimationStudios/OpenUSD/actions/runs/28189323299/job/83499604166
83499604311,28189323299,1,windows,Windows,2026-06-25 17:50:07,2026-06-25 17:58:35,2026-06,success,included,True,8.466666666666667,3.2666666666666666,"[""windows-2022""]",https://github.com/PixarAnimationStudios/OpenUSD/actions/runs/28189323299/job/83499604311
83499605495,28189323299,1,linux,Linux,2026-06-25 17:50:07,2026-06-25 18:51:05,2026-06,success,included,True,60.96666666666667,56.61666666666667,"[""ubuntu-22.04""]",https://github.com/PixarAnimationStudios/OpenUSD/actions/runs/28189323299/job/83499605495
83546974958,28202954468,1,wasm32,Wasm (Wasm),2026-06-25 21:55:45,2026-06-25 21:57:19,2026-06,failure,not_successful,True,1.5666666666666667,0.8833333333333333,"[""ubuntu-22.04""]",https://github.com/PixarAnimationStudios/OpenUSD/actions/runs/28202954468/job/83546974958
83546974898,28202954468,1,linux,Linux,2026-06-25 21:55:46,2026-06-25 23:00:36,2026-06,success,included,True,64.83333333333333,59.8,"[""ubuntu-22.04""]",https://github.com/PixarAnimationStudios/OpenUSD/actions/runs/28202954468/job/83546974898
83546974909,28202954468,1,windows,Windows,2026-06-25 21:55:46,2026-06-25 22:04:08,2026-06,success,included,True,8.366666666666667,3.45,"[""windows-2022""]",https://github.com/PixarAnimationStudios/OpenUSD/actions/runs/28202954468/job/83546974909
83546974912,28202954468,1,macos,macOS,2026-06-25 21:55:46,2026-06-25 22:54:43,2026-06,success,included,True,58.95,54.55,"[""macos-15""]",https://github.com/PixarAnimationStudios/OpenUSD/actions/runs/28202954468/job/83546974912
83546974995,28202954468,1,wasm64,Wasm (Wasm64),2026-06-25 21:55:46,2026-06-25 21:57:32,2026-06,failure,not_successful,True,1.7666666666666666,1.05,"[""ubuntu-22.04""]",https://github.com/PixarAnimationStudios/OpenUSD/actions/runs/28202954468/job/83546974995
83719361905,28256041155,1,windows,Windows,2026-06-26 18:00:43,2026-06-26 20:46:45,2026-06,success,included,True,166.03333333333333,160.9,"[""windows-2022""]",https://github.com/PixarAnimationStudios/OpenUSD/actions/runs/28256041155/job/83719361905
83719361914,28256041155,1,linux,Linux,2026-06-26 18:00:43,2026-06-26 19:04:30,2026-06,success,included,True,63.78333333333333,59.083333333333336,"[""ubuntu-22.04""]",https://github.com/PixarAnimationStudios/OpenUSD/actions/runs/28256041155/job/83719361914
83719361932,28256041155,1,wasm64,Wasm (Wasm64),2026-06-26 18:00:43,2026-06-26 18:02:23,2026-06,failure,not_successful,True,1.6666666666666667,1.0,"[""ubuntu-22.04""]",https://github.com/PixarAnimationStudios/OpenUSD/actions/runs/28256041155/job/83719361932
83719361933,28256041155,1,wasm32,Wasm (Wasm),2026-06-26 18:00:43,2026-06-26 18:02:22,2026-06,failure,not_successful,True,1.65,1.0,"[""ubuntu-22.04""]",https://github.com/PixarAnimationStudios/OpenUSD/actions/runs/28256041155/job/83719361933
83719361907,28256041155,1,macos,macOS,2026-06-26 18:00:44,2026-06-26 19:05:04,2026-06,success,included,True,64.33333333333333,60.03333333333333,"[""macos-15""]",https://github.com/PixarAnimationStudios/OpenUSD/actions/runs/28256041155/job/83719361907
84119421668,28391452245,1,windows,Windows,2026-06-29 17:44:06,2026-06-29 17:50:26,2026-06,failure,not_successful,True,6.333333333333333,4.633333333333334,"[""windows-2022""]",https://github.com/PixarAnimationStudios/OpenUSD/actions/runs/28391452245/job/84119421668
84119421680,28391452245,1,wasm64,Wasm (Wasm64),2026-06-29 17:44:06,2026-06-29 17:47:43,2026-06,failure,not_successful,True,3.6166666666666667,2.966666666666667,"[""ubuntu-22.04""]",https://github.com/PixarAnimationStudios/OpenUSD/actions/runs/28391452245/job/84119421680
84119421712,28391452245,1,linux,Linux,2026-06-29 17:44:06,2026-06-29 18:46:23,2026-06,success,included,True,62.28333333333333,57.6,"[""ubuntu-22.04""]",https://github.com/PixarAnimationStudios/OpenUSD/actions/runs/28391452245/job/84119421712
84119421656,28391452245,1,macos,macOS,2026-06-29 17:44:07,2026-06-29 18:59:01,2026-06,success,included,True,74.9,70.23333333333333,"[""macos-15""]",https://github.com/PixarAnimationStudios/OpenUSD/actions/runs/28391452245/job/84119421656
84119421717,28391452245,1,wasm32,Wasm (Wasm),2026-06-29 17:44:07,2026-06-29 17:46:45,2026-06,failure,not_successful,True,2.6333333333333333,2.0833333333333335,"[""ubuntu-22.04""]",https://github.com/PixarAnimationStudios/OpenUSD/actions/runs/28391452245/job/84119421717
84122888189,28392475895,1,linux,Linux,2026-06-29 18:02:27,2026-06-29 19:06:26,2026-06,success,included,True,63.983333333333334,59.266666666666666,"[""ubuntu-22.04""]",https://github.com/PixarAnimationStudios/OpenUSD/actions/runs/28392475895/job/84122888189
84122888191,28392475895,1,macos,macOS,2026-06-29 18:02:28,2026-06-29 19:07:29,2026-06,success,included,True,65.01666666666667,60.45,"[""macos-15""]",https://github.com/PixarAnimationStudios/OpenUSD/actions/runs/28392475895/job/84122888191
84122888198,28392475895,1,wasm32,Wasm (Wasm),2026-06-29 18:02:28,2026-06-29 18:06:15,2026-06,failure,not_successful,True,3.783333333333333,3.033333333333333,"[""ubuntu-22.04""]",https://github.com/PixarAnimationStudios/OpenUSD/actions/runs/28392475895/job/84122888198
84122888202,28392475895,1,wasm64,Wasm (Wasm64),2026-06-29 18:02:28,2026-06-29 18:06:19,2026-06,failure,not_successful,True,3.85,3.0166666666666666,"[""ubuntu-22.04""]",https://github.com/PixarAnimationStudios/OpenUSD/actions/runs/28392475895/job/84122888202
84122888223,28392475895,1,windows,Windows,2026-06-29 18:02:28,2026-06-29 18:13:34,2026-06,success,included,True,11.1,5.716666666666667,"[""windows-2022""]",https://github.com/PixarAnimationStudios/OpenUSD/actions/runs/28392475895/job/84122888223
84135302384,28396130914,1,linux,Linux,2026-06-29 19:08:14,2026-06-29 20:14:34,2026-06,success,included,True,66.33333333333333,61.53333333333333,"[""ubuntu-22.04""]",https://github.com/PixarAnimationStudios/OpenUSD/actions/runs/28396130914/job/84135302384
84135302419,28396130914,1,wasm64,Wasm (Wasm64),2026-06-29 19:08:14,2026-06-29 19:09:35,2026-06,failure,not_successful,True,1.35,0.7333333333333333,"[""ubuntu-22.04""]",https://github.com/PixarAnimationStudios/OpenUSD/actions/runs/28396130914/job/84135302419
84135302374,28396130914,1,wasm32,Wasm (Wasm),2026-06-29 19:08:15,2026-06-29 19:09:38,2026-06,failure,not_successful,True,1.3833333333333333,0.75,"[""ubuntu-22.04""]",https://github.com/PixarAnimationStudios/OpenUSD/actions/runs/28396130914/job/84135302374
84135302378,28396130914,1,macos,macOS,2026-06-29 19:08:15,2026-06-29 20:12:03,2026-06,success,included,True,63.8,59.666666666666664,"[""macos-15""]",https://github.com/PixarAnimationStudios/OpenUSD/actions/runs/28396130914/job/84135302378
84135302406,28396130914,1,windows,Windows,2026-06-29 19:08:15,2026-06-29 19:16:12,2026-06,success,included,True,7.95,2.9833333333333334,"[""windows-2022""]",https://github.com/PixarAnimationStudios/OpenUSD/actions/runs/28396130914/job/84135302406
84164094306,28404583145,1,wasm64,Wasm (Wasm64),2026-06-29 21:42:53,2026-06-29 21:44:26,2026-06,failure,not_successful,True,1.55,0.9,"[""ubuntu-22.04""]",https://github.com/PixarAnimationStudios/OpenUSD/actions/runs/28404583145/job/84164094306
84164094314,28404583145,1,wasm32,Wasm (Wasm),2026-06-29 21:42:53,2026-06-29 21:44:27,2026-06,failure,not_successful,True,1.5666666666666667,0.9,"[""ubuntu-22.04""]",https://github.com/PixarAnimationStudios/OpenUSD/actions/runs/28404583145/job/84164094314
84164094294,28404583145,1,macos,macOS,2026-06-29 21:42:55,2026-06-29 22:48:16,2026-06,failure,not_successful,True,65.35,61.46666666666667,"[""macos-15""]",https://github.com/PixarAnimationStudios/OpenUSD/actions/runs/28404583145/job/84164094294
84164094315,28404583145,1,linux,Linux,2026-06-29 21:42:55,2026-06-29 22:47:04,2026-06,success,included,True,64.15,59.25,"[""ubuntu-22.04""]",https://github.com/PixarAnimationStudios/OpenUSD/actions/runs/28404583145/job/84164094315
84164094505,28404583145,1,windows,Windows,2026-06-29 21:42:55,2026-06-29 21:50:17,2026-06,success,included,True,7.366666666666666,2.6666666666666665,"[""windows-2022""]",https://github.com/PixarAnimationStudios/OpenUSD/actions/runs/28404583145/job/84164094505
84172234021,28407172920,1,wasm32,Wasm (Wasm),2026-06-29 22:35:25,2026-06-29 22:37:03,2026-06,failure,not_successful,True,1.6333333333333333,0.9666666666666667,"[""ubuntu-22.04""]",https://github.com/PixarAnimationStudios/OpenUSD/actions/runs/28407172920/job/84172234021
84172234069,28407172920,1,wasm64,Wasm (Wasm64),2026-06-29 22:35:26,2026-06-29 22:37:01,2026-06,failure,not_successful,True,1.5833333333333333,0.95,"[""ubuntu-22.04""]",https://github.com/PixarAnimationStudios/OpenUSD/actions/runs/28407172920/job/84172234069
84172234162,28407172920,1,linux,Linux,2026-06-29 22:35:26,2026-06-29 23:37:23,2026-06,success,included,True,61.95,57.766666666666666,"[""ubuntu-22.04""]",https://github.com/PixarAnimationStudios/OpenUSD/actions/runs/28407172920/job/84172234162
84172234019,28407172920,1,macos,macOS,2026-06-29 22:35:27,2026-06-29 23:33:38,2026-06,success,included,True,58.18333333333333,54.45,"[""macos-15""]",https://github.com/PixarAnimationStudios/OpenUSD/actions/runs/28407172920/job/84172234019
84172234022,28407172920,1,windows,Windows,2026-06-29 22:35:27,2026-06-29 22:43:34,2026-06,success,included,True,8.116666666666667,3.1166666666666667,"[""windows-2022""]",https://github.com/PixarAnimationStudios/OpenUSD/actions/runs/28407172920/job/84172234022
84181835299,28410334127,1,macos,macOS,2026-06-29 23:50:26,2026-06-30 00:54:08,2026-06,success,included,True,63.7,60.15,"[""macos-15""]",https://github.com/PixarAnimationStudios/OpenUSD/actions/runs/28410334127/job/84181835299
84181835308,28410334127,1,linux,Linux,2026-06-29 23:50:26,2026-06-30 00:55:04,2026-06,success,included,True,64.63333333333334,60.11666666666667,"[""ubuntu-22.04""]",https://github.com/PixarAnimationStudios/OpenUSD/actions/runs/28410334127/job/84181835308
84181835313,28410334127,1,wasm64,Wasm (Wasm64),2026-06-29 23:50:26,2026-06-29 23:51:45,2026-06,failure,not_successful,True,1.3166666666666667,0.7166666666666667,"[""ubuntu-22.04""]",https://github.com/PixarAnimationStudios/OpenUSD/actions/runs/28410334127/job/84181835313
84181835317,28410334127,1,wasm32,Wasm (Wasm),2026-06-29 23:50:26,2026-06-29 23:51:59,2026-06,failure,not_successful,True,1.55,0.85,"[""ubuntu-22.04""]",https://github.com/PixarAnimationStudios/OpenUSD/actions/runs/28410334127/job/84181835317
84181835320,28410334127,1,windows,Windows,2026-06-29 23:50:26,2026-06-29 23:58:29,2026-06,success,included,True,8.05,3.0833333333333335,"[""windows-2022""]",https://github.com/PixarAnimationStudios/OpenUSD/actions/runs/28410334127/job/84181835320
84182124029,28410432254,1,linux,Linux,2026-06-29 23:52:56,2026-06-30 00:57:35,2026-06,success,included,True,64.65,60.15,"[""ubuntu-22.04""]",https://github.com/PixarAnimationStudios/OpenUSD/actions/runs/28410432254/job/84182124029
84182124032,28410432254,1,windows,Windows,2026-06-29 23:52:56,2026-06-30 00:00:47,2026-06,success,included,True,7.85,3.033333333333333,"[""windows-2022""]",https://github.com/PixarAnimationStudios/OpenUSD/actions/runs/28410432254/job/84182124032
84182124043,28410432254,1,macos,macOS,2026-06-29 23:52:56,2026-06-30 00:52:26,2026-06,failure,not_successful,True,59.5,56.03333333333333,"[""macos-15""]",https://github.com/PixarAnimationStudios/OpenUSD/actions/runs/28410432254/job/84182124043
84182124054,28410432254,1,wasm32,Wasm (Wasm),2026-06-29 23:52:56,2026-06-29 23:53:59,2026-06,failure,not_successful,True,1.05,0.5,"[""ubuntu-22.04""]",https://github.com/PixarAnimationStudios/OpenUSD/actions/runs/28410432254/job/84182124054
84182124058,28410432254,1,wasm64,Wasm (Wasm64),2026-06-29 23:52:56,2026-06-29 23:54:32,2026-06,failure,not_successful,True,1.6,0.95,"[""ubuntu-22.04""]",https://github.com/PixarAnimationStudios/OpenUSD/actions/runs/28410432254/job/84182124058
84184784721,28411347275,1,linux,Linux,2026-06-30 00:15:16,2026-06-30 01:22:50,2026-06,success,included,True,67.56666666666666,62.583333333333336,"[""ubuntu-22.04""]",https://github.com/PixarAnimationStudios/OpenUSD/actions/runs/28411347275/job/84184784721
84184784744,28411347275,1,windows,Windows,2026-06-30 00:15:16,2026-06-30 02:43:33,2026-06,failure,not_successful,True,148.28333333333333,146.38333333333333,"[""windows-2022""]",https://github.com/PixarAnimationStudios/OpenUSD/actions/runs/28411347275/job/84184784744
84184784750,28411347275,1,wasm32,Wasm (Wasm),2026-06-30 00:15:16,2026-06-30 01:10:46,2026-06,success,included,True,55.5,53.81666666666667,"[""ubuntu-22.04""]",https://github.com/PixarAnimationStudios/OpenUSD/actions/runs/28411347275/job/84184784750
84184784754,28411347275,1,wasm64,Wasm (Wasm64),2026-06-30 00:15:16,2026-06-30 01:14:03,2026-06,success,included,True,58.78333333333333,57.1,"[""ubuntu-22.04""]",https://github.com/PixarAnimationStudios/OpenUSD/actions/runs/28411347275/job/84184784754
84184784722,28411347275,1,macos,macOS,2026-06-30 00:15:17,2026-06-30 01:27:06,2026-06,success,included,True,71.81666666666666,66.93333333333334,"[""macos-15""]",https://github.com/PixarAnimationStudios/OpenUSD/actions/runs/28411347275/job/84184784722
84360773448,28464501607,1,windows,Windows,2026-06-30 17:46:41,2026-06-30 20:23:57,2026-06,failure,not_successful,True,157.26666666666668,155.0,"[""windows-2022""]",https://github.com/PixarAnimationStudios/OpenUSD/actions/runs/28464501607/job/84360773448
84360773454,28464501607,1,linux,Linux,2026-06-30 17:46:41,2026-06-30 18:51:15,2026-06,success,included,True,64.56666666666666,59.9,"[""ubuntu-22.04""]",https://github.com/PixarAnimationStudios/OpenUSD/actions/runs/28464501607/job/84360773454
84360773483,28464501607,1,wasm32,Wasm (Wasm),2026-06-30 17:46:41,2026-06-30 18:43:56,2026-06,success,included,True,57.25,55.483333333333334,"[""ubuntu-22.04""]",https://github.com/PixarAnimationStudios/OpenUSD/actions/runs/28464501607/job/84360773483
84360773497,28464501607,1,wasm64,Wasm (Wasm64),2026-06-30 17:46:41,2026-06-30 18:42:09,2026-06,success,included,True,55.46666666666667,53.733333333333334,"[""ubuntu-22.04""]",https://github.com/PixarAnimationStudios/OpenUSD/actions/runs/28464501607/job/84360773497
84360773510,28464501607,1,macos,macOS,2026-06-30 17:46:41,2026-06-30 18:30:08,2026-06,success,included,True,43.45,40.333333333333336,"[""macos-15""]",https://github.com/PixarAnimationStudios/OpenUSD/actions/runs/28464501607/job/84360773510
84412321576,28479480412,1,linux,Linux,2026-06-30 22:18:21,2026-06-30 23:20:46,2026-06,success,included,True,62.416666666666664,57.93333333333333,"[""ubuntu-22.04""]",https://github.com/PixarAnimationStudios/OpenUSD/actions/runs/28479480412/job/84412321576
84412321578,28479480412,1,macos,macOS,2026-06-30 22:18:21,2026-06-30 23:29:14,2026-06,success,included,True,70.88333333333334,66.6,"[""macos-15""]",https://github.com/PixarAnimationStudios/OpenUSD/actions/runs/28479480412/job/84412321578
84412321584,28479480412,1,wasm32,Wasm (Wasm),2026-06-30 22:18:21,2026-06-30 23:18:58,2026-06,success,included,True,60.61666666666667,58.8,"[""ubuntu-22.04""]",https://github.com/PixarAnimationStudios/OpenUSD/actions/runs/28479480412/job/84412321584
84412321529,28479480412,1,windows,Windows,2026-06-30 22:18:22,2026-06-30 22:25:33,2026-06,failure,not_successful,True,7.183333333333334,5.133333333333334,"[""windows-2022""]",https://github.com/PixarAnimationStudios/OpenUSD/actions/runs/28479480412/job/84412321529
84412321567,28479480412,1,wasm64,Wasm (Wasm64),2026-06-30 22:18:22,2026-06-30 23:20:09,2026-06,success,included,True,61.78333333333333,59.95,"[""ubuntu-22.04""]",https://github.com/PixarAnimationStudios/OpenUSD/actions/runs/28479480412/job/84412321567
84457664031,28494408263,1,macos,macOS,2026-07-01 04:53:27,2026-07-01 04:53:26,2026-07,skipped,not_successful,False,,,"[""macos-15""]",https://github.com/PixarAnimationStudios/OpenUSD/actions/runs/28494408263/job/84457664031
84457664244,28494408263,1,windows,Windows,2026-07-01 04:53:27,2026-07-01 04:53:26,2026-07,skipped,not_successful,False,,,"[""windows-2022""]",https://github.com/PixarAnimationStudios/OpenUSD/actions/runs/28494408263/job/84457664244
84457664281,28494408263,1,linux,Linux,2026-07-01 04:53:27,2026-07-01 04:53:26,2026-07,skipped,not_successful,False,,,"[""ubuntu-22.04""]",https://github.com/PixarAnimationStudios/OpenUSD/actions/runs/28494408263/job/84457664281
84457664409,28494408263,1,wasm32,Wasm,2026-07-01 04:53:27,2026-07-01 04:53:26,2026-07,skipped,not_successful,False,,,"[""ubuntu-22.04""]",https://github.com/PixarAnimationStudios/OpenUSD/actions/runs/28494408263/job/84457664409
84536093838,28518433692,1,macos,macOS,2026-07-01 12:45:18,2026-07-01 13:57:11,2026-07,success,included,True,71.88333333333334,66.2,"[""macos-15""]",https://github.com/PixarAnimationStudios/OpenUSD/actions/runs/28518433692/job/84536093838
84536093856,28518433692,1,windows,Windows,2026-07-01 12:45:18,2026-07-01 12:50:19,2026-07,failure,not_successful,True,5.016666666666667,2.8,"[""windows-2022""]",https://github.com/PixarAnimationStudios/OpenUSD/actions/runs/28518433692/job/84536093856
84536093944,28518433692,1,linux,Linux,2026-07-01 12:45:18,2026-07-01 13:47:43,2026-07,success,included,True,62.416666666666664,57.61666666666667,"[""ubuntu-22.04""]",https://github.com/PixarAnimationStudios/OpenUSD/actions/runs/28518433692/job/84536093944
84536093906,28518433692,1,wasm64,Wasm (Wasm64),2026-07-01 12:45:19,2026-07-01 13:44:59,2026-07,success,included,True,59.666666666666664,57.9,"[""ubuntu-22.04""]",https://github.com/PixarAnimationStudios/OpenUSD/actions/runs/28518433692/job/84536093906
84536093883,28518433692,1,wasm32,Wasm (Wasm),2026-07-01 12:45:20,2026-07-01 13:45:07,2026-07,success,included,True,59.78333333333333,58.016666666666666,"[""ubuntu-22.04""]",https://github.com/PixarAnimationStudios/OpenUSD/actions/runs/28518433692/job/84536093883
84666356722,28556950135,1,linux,Linux,2026-07-02 00:29:26,2026-07-02 01:34:57,2026-07,success,included,True,65.51666666666667,60.63333333333333,"[""ubuntu-22.04""]",https://github.com/PixarAnimationStudios/OpenUSD/actions/runs/28556950135/job/84666356722
84666356731,28556950135,1,windows,Windows,2026-07-02 00:29:27,2026-07-02 00:38:09,2026-07,failure,not_successful,True,8.7,6.066666666666666,"[""windows-2022""]",https://github.com/PixarAnimationStudios/OpenUSD/actions/runs/28556950135/job/84666356731
84666356736,28556950135,1,wasm64,Wasm (Wasm64),2026-07-02 00:29:27,2026-07-02 01:23:45,2026-07,success,included,True,54.3,52.56666666666667,"[""ubuntu-22.04""]",https://github.com/PixarAnimationStudios/OpenUSD/actions/runs/28556950135/job/84666356736
84666356760,28556950135,1,wasm32,Wasm (Wasm),2026-07-02 00:29:27,2026-07-02 01:27:33,2026-07,success,included,True,58.1,56.31666666666667,"[""ubuntu-22.04""]",https://github.com/PixarAnimationStudios/OpenUSD/actions/runs/28556950135/job/84666356760
84666356761,28556950135,1,macos,macOS,2026-07-02 00:29:27,2026-07-02 01:33:04,2026-07,success,included,True,63.61666666666667,58.9,"[""macos-15""]",https://github.com/PixarAnimationStudios/OpenUSD/actions/runs/28556950135/job/84666356761
85346438348,28784071852,1,macos,macOS,2026-07-06 10:11:31,2026-07-06 10:55:27,2026-07,success,included,True,43.93333333333333,40.9,"[""macos-15""]",https://github.com/PixarAnimationStudios/OpenUSD/actions/runs/28784071852/job/85346438348
85346438377,28784071852,1,linux,Linux,2026-07-06 10:11:31,2026-07-06 11:16:47,2026-07,success,included,True,65.26666666666667,60.6,"[""ubuntu-22.04""]",https://github.com/PixarAnimationStudios/OpenUSD/actions/runs/28784071852/job/85346438377
85346438378,28784071852,1,wasm32,Wasm (Wasm),2026-07-06 10:11:31,2026-07-06 11:27:41,2026-07,success,included,True,76.16666666666667,74.41666666666667,"[""ubuntu-22.04""]",https://github.com/PixarAnimationStudios/OpenUSD/actions/runs/28784071852/job/85346438378
85346438389,28784071852,1,windows,Windows,2026-07-06 10:11:31,2026-07-06 10:16:44,2026-07,failure,not_successful,True,5.216666666666667,3.1333333333333333,"[""windows-2022""]",https://github.com/PixarAnimationStudios/OpenUSD/actions/runs/28784071852/job/85346438389
85346438404,28784071852,1,wasm64,Wasm (Wasm64),2026-07-06 10:11:31,2026-07-06 11:29:30,2026-07,success,included,True,77.98333333333333,76.25,"[""ubuntu-22.04""]",https://github.com/PixarAnimationStudios/OpenUSD/actions/runs/28784071852/job/85346438404
85419744263,28805435884,1,wasm32,Wasm (Wasm),2026-07-06 16:06:14,2026-07-06 17:00:50,2026-07,success,included,True,54.6,52.833333333333336,"[""ubuntu-22.04""]",https://github.com/PixarAnimationStudios/OpenUSD/actions/runs/28805435884/job/85419744263
85419744265,28805435884,1,windows,Windows,2026-07-06 16:06:14,2026-07-06 16:11:39,2026-07,failure,not_successful,True,5.416666666666667,3.1,"[""windows-2022""]",https://github.com/PixarAnimationStudios/OpenUSD/actions/runs/28805435884/job/85419744265
85419744483,28805435884,1,wasm64,Wasm (Wasm64),2026-07-06 16:06:14,2026-07-06 17:02:28,2026-07,success,included,True,56.233333333333334,54.46666666666667,"[""ubuntu-22.04""]",https://github.com/PixarAnimationStudios/OpenUSD/actions/runs/28805435884/job/85419744483
85419744227,28805435884,1,linux,Linux,2026-07-06 16:06:16,2026-07-06 17:11:25,2026-07,success,included,True,65.15,60.483333333333334,"[""ubuntu-22.04""]",https://github.com/PixarAnimationStudios/OpenUSD/actions/runs/28805435884/job/85419744227
85419744277,28805435884,1,macos,macOS,2026-07-06 16:06:16,2026-07-06 17:07:48,2026-07,success,included,True,61.53333333333333,56.7,"[""macos-15""]",https://github.com/PixarAnimationStudios/OpenUSD/actions/runs/28805435884/job/85419744277
85467083360,28819397715,1,wasm32,Wasm (Wasm),2026-07-06 20:00:04,2026-07-06 20:59:03,2026-07,success,included,True,58.983333333333334,57.28333333333333,"[""ubuntu-22.04""]",https://github.com/PixarAnimationStudios/OpenUSD/actions/runs/28819397715/job/85467083360
85467083376,28819397715,1,wasm64,Wasm (Wasm64),2026-07-06 20:00:04,2026-07-06 20:59:43,2026-07,success,included,True,59.65,57.9,"[""ubuntu-22.04""]",https://github.com/PixarAnimationStudios/OpenUSD/actions/runs/28819397715/job/85467083376
85467083361,28819397715,1,linux,Linux,2026-07-06 20:00:05,2026-07-06 21:04:55,2026-07,success,included,True,64.83333333333333,59.93333333333333,"[""ubuntu-22.04""]",https://github.com/PixarAnimationStudios/OpenUSD/actions/runs/28819397715/job/85467083361
85467083326,28819397715,1,windows,Windows,2026-07-06 20:00:06,2026-07-06 20:05:22,2026-07,failure,not_successful,True,5.266666666666667,3.05,"[""windows-2022""]",https://github.com/PixarAnimationStudios/OpenUSD/actions/runs/28819397715/job/85467083326
85467083343,28819397715,1,macos,macOS,2026-07-06 20:00:06,2026-07-06 21:01:51,2026-07,success,included,True,61.75,57.2,"[""macos-15""]",https://github.com/PixarAnimationStudios/OpenUSD/actions/runs/28819397715/job/85467083343
85666390676,28880258984,1,windows,Windows,2026-07-07 16:00:07,2026-07-07 16:05:22,2026-07,failure,not_successful,True,5.25,3.1666666666666665,"[""windows-2022""]",https://github.com/PixarAnimationStudios/OpenUSD/actions/runs/28880258984/job/85666390676
85666390759,28880258984,1,linux,Linux,2026-07-07 16:00:07,2026-07-07 17:03:20,2026-07,failure,not_successful,True,63.21666666666667,58.71666666666667,"[""ubuntu-22.04""]",https://github.com/PixarAnimationStudios/OpenUSD/actions/runs/28880258984/job/85666390759
85666390927,28880258984,1,wasm64,Wasm (Wasm64),2026-07-07 16:00:08,2026-07-07 17:00:57,2026-07,success,included,True,60.81666666666667,58.96666666666667,"[""ubuntu-22.04""]",https://github.com/PixarAnimationStudios/OpenUSD/actions/runs/28880258984/job/85666390927
85666390809,28880258984,1,macos,macOS,2026-07-07 16:00:09,2026-07-07 17:09:51,2026-07,failure,not_successful,True,69.7,65.28333333333333,"[""macos-15""]",https://github.com/PixarAnimationStudios/OpenUSD/actions/runs/28880258984/job/85666390809
85666390906,28880258984,1,wasm32,Wasm (Wasm),2026-07-07 16:00:09,2026-07-07 16:44:05,2026-07,success,included,True,43.93333333333333,42.28333333333333,"[""ubuntu-22.04""]",https://github.com/PixarAnimationStudios/OpenUSD/actions/runs/28880258984/job/85666390906
85684798019,28885525285,1,wasm64,Wasm (Wasm64),2026-07-07 17:25:43,2026-07-07 18:26:36,2026-07,failure,not_successful,True,60.88333333333333,59.13333333333333,"[""ubuntu-22.04""]",https://github.com/PixarAnimationStudios/OpenUSD/actions/runs/28885525285/job/85684798019
85684797908,28885525285,1,macos,macOS,2026-07-07 17:25:44,2026-07-07 18:18:42,2026-07,failure,not_successful,True,52.96666666666667,48.63333333333333,"[""macos-15""]",https://github.com/PixarAnimationStudios/OpenUSD/actions/runs/28885525285/job/85684797908
85684797917,28885525285,1,wasm32,Wasm (Wasm),2026-07-07 17:25:44,2026-07-07 18:24:07,2026-07,failure,not_successful,True,58.38333333333333,56.65,"[""ubuntu-22.04""]",https://github.com/PixarAnimationStudios/OpenUSD/actions/runs/28885525285/job/85684797917
85684797938,28885525285,1,linux,Linux,2026-07-07 17:25:44,2026-07-07 18:16:10,2026-07,failure,not_successful,True,50.43333333333333,46.35,"[""ubuntu-22.04""]",https://github.com/PixarAnimationStudios/OpenUSD/actions/runs/28885525285/job/85684797938
85684797939,28885525285,1,windows,Windows,2026-07-07 17:25:44,2026-07-07 17:31:40,2026-07,failure,not_successful,True,5.933333333333334,3.9166666666666665,"[""windows-2022""]",https://github.com/PixarAnimationStudios/OpenUSD/actions/runs/28885525285/job/85684797939
85696108271,28888883351,1,macos,macOS,2026-07-07 18:21:44,2026-07-07 19:19:00,2026-07,success,included,True,57.266666666666666,53.15,"[""macos-15""]",https://github.com/PixarAnimationStudios/OpenUSD/actions/runs/28888883351/job/85696108271
85731847175,28888883351,2,macos,macOS,2026-07-07 18:21:44,2026-07-07 19:19:00,2026-07,success,duplicate_execution,True,57.266666666666666,53.15,"[""macos-15""]",https://github.com/PixarAnimationStudios/OpenUSD/actions/runs/28888883351/job/85731847175
85696108204,28888883351,1,wasm64,Wasm (Wasm64),2026-07-07 18:21:45,2026-07-07 19:27:24,2026-07,success,included,True,65.65,63.93333333333333,"[""ubuntu-22.04""]",https://github.com/PixarAnimationStudios/OpenUSD/actions/runs/28888883351/job/85696108204
85696108207,28888883351,1,wasm32,Wasm (Wasm),2026-07-07 18:21:45,2026-07-07 19:19:55,2026-07,success,included,True,58.166666666666664,56.46666666666667,"[""ubuntu-22.04""]",https://github.com/PixarAnimationStudios/OpenUSD/actions/runs/28888883351/job/85696108207
85731864461,28888883351,2,wasm64,Wasm (Wasm64),2026-07-07 18:21:45,2026-07-07 19:27:24,2026-07,success,duplicate_execution,True,65.65,63.93333333333333,"[""ubuntu-22.04""]",https://github.com/PixarAnimationStudios/OpenUSD/actions/runs/28888883351/job/85731864461
85731867118,28888883351,2,wasm32,Wasm (Wasm),2026-07-07 18:21:45,2026-07-07 19:19:55,2026-07,success,duplicate_execution,True,58.166666666666664,56.46666666666667,"[""ubuntu-22.04""]",https://github.com/PixarAnimationStudios/OpenUSD/actions/runs/28888883351/job/85731867118
85696108171,28888883351,1,windows,Windows,2026-07-07 18:21:46,2026-07-07 21:00:31,2026-07,success,included,True,158.75,153.48333333333332,"[""windows-2022""]",https://github.com/PixarAnimationStudios/OpenUSD/actions/runs/28888883351/job/85696108171
85696108224,28888883351,1,linux,Linux,2026-07-07 18:21:46,2026-07-07 19:38:30,2026-07,success,included,True,76.73333333333333,70.45,"[""ubuntu-22.04""]",https://github.com/PixarAnimationStudios/OpenUSD/actions/runs/28888883351/job/85696108224
85731847704,28888883351,2,linux,Linux,2026-07-07 18:21:46,2026-07-07 19:38:30,2026-07,success,duplicate_execution,True,76.73333333333333,70.45,"[""ubuntu-22.04""]",https://github.com/PixarAnimationStudios/OpenUSD/actions/runs/28888883351/job/85731847704
85731862664,28888883351,2,windows,Windows,2026-07-07 18:21:46,2026-07-07 21:00:31,2026-07,success,duplicate_execution,True,158.75,153.48333333333332,"[""windows-2022""]",https://github.com/PixarAnimationStudios/OpenUSD/actions/runs/28888883351/job/85731862664
85700838568,28890232570,1,windows,Windows,2026-07-07 18:44:41,2026-07-07 21:24:30,2026-07,success,included,True,159.81666666666666,154.56666666666666,"[""windows-2022""]",https://github.com/PixarAnimationStudios/OpenUSD/actions/runs/28890232570/job/85700838568
85700838584,28890232570,1,linux,Linux,2026-07-07 18:44:41,2026-07-07 19:52:32,2026-07,success,included,True,67.85,63.166666666666664,"[""ubuntu-22.04""]",https://github.com/PixarAnimationStudios/OpenUSD/actions/runs/28890232570/job/85700838584
85700838610,28890232570,1,wasm32,Wasm (Wasm),2026-07-07 18:44:41,2026-07-07 19:42:17,2026-07,success,included,True,57.6,55.833333333333336,"[""ubuntu-22.04""]",https://github.com/PixarAnimationStudios/OpenUSD/actions/runs/28890232570/job/85700838610
85700838660,28890232570,1,wasm64,Wasm (Wasm64),2026-07-07 18:44:41,2026-07-07 19:43:08,2026-07,success,included,True,58.45,56.61666666666667,"[""ubuntu-22.04""]",https://github.com/PixarAnimationStudios/OpenUSD/actions/runs/28890232570/job/85700838660
85700838601,28890232570,1,macos,macOS,2026-07-07 18:44:42,2026-07-07 19:45:00,2026-07,success,included,True,60.3,55.61666666666667,"[""macos-15""]",https://github.com/PixarAnimationStudios/OpenUSD/actions/runs/28890232570/job/85700838601
85734564170,28900091921,1,macos,macOS,2026-07-07 21:31:44,2026-07-07 22:57:51,2026-07,success,included,True,86.11666666666666,81.13333333333334,"[""macos-15""]",https://github.com/PixarAnimationStudios/OpenUSD/actions/runs/28900091921/job/85734564170
85734564179,28900091921,1,wasm32,Wasm (Wasm),2026-07-07 21:31:44,2026-07-07 22:32:12,2026-07,success,included,True,60.46666666666667,58.8,"[""ubuntu-22.04""]",https://github.com/PixarAnimationStudios/OpenUSD/actions/runs/28900091921/job/85734564179
85734564202,28900091921,1,linux,Linux,2026-07-07 21:31:44,2026-07-07 22:22:52,2026-07,success,included,True,51.13333333333333,46.916666666666664,"[""ubuntu-22.04""]",https://github.com/PixarAnimationStudios/OpenUSD/actions/runs/28900091921/job/85734564202
85734564172,28900091921,1,windows,Windows,2026-07-07 21:31:45,2026-07-07 21:40:32,2026-07,success,included,True,8.783333333333333,3.183333333333333,"[""windows-2022""]",https://github.com/PixarAnimationStudios/OpenUSD/actions/runs/28900091921/job/85734564172
85734564214,28900091921,1,wasm64,Wasm (Wasm64),2026-07-07 21:31:45,2026-07-07 22:33:32,2026-07,success,included,True,61.78333333333333,59.96666666666667,"[""ubuntu-22.04""]",https://github.com/PixarAnimationStudios/OpenUSD/actions/runs/28900091921/job/85734564214
85913733276,28955606440,1,linux,Linux,2026-07-08 15:42:23,2026-07-08 16:47:34,2026-07,success,included,True,65.18333333333334,59.31666666666667,"[""ubuntu-22.04""]",https://github.com/PixarAnimationStudios/OpenUSD/actions/runs/28955606440/job/85913733276
85913733315,28955606440,1,wasm32,Wasm (Wasm),2026-07-08 15:42:23,2026-07-08 16:40:35,2026-07,success,included,True,58.2,56.416666666666664,"[""ubuntu-22.04""]",https://github.com/PixarAnimationStudios/OpenUSD/actions/runs/28955606440/job/85913733315
85913733347,28955606440,1,wasm64,Wasm (Wasm64),2026-07-08 15:42:24,2026-07-08 16:43:44,2026-07,success,included,True,61.333333333333336,59.5,"[""ubuntu-22.04""]",https://github.com/PixarAnimationStudios/OpenUSD/actions/runs/28955606440/job/85913733347
85913733288,28955606440,1,macos,macOS,2026-07-08 15:42:25,2026-07-08 16:54:39,2026-07,success,included,True,72.23333333333333,66.98333333333333,"[""macos-15""]",https://github.com/PixarAnimationStudios/OpenUSD/actions/runs/28955606440/job/85913733288
85913733551,28955606440,1,windows,Windows,2026-07-08 15:42:25,2026-07-08 18:32:16,2026-07,success,included,True,169.85,163.96666666666667,"[""windows-2022""]",https://github.com/PixarAnimationStudios/OpenUSD/actions/runs/28955606440/job/85913733551
85914723925,28955881950,1,linux,Linux,2026-07-08 15:46:24,2026-07-08 16:49:10,2026-07,success,included,True,62.766666666666666,57.96666666666667,"[""ubuntu-22.04""]",https://github.com/PixarAnimationStudios/OpenUSD/actions/runs/28955881950/job/85914723925
85914723950,28955881950,1,windows,Windows,2026-07-08 15:46:25,2026-07-08 18:34:13,2026-07,success,included,True,167.8,161.96666666666667,"[""windows-2022""]",https://github.com/PixarAnimationStudios/OpenUSD/actions/runs/28955881950/job/85914723950
85914723959,28955881950,1,macos,macOS,2026-07-08 15:46:25,2026-07-08 16:43:16,2026-07,success,included,True,56.85,52.95,"[""macos-15""]",https://github.com/PixarAnimationStudios/OpenUSD/actions/runs/28955881950/job/85914723959
85914723975,28955881950,1,wasm32,Wasm (Wasm),2026-07-08 15:46:25,2026-07-08 16:48:34,2026-07,success,included,True,62.15,60.38333333333333,"[""ubuntu-22.04""]",https://github.com/PixarAnimationStudios/OpenUSD/actions/runs/28955881950/job/85914723975
85914724012,28955881950,1,wasm64,Wasm (Wasm64),2026-07-08 15:46:25,2026-07-08 16:46:37,2026-07,success,included,True,60.2,58.4,"[""ubuntu-22.04""]",https://github.com/PixarAnimationStudios/OpenUSD/actions/runs/28955881950/job/85914724012
85914999692,28955957472,1,wasm32,Wasm (Wasm),2026-07-08 15:47:33,2026-07-08 16:43:42,2026-07,success,included,True,56.15,54.35,"[""ubuntu-22.04""]",https://github.com/PixarAnimationStudios/OpenUSD/actions/runs/28955957472/job/85914999692
85914999715,28955957472,1,wasm64,Wasm (Wasm64),2026-07-08 15:47:33,2026-07-08 16:49:41,2026-07,success,included,True,62.13333333333333,60.28333333333333,"[""ubuntu-22.04""]",https://github.com/PixarAnimationStudios/OpenUSD/actions/runs/28955957472/job/85914999715
85914999630,28955957472,1,macos,macOS,2026-07-08 15:47:34,2026-07-08 16:44:37,2026-07,success,included,True,57.05,52.1,"[""macos-15""]",https://github.com/PixarAnimationStudios/OpenUSD/actions/runs/28955957472/job/85914999630
85914999719,28955957472,1,windows,Windows,2026-07-08 15:47:34,2026-07-08 18:03:39,2026-07,success,included,True,136.08333333333334,129.65,"[""windows-2022""]",https://github.com/PixarAnimationStudios/OpenUSD/actions/runs/28955957472/job/85914999719
85914999587,28955957472,1,linux,Linux,2026-07-08 15:47:39,2026-07-08 16:52:47,2026-07,success,included,True,65.13333333333334,60.38333333333333,"[""ubuntu-22.04""]",https://github.com/PixarAnimationStudios/OpenUSD/actions/runs/28955957472/job/85914999587
85952062912,28966803063,1,macos,macOS,2026-07-08 18:38:43,2026-07-08 19:29:44,2026-07,success,included,True,51.016666666666666,46.666666666666664,"[""macos-15""]",https://github.com/PixarAnimationStudios/OpenUSD/actions/runs/28966803063/job/85952062912
85952062940,28966803063,1,linux,Linux,2026-07-08 18:38:43,2026-07-08 19:42:39,2026-07,success,included,True,63.93333333333333,59.05,"[""ubuntu-22.04""]",https://github.com/PixarAnimationStudios/OpenUSD/actions/runs/28966803063/job/85952062940
85952062956,28966803063,1,wasm64,Wasm (Wasm64),2026-07-08 18:38:43,2026-07-08 19:35:22,2026-07,success,included,True,56.65,54.88333333333333,"[""ubuntu-22.04""]",https://github.com/PixarAnimationStudios/OpenUSD/actions/runs/28966803063/job/85952062956
85952062998,28966803063,1,windows,Windows,2026-07-08 18:38:43,2026-07-08 18:47:32,2026-07,success,included,True,8.816666666666666,3.1333333333333333,"[""windows-2022""]",https://github.com/PixarAnimationStudios/OpenUSD/actions/runs/28966803063/job/85952062998
85952062945,28966803063,1,wasm32,Wasm (Wasm),2026-07-08 18:38:44,2026-07-08 19:35:53,2026-07,success,included,True,57.15,55.4,"[""ubuntu-22.04""]",https://github.com/PixarAnimationStudios/OpenUSD/actions/runs/28966803063/job/85952062945
85953006238,28967080480,1,linux,Linux,2026-07-08 18:43:12,2026-07-08 19:50:17,2026-07,success,included,True,67.08333333333333,62.2,"[""ubuntu-22.04""]",https://github.com/PixarAnimationStudios/OpenUSD/actions/runs/28967080480/job/85953006238
85953006253,28967080480,1,wasm64,Wasm (Wasm64),2026-07-08 18:43:12,2026-07-08 19:41:30,2026-07,success,included,True,58.3,56.56666666666667,"[""ubuntu-22.04""]",https://github.com/PixarAnimationStudios/OpenUSD/actions/runs/28967080480/job/85953006253
85953006272,28967080480,1,wasm32,Wasm (Wasm),2026-07-08 18:43:12,2026-07-08 19:43:12,2026-07,success,included,True,60.0,58.266666666666666,"[""ubuntu-22.04""]",https://github.com/PixarAnimationStudios/OpenUSD/actions/runs/28967080480/job/85953006272
85953006235,28967080480,1,windows,Windows,2026-07-08 18:43:13,2026-07-08 18:53:05,2026-07,failure,not_successful,True,9.866666666666667,4.1,"[""windows-2022""]",https://github.com/PixarAnimationStudios/OpenUSD/actions/runs/28967080480/job/85953006235
85953006284,28967080480,1,macos,macOS,2026-07-08 18:43:13,2026-07-08 19:48:56,2026-07,success,included,True,65.71666666666667,61.35,"[""macos-15""]",https://github.com/PixarAnimationStudios/OpenUSD/actions/runs/28967080480/job/85953006284
86108684418,29015263106,1,macos,macOS,2026-07-09 11:34:41,2026-07-09 12:22:26,2026-07,success,included,True,47.75,44.4,"[""macos-15""]",https://github.com/PixarAnimationStudios/OpenUSD/actions/runs/29015263106/job/86108684418
86108684420,29015263106,1,linux,Linux,2026-07-09 11:34:41,2026-07-09 12:39:18,2026-07,success,included,True,64.61666666666666,60.38333333333333,"[""ubuntu-22.04""]",https://github.com/PixarAnimationStudios/OpenUSD/actions/runs/29015263106/job/86108684420
86108684467,29015263106,1,wasm32,Wasm (Wasm),2026-07-09 11:34:41,2026-07-09 12:46:03,2026-07,success,included,True,71.36666666666666,69.53333333333333,"[""ubuntu-22.04""]",https://github.com/PixarAnimationStudios/OpenUSD/actions/runs/29015263106/job/86108684467
86108684488,29015263106,1,wasm64,Wasm (Wasm64),2026-07-09 11:34:41,2026-07-09 12:54:51,2026-07,success,included,True,80.16666666666667,77.4,"[""ubuntu-22.04""]",https://github.com/PixarAnimationStudios/OpenUSD/actions/runs/29015263106/job/86108684488
86108684422,29015263106,1,windows,Windows,2026-07-09 11:34:42,2026-07-09 11:58:28,2026-07,success,included,True,23.766666666666666,18.116666666666667,"[""windows-2022""]",https://github.com/PixarAnimationStudios/OpenUSD/actions/runs/29015263106/job/86108684422
86174356357,29034080297,1,linux,Linux,2026-07-09 16:38:05,2026-07-09 17:43:56,2026-07,success,included,True,65.85,60.733333333333334,"[""ubuntu-22.04""]",https://github.com/PixarAnimationStudios/OpenUSD/actions/runs/29034080297/job/86174356357
86174356375,29034080297,1,wasm32,Wasm (Wasm),2026-07-09 16:38:05,2026-07-09 17:40:20,2026-07,success,included,True,62.25,60.53333333333333,"[""ubuntu-22.04""]",https://github.com/PixarAnimationStudios/OpenUSD/actions/runs/29034080297/job/86174356375
86174356440,29034080297,1,wasm64,Wasm (Wasm64),2026-07-09 16:38:05,2026-07-09 17:38:40,2026-07,success,included,True,60.583333333333336,58.71666666666667,"[""ubuntu-22.04""]",https://github.com/PixarAnimationStudios/OpenUSD/actions/runs/29034080297/job/86174356440
86174356336,29034080297,1,macos,macOS,2026-07-09 16:38:06,2026-07-09 17:47:53,2026-07,success,included,True,69.78333333333333,65.75,"[""macos-15""]",https://github.com/PixarAnimationStudios/OpenUSD/actions/runs/29034080297/job/86174356336
86174356429,29034080297,1,windows,Windows,2026-07-09 16:38:06,2026-07-09 16:47:48,2026-07,success,included,True,9.7,3.183333333333333,"[""windows-2022""]",https://github.com/PixarAnimationStudios/OpenUSD/actions/runs/29034080297/job/86174356429
86175807543,29034499074,1,linux,Linux,2026-07-09 16:44:56,2026-07-09 17:51:13,2026-07,success,included,True,66.28333333333333,60.916666666666664,"[""ubuntu-22.04""]",https://github.com/PixarAnimationStudios/OpenUSD/actions/runs/29034499074/job/86175807543
86175807567,29034499074,1,macos,macOS,2026-07-09 16:44:56,2026-07-09 17:46:25,2026-07,success,included,True,61.483333333333334,57.81666666666667,"[""macos-15""]",https://github.com/PixarAnimationStudios/OpenUSD/actions/runs/29034499074/job/86175807567
86175807605,29034499074,1,windows,Windows,2026-07-09 16:44:56,2026-07-09 16:56:14,2026-07,success,included,True,11.3,5.283333333333333,"[""windows-2022""]",https://github.com/PixarAnimationStudios/OpenUSD/actions/runs/29034499074/job/86175807605
86175807615,29034499074,1,wasm32,Wasm (Wasm),2026-07-09 16:44:56,2026-07-09 17:47:38,2026-07,success,included,True,62.7,61.0,"[""ubuntu-22.04""]",https://github.com/PixarAnimationStudios/OpenUSD/actions/runs/29034499074/job/86175807615
86175807618,29034499074,1,wasm64,Wasm (Wasm64),2026-07-09 16:44:56,2026-07-09 17:48:46,2026-07,success,included,True,63.833333333333336,62.03333333333333,"[""ubuntu-22.04""]",https://github.com/PixarAnimationStudios/OpenUSD/actions/runs/29034499074/job/86175807618
86198126425,29041068279,1,macos,macOS,2026-07-09 18:33:26,2026-07-09 19:42:46,2026-07,success,included,True,69.33333333333333,65.23333333333333,"[""macos-15""]",https://github.com/PixarAnimationStudios/OpenUSD/actions/runs/29041068279/job/86198126425
86198126487,29041068279,1,wasm64,Wasm (Wasm64),2026-07-09 18:33:26,2026-07-09 19:19:03,2026-07,success,included,True,45.61666666666667,44.0,"[""ubuntu-22.04""]",https://github.com/PixarAnimationStudios/OpenUSD/actions/runs/29041068279/job/86198126487
86198126494,29041068279,1,wasm32,Wasm (Wasm),2026-07-09 18:33:26,2026-07-09 19:35:17,2026-07,success,included,True,61.85,60.11666666666667,"[""ubuntu-22.04""]",https://github.com/PixarAnimationStudios/OpenUSD/actions/runs/29041068279/job/86198126494
86198126442,29041068279,1,windows,Windows,2026-07-09 18:33:27,2026-07-09 18:45:06,2026-07,success,included,True,11.65,6.133333333333334,"[""windows-2022""]",https://github.com/PixarAnimationStudios/OpenUSD/actions/runs/29041068279/job/86198126442
86198126443,29041068279,1,linux,Linux,2026-07-09 18:33:27,2026-07-09 19:47:10,2026-07,success,included,True,73.71666666666667,67.76666666666667,"[""ubuntu-22.04""]",https://github.com/PixarAnimationStudios/OpenUSD/actions/runs/29041068279/job/86198126443
86204372095,29042910404,1,windows,Windows,2026-07-09 19:03:33,2026-07-09 19:15:40,2026-07,success,included,True,12.116666666666667,6.45,"[""windows-2022""]",https://github.com/PixarAnimationStudios/OpenUSD/actions/runs/29042910404/job/86204372095
86204372129,29042910404,1,linux,Linux,2026-07-09 19:03:33,2026-07-09 19:59:30,2026-07,success,included,True,55.95,51.3,"[""ubuntu-22.04""]",https://github.com/PixarAnimationStudios/OpenUSD/actions/runs/29042910404/job/86204372129
86204372133,29042910404,1,wasm32,Wasm (Wasm),2026-07-09 19:03:33,2026-07-09 20:21:08,2026-07,success,included,True,77.58333333333333,75.81666666666666,"[""ubuntu-22.04""]",https://github.com/PixarAnimationStudios/OpenUSD/actions/runs/29042910404/job/86204372133
86204372137,29042910404,1,wasm64,Wasm (Wasm64),2026-07-09 19:03:33,2026-07-09 20:26:41,2026-07,success,included,True,83.13333333333334,81.2,"[""ubuntu-22.04""]",https://github.com/PixarAnimationStudios/OpenUSD/actions/runs/29042910404/job/86204372137
86204372183,29042910404,1,macos,macOS,2026-07-09 19:03:33,2026-07-09 20:02:57,2026-07,success,included,True,59.4,55.8,"[""macos-15""]",https://github.com/PixarAnimationStudios/OpenUSD/actions/runs/29042910404/job/86204372183
86377007815,29097279113,1,wasm32,Wasm (Wasm),2026-07-10 13:46:42,2026-07-10 14:47:31,2026-07,success,included,True,60.81666666666667,58.983333333333334,"[""ubuntu-22.04""]",https://github.com/PixarAnimationStudios/OpenUSD/actions/runs/29097279113/job/86377007815
86377007842,29097279113,1,wasm64,Wasm (Wasm64),2026-07-10 13:46:42,2026-07-10 14:47:27,2026-07,success,included,True,60.75,58.93333333333333,"[""ubuntu-22.04""]",https://github.com/PixarAnimationStudios/OpenUSD/actions/runs/29097279113/job/86377007842
86377007808,29097279113,1,windows,Windows,2026-07-10 13:46:43,2026-07-10 13:55:11,2026-07,success,included,True,8.466666666666667,3.0,"[""windows-2022""]",https://github.com/PixarAnimationStudios/OpenUSD/actions/runs/29097279113/job/86377007808
86377007819,29097279113,1,macos,macOS,2026-07-10 13:46:43,2026-07-10 14:41:53,2026-07,success,included,True,55.166666666666664,50.88333333333333,"[""macos-15""]",https://github.com/PixarAnimationStudios/OpenUSD/actions/runs/29097279113/job/86377007819
86377007876,29097279113,1,linux,Linux,2026-07-10 13:46:43,2026-07-10 14:52:51,2026-07,success,included,True,66.13333333333334,61.0,"[""ubuntu-22.04""]",https://github.com/PixarAnimationStudios/OpenUSD/actions/runs/29097279113/job/86377007876
86388707300,29100706299,1,windows,Windows,2026-07-10 14:41:11,2026-07-10 14:49:58,2026-07,success,included,True,8.783333333333333,3.183333333333333,"[""windows-2022""]",https://github.com/PixarAnimationStudios/OpenUSD/actions/runs/29100706299/job/86388707300
86388707305,29100706299,1,linux,Linux,2026-07-10 14:41:11,2026-07-10 15:47:07,2026-07,success,included,True,65.93333333333334,61.21666666666667,"[""ubuntu-22.04""]",https://github.com/PixarAnimationStudios/OpenUSD/actions/runs/29100706299/job/86388707305
86388707366,29100706299,1,wasm32,Wasm (Wasm),2026-07-10 14:41:11,2026-07-10 15:43:35,2026-07,success,included,True,62.4,60.666666666666664,"[""ubuntu-22.04""]",https://github.com/PixarAnimationStudios/OpenUSD/actions/runs/29100706299/job/86388707366
86388707379,29100706299,1,wasm64,Wasm (Wasm64),2026-07-10 14:41:11,2026-07-10 15:44:15,2026-07,success,included,True,63.06666666666667,61.35,"[""ubuntu-22.04""]",https://github.com/PixarAnimationStudios/OpenUSD/actions/runs/29100706299/job/86388707379
86388707286,29100706299,1,macos,macOS,2026-07-10 14:41:12,2026-07-10 15:52:10,2026-07,success,included,True,70.96666666666667,65.61666666666666,"[""macos-15""]",https://github.com/PixarAnimationStudios/OpenUSD/actions/runs/29100706299/job/86388707286
86439272456,29115934799,1,macos,macOS,2026-07-10 18:50:31,2026-07-10 19:46:28,2026-07,success,included,True,55.95,51.46666666666667,"[""macos-15""]",https://github.com/PixarAnimationStudios/OpenUSD/actions/runs/29115934799/job/86439272456
86439272457,29115934799,1,linux,Linux,2026-07-10 18:50:31,2026-07-10 19:53:49,2026-07,success,included,True,63.3,58.55,"[""ubuntu-22.04""]",https://github.com/PixarAnimationStudios/OpenUSD/actions/runs/29115934799/job/86439272457
86439272480,29115934799,1,wasm32,Wasm (Wasm),2026-07-10 18:50:31,2026-07-10 19:52:33,2026-07,success,included,True,62.03333333333333,60.05,"[""ubuntu-22.04""]",https://github.com/PixarAnimationStudios/OpenUSD/actions/runs/29115934799/job/86439272480
86439272500,29115934799,1,wasm64,Wasm (Wasm64),2026-07-10 18:50:31,2026-07-10 19:53:52,2026-07,success,included,True,63.35,61.233333333333334,"[""ubuntu-22.04""]",https://github.com/PixarAnimationStudios/OpenUSD/actions/runs/29115934799/job/86439272500
86439272505,29115934799,1,windows,Windows,2026-07-10 18:50:31,2026-07-10 18:58:30,2026-07,success,included,True,7.983333333333333,2.6333333333333333,"[""windows-2022""]",https://github.com/PixarAnimationStudios/OpenUSD/actions/runs/29115934799/job/86439272505
86449234833,29118925431,1,wasm64,Wasm (Wasm64),2026-07-10 19:43:26,2026-07-10 20:45:39,2026-07,success,included,True,62.21666666666667,60.43333333333333,"[""ubuntu-22.04""]",https://github.com/PixarAnimationStudios/OpenUSD/actions/runs/29118925431/job/86449234833
86449234845,29118925431,1,linux,Linux,2026-07-10 19:43:26,2026-07-10 20:33:16,2026-07,success,included,True,49.833333333333336,45.78333333333333,"[""ubuntu-22.04""]",https://github.com/PixarAnimationStudios/OpenUSD/actions/runs/29118925431/job/86449234845
86449234855,29118925431,1,wasm32,Wasm (Wasm),2026-07-10 19:43:26,2026-07-10 20:43:47,2026-07,success,included,True,60.35,58.55,"[""ubuntu-22.04""]",https://github.com/PixarAnimationStudios/OpenUSD/actions/runs/29118925431/job/86449234855
86449234826,29118925431,1,macos,macOS,2026-07-10 19:43:27,2026-07-10 20:49:00,2026-07,success,included,True,65.55,61.1,"[""macos-15""]",https://github.com/PixarAnimationStudios/OpenUSD/actions/runs/29118925431/job/86449234826
86449234871,29118925431,1,windows,Windows,2026-07-10 19:43:27,2026-07-10 19:52:37,2026-07,success,included,True,9.166666666666666,3.1,"[""windows-2022""]",https://github.com/PixarAnimationStudios/OpenUSD/actions/runs/29118925431/job/86449234871
86475284724,29127201885,1,wasm32,Wasm (Wasm),2026-07-10 22:16:13,2026-07-10 23:12:59,2026-07,success,included,True,56.766666666666666,55.016666666666666,"[""ubuntu-22.04""]",https://github.com/PixarAnimationStudios/OpenUSD/actions/runs/29127201885/job/86475284724
86475284728,29127201885,1,windows,Windows,2026-07-10 22:16:14,2026-07-10 22:25:22,2026-07,success,included,True,9.133333333333333,3.2333333333333334,"[""windows-2022""]",https://github.com/PixarAnimationStudios/OpenUSD/actions/runs/29127201885/job/86475284728
86475284735,29127201885,1,macos,macOS,2026-07-10 22:16:14,2026-07-10 23:23:59,2026-07,success,included,True,67.75,62.583333333333336,"[""macos-15""]",https://github.com/PixarAnimationStudios/OpenUSD/actions/runs/29127201885/job/86475284735
86475284737,29127201885,1,wasm64,Wasm (Wasm64),2026-07-10 22:16:14,2026-07-10 23:16:47,2026-07,success,included,True,60.55,58.75,"[""ubuntu-22.04""]",https://github.com/PixarAnimationStudios/OpenUSD/actions/runs/29127201885/job/86475284737
86475284739,29127201885,1,linux,Linux,2026-07-10 22:16:14,2026-07-10 23:22:24,2026-07,success,included,True,66.16666666666667,61.266666666666666,"[""ubuntu-22.04""]",https://github.com/PixarAnimationStudios/OpenUSD/actions/runs/29127201885/job/86475284739
87200405982,29366812139,1,windows,Windows,2026-07-14 20:43:52,2026-07-14 20:52:37,2026-07,success,included,True,8.75,3.0166666666666666,"[""windows-2022""]",https://github.com/PixarAnimationStudios/OpenUSD/actions/runs/29366812139/job/87200405982
87200405992,29366812139,1,macos,macOS,2026-07-14 20:43:52,2026-07-14 21:42:01,2026-07,success,included,True,58.15,53.55,"[""macos-15""]",https://github.com/PixarAnimationStudios/OpenUSD/actions/runs/29366812139/job/87200405992
87200406003,29366812139,1,wasm32,Wasm (Wasm),2026-07-14 20:43:52,2026-07-14 21:41:16,2026-07,success,included,True,57.4,55.63333333333333,"[""ubuntu-22.04""]",https://github.com/PixarAnimationStudios/OpenUSD/actions/runs/29366812139/job/87200406003
87200406007,29366812139,1,linux,Linux,2026-07-14 20:43:52,2026-07-14 21:57:40,2026-07,success,included,True,73.8,67.66666666666667,"[""ubuntu-22.04""]",https://github.com/PixarAnimationStudios/OpenUSD/actions/runs/29366812139/job/87200406007
87200406034,29366812139,1,wasm64,Wasm (Wasm64),2026-07-14 20:43:52,2026-07-14 21:41:12,2026-07,success,included,True,57.333333333333336,55.666666666666664,"[""ubuntu-22.04""]",https://github.com/PixarAnimationStudios/OpenUSD/actions/runs/29366812139/job/87200406034
87489938896,29456212001,1,linux,Linux,2026-07-15 22:41:39,2026-07-15 23:45:36,2026-07,success,included,True,63.95,59.266666666666666,"[""ubuntu-22.04""]",https://github.com/PixarAnimationStudios/OpenUSD/actions/runs/29456212001/job/87489938896
87489938915,29456212001,1,wasm64,Wasm (Wasm64),2026-07-15 22:41:39,2026-07-15 23:49:52,2026-07,success,included,True,68.21666666666667,66.23333333333333,"[""ubuntu-22.04""]",https://github.com/PixarAnimationStudios/OpenUSD/actions/runs/29456212001/job/87489938915
87489938887,29456212001,1,macos,macOS,2026-07-15 22:41:40,2026-07-15 23:38:46,2026-07,success,included,True,57.1,53.56666666666667,"[""macos-15""]",https://github.com/PixarAnimationStudios/OpenUSD/actions/runs/29456212001/job/87489938887
87489938894,29456212001,1,windows,Windows,2026-07-15 22:41:40,2026-07-15 22:50:58,2026-07,success,included,True,9.3,4.183333333333334,"[""windows-2022""]",https://github.com/PixarAnimationStudios/OpenUSD/actions/runs/29456212001/job/87489938894
87489938920,29456212001,1,wasm32,Wasm (Wasm),2026-07-15 22:41:40,2026-07-15 23:40:19,2026-07,success,included,True,58.65,56.86666666666667,"[""ubuntu-22.04""]",https://github.com/PixarAnimationStudios/OpenUSD/actions/runs/29456212001/job/87489938920
87687506346,29517879958,1,wasm64,Wasm (Wasm64),2026-07-16 16:59:56,2026-07-16 17:58:58,2026-07,success,included,True,59.03333333333333,57.266666666666666,"[""ubuntu-22.04""]",https://github.com/PixarAnimationStudios/OpenUSD/actions/runs/29517879958/job/87687506346
87687506357,29517879958,1,wasm32,Wasm (Wasm),2026-07-16 16:59:56,2026-07-16 17:58:36,2026-07,success,included,True,58.666666666666664,56.833333333333336,"[""ubuntu-22.04""]",https://github.com/PixarAnimationStudios/OpenUSD/actions/runs/29517879958/job/87687506357
87687506301,29517879958,1,linux,Linux,2026-07-16 16:59:57,2026-07-16 18:07:58,2026-07,success,included,True,68.01666666666667,63.21666666666667,"[""ubuntu-22.04""]",https://github.com/PixarAnimationStudios/OpenUSD/actions/runs/29517879958/job/87687506301
87687506352,29517879958,1,macos,macOS,2026-07-16 16:59:57,2026-07-16 18:05:53,2026-07,success,included,True,65.93333333333334,60.833333333333336,"[""macos-15""]",https://github.com/PixarAnimationStudios/OpenUSD/actions/runs/29517879958/job/87687506352
87687506375,29517879958,1,windows,Windows,2026-07-16 16:59:57,2026-07-16 17:09:51,2026-07,success,included,True,9.9,3.55,"[""windows-2022""]",https://github.com/PixarAnimationStudios/OpenUSD/actions/runs/29517879958/job/87687506375
87994455438,29613818974,1,wasm32,Wasm (Wasm),2026-07-17 21:11:20,2026-07-17 22:16:03,2026-07,success,included,True,64.71666666666667,62.88333333333333,"[""ubuntu-22.04""]",https://github.com/PixarAnimationStudios/OpenUSD/actions/runs/29613818974/job/87994455438
87994455466,29613818974,1,linux,Linux,2026-07-17 21:11:20,2026-07-17 22:16:12,2026-07,success,included,True,64.86666666666666,60.21666666666667,"[""ubuntu-22.04""]",https://github.com/PixarAnimationStudios/OpenUSD/actions/runs/29613818974/job/87994455466
87994455548,29613818974,1,wasm64,Wasm (Wasm64),2026-07-17 21:11:20,2026-07-17 21:56:42,2026-07,success,included,True,45.36666666666667,43.65,"[""ubuntu-22.04""]",https://github.com/PixarAnimationStudios/OpenUSD/actions/runs/29613818974/job/87994455548
87994455449,29613818974,1,windows,Windows,2026-07-17 21:11:21,2026-07-17 21:20:27,2026-07,success,included,True,9.1,2.966666666666667,"[""windows-2022""]",https://github.com/PixarAnimationStudios/OpenUSD/actions/runs/29613818974/job/87994455449
87994455487,29613818974,1,macos,macOS,2026-07-17 21:11:21,2026-07-17 22:06:20,2026-07,failure,not_successful,True,54.983333333333334,51.416666666666664,"[""macos-15""]",https://github.com/PixarAnimationStudios/OpenUSD/actions/runs/29613818974/job/87994455487
88307604207,29728621678,1,wasm32,Wasm (Wasm),2026-07-20 08:40:15,2026-07-20 09:54:10,2026-07,success,included,True,73.91666666666667,72.06666666666666,"[""ubuntu-22.04""]",https://github.com/PixarAnimationStudios/OpenUSD/actions/runs/29728621678/job/88307604207
88307604175,29728621678,1,windows,Windows,2026-07-20 08:40:16,2026-07-20 09:03:03,2026-07,success,included,True,22.783333333333335,17.416666666666668,"[""windows-2022""]",https://github.com/PixarAnimationStudios/OpenUSD/actions/runs/29728621678/job/88307604175
88307604195,29728621678,1,macos,macOS,2026-07-20 08:40:16,2026-07-20 09:40:56,2026-07,success,included,True,60.666666666666664,55.61666666666667,"[""macos-15""]",https://github.com/PixarAnimationStudios/OpenUSD/actions/runs/29728621678/job/88307604195
88307604206,29728621678,1,wasm64,Wasm (Wasm64),2026-07-20 08:40:16,2026-07-20 09:59:01,2026-07,success,included,True,78.75,76.85,"[""ubuntu-22.04""]",https://github.com/PixarAnimationStudios/OpenUSD/actions/runs/29728621678/job/88307604206
88307604296,29728621678,1,linux,Linux,2026-07-20 08:40:16,2026-07-20 09:47:35,2026-07,success,included,True,67.31666666666666,62.516666666666666,"[""ubuntu-22.04""]",https://github.com/PixarAnimationStudios/OpenUSD/actions/runs/29728621678/job/88307604296
88379923201,29750620569,1,wasm32,Wasm (Wasm),2026-07-20 14:26:30,2026-07-20 14:59:29,2026-07,success,included,True,32.983333333333334,31.616666666666667,"[""ubuntu-22.04""]",https://github.com/PixarAnimationStudios/OpenUSD/actions/runs/29750620569/job/88379923201
88379923249,29750620569,1,macos,macOS,2026-07-20 14:26:30,2026-07-20 15:32:33,2026-07,success,included,True,66.05,60.53333333333333,"[""macos-15""]",https://github.com/PixarAnimationStudios/OpenUSD/actions/runs/29750620569/job/88379923249
88379923228,29750620569,1,wasm64,Wasm (Wasm64),2026-07-20 14:26:31,2026-07-20 15:27:42,2026-07,success,included,True,61.18333333333333,59.38333333333333,"[""ubuntu-22.04""]",https://github.com/PixarAnimationStudios/OpenUSD/actions/runs/29750620569/job/88379923228
88379923247,29750620569,1,linux,Linux,2026-07-20 14:26:31,2026-07-20 15:32:42,2026-07,success,included,True,66.18333333333334,61.4,"[""ubuntu-22.04""]",https://github.com/PixarAnimationStudios/OpenUSD/actions/runs/29750620569/job/88379923247
88379923255,29750620569,1,windows,Windows,2026-07-20 14:26:31,2026-07-20 17:14:59,2026-07,success,included,True,168.46666666666667,162.76666666666668,"[""windows-2022""]",https://github.com/PixarAnimationStudios/OpenUSD/actions/runs/29750620569/job/88379923255
88380478401,29750770186,1,wasm32,Wasm (Wasm),2026-07-20 14:28:40,2026-07-20 15:25:41,2026-07,success,included,True,57.016666666666666,55.3,"[""ubuntu-22.04""]",https://github.com/PixarAnimationStudios/OpenUSD/actions/runs/29750770186/job/88380478401
88380478440,29750770186,1,wasm64,Wasm (Wasm64),2026-07-20 14:28:40,2026-07-20 15:28:16,2026-07,success,included,True,59.6,57.85,"[""ubuntu-22.04""]",https://github.com/PixarAnimationStudios/OpenUSD/actions/runs/29750770186/job/88380478440
90682766692,29750770186,2,wasm64,Wasm (Wasm64),2026-07-20 14:28:40,2026-07-20 15:28:16,2026-07,success,duplicate_execution,True,59.6,57.85,"[""ubuntu-22.04""]",https://github.com/PixarAnimationStudios/OpenUSD/actions/runs/29750770186/job/90682766692
90682766803,29750770186,2,wasm32,Wasm (Wasm),2026-07-20 14:28:40,2026-07-20 15:25:41,2026-07,success,duplicate_execution,True,57.016666666666666,55.3,"[""ubuntu-22.04""]",https://github.com/PixarAnimationStudios/OpenUSD/actions/runs/29750770186/job/90682766803
88380478377,29750770186,1,linux,Linux,2026-07-20 14:28:41,2026-07-20 15:33:16,2026-07,success,included,True,64.58333333333333,59.833333333333336,"[""ubuntu-22.04""]",https://github.com/PixarAnimationStudios/OpenUSD/actions/runs/29750770186/job/88380478377
88380478408,29750770186,1,windows,Windows,2026-07-20 14:28:41,2026-07-20 14:37:33,2026-07,success,included,True,8.866666666666667,3.15,"[""windows-2022""]",https://github.com/PixarAnimationStudios/OpenUSD/actions/runs/29750770186/job/88380478408
88380478414,29750770186,1,macos,macOS,2026-07-20 14:28:41,2026-07-20 15:31:20,2026-07,success,included,True,62.65,58.88333333333333,"[""macos-15""]",https://github.com/PixarAnimationStudios/OpenUSD/actions/runs/29750770186/job/88380478414
90682766492,29750770186,2,windows,Windows,2026-07-20 14:28:41,2026-07-20 14:37:33,2026-07,success,duplicate_execution,True,8.866666666666667,3.15,"[""windows-2022""]",https://github.com/PixarAnimationStudios/OpenUSD/actions/runs/29750770186/job/90682766492
90682766496,29750770186,2,linux,Linux,2026-07-20 14:28:41,2026-07-20 15:33:16,2026-07,success,duplicate_execution,True,64.58333333333333,59.833333333333336,"[""ubuntu-22.04""]",https://github.com/PixarAnimationStudios/OpenUSD/actions/runs/29750770186/job/90682766496
90682766733,29750770186,2,macos,macOS,2026-07-20 14:28:41,2026-07-20 15:31:20,2026-07,success,duplicate_execution,True,62.65,58.88333333333333,"[""macos-15""]",https://github.com/PixarAnimationStudios/OpenUSD/actions/runs/29750770186/job/90682766733
88885660159,29908472147,1,wasm64,Wasm (Wasm64),2026-07-22 09:34:58,2026-07-22 10:36:53,2026-07,success,included,True,61.916666666666664,60.233333333333334,"[""ubuntu-22.04""]",https://github.com/PixarAnimationStudios/OpenUSD/actions/runs/29908472147/job/88885660159
88885660213,29908472147,1,linux,Linux,2026-07-22 09:34:58,2026-07-22 10:43:02,2026-07,success,included,True,68.06666666666666,63.083333333333336,"[""ubuntu-22.04""]",https://github.com/PixarAnimationStudios/OpenUSD/actions/runs/29908472147/job/88885660213
88885660156,29908472147,1,wasm32,Wasm (Wasm),2026-07-22 09:34:59,2026-07-22 10:38:58,2026-07,success,included,True,63.983333333333334,62.166666666666664,"[""ubuntu-22.04""]",https://github.com/PixarAnimationStudios/OpenUSD/actions/runs/29908472147/job/88885660156
88885660209,29908472147,1,macos,macOS,2026-07-22 09:34:59,2026-07-22 10:48:14,2026-07,success,included,True,73.25,69.6,"[""macos-15""]",https://github.com/PixarAnimationStudios/OpenUSD/actions/runs/29908472147/job/88885660209
88885660155,29908472147,1,windows,Windows,2026-07-22 09:35:03,2026-07-22 09:44:07,2026-07,success,included,True,9.066666666666666,2.8833333333333333,"[""windows-2022""]",https://github.com/PixarAnimationStudios/OpenUSD/actions/runs/29908472147/job/88885660155
88885685034,29908505319,1,linux,Linux,2026-07-22 09:35:06,2026-07-22 10:39:52,2026-07,success,included,True,64.76666666666667,60.05,"[""ubuntu-22.04""]",https://github.com/PixarAnimationStudios/OpenUSD/actions/runs/29908505319/job/88885685034
88885685058,29908505319,1,wasm32,Wasm (Wasm),2026-07-22 09:35:06,2026-07-22 10:37:43,2026-07,success,included,True,62.61666666666667,60.85,"[""ubuntu-22.04""]",https://github.com/PixarAnimationStudios/OpenUSD/actions/runs/29908505319/job/88885685058
88885685059,29908505319,1,wasm64,Wasm (Wasm64),2026-07-22 09:35:06,2026-07-22 10:33:15,2026-07,success,included,True,58.15,56.38333333333333,"[""ubuntu-22.04""]",https://github.com/PixarAnimationStudios/OpenUSD/actions/runs/29908505319/job/88885685059
88885685061,29908505319,1,windows,Windows,2026-07-22 09:35:06,2026-07-22 09:44:33,2026-07,success,included,True,9.45,3.1166666666666667,"[""windows-2022""]",https://github.com/PixarAnimationStudios/OpenUSD/actions/runs/29908505319/job/88885685061
88885685081,29908505319,1,macos,macOS,2026-07-22 09:35:07,2026-07-22 10:50:51,2026-07,failure,not_successful,True,75.73333333333333,71.63333333333334,"[""macos-15""]",https://github.com/PixarAnimationStudios/OpenUSD/actions/runs/29908505319/job/88885685081
88885896441,29908569679,1,linux,Linux,2026-07-22 09:36:03,2026-07-22 10:21:51,2026-07,success,included,True,45.8,41.96666666666667,"[""ubuntu-22.04""]",https://github.com/PixarAnimationStudios/OpenUSD/actions/runs/29908569679/job/88885896441
88885896485,29908569679,1,wasm32,Wasm (Wasm),2026-07-22 09:36:03,2026-07-22 10:30:57,2026-07,success,included,True,54.9,53.15,"[""ubuntu-22.04""]",https://github.com/PixarAnimationStudios/OpenUSD/actions/runs/29908569679/job/88885896485
88885896495,29908569679,1,wasm64,Wasm (Wasm64),2026-07-22 09:36:03,2026-07-22 10:30:49,2026-07,success,included,True,54.766666666666666,52.95,"[""ubuntu-22.04""]",https://github.com/PixarAnimationStudios/OpenUSD/actions/runs/29908569679/job/88885896495
88885896451,29908569679,1,windows,Windows,2026-07-22 09:36:05,2026-07-22 09:45:22,2026-07,success,included,True,9.283333333333333,3.15,"[""windows-2022""]",https://github.com/PixarAnimationStudios/OpenUSD/actions/runs/29908569679/job/88885896451
88885896472,29908569679,1,macos,macOS,2026-07-22 09:36:05,2026-07-22 10:42:04,2026-07,success,included,True,65.98333333333333,60.36666666666667,"[""macos-15""]",https://github.com/PixarAnimationStudios/OpenUSD/actions/runs/29908569679/job/88885896472
88886222177,29908676555,1,macos,macOS,2026-07-22 09:37:37,2026-07-22 10:45:39,2026-07,success,included,True,68.03333333333333,63.96666666666667,"[""macos-15""]",https://github.com/PixarAnimationStudios/OpenUSD/actions/runs/29908676555/job/88886222177
88886222192,29908676555,1,wasm64,Wasm (Wasm64),2026-07-22 09:37:37,2026-07-22 10:30:04,2026-07,success,included,True,52.45,50.666666666666664,"[""ubuntu-22.04""]",https://github.com/PixarAnimationStudios/OpenUSD/actions/runs/29908676555/job/88886222192
88886222245,29908676555,1,wasm32,Wasm (Wasm),2026-07-22 09:37:37,2026-07-22 10:38:59,2026-07,success,included,True,61.36666666666667,59.583333333333336,"[""ubuntu-22.04""]",https://github.com/PixarAnimationStudios/OpenUSD/actions/runs/29908676555/job/88886222245
88886222284,29908676555,1,windows,Windows,2026-07-22 09:37:37,2026-07-22 09:46:32,2026-07,failure,not_successful,True,8.916666666666666,3.066666666666667,"[""windows-2022""]",https://github.com/PixarAnimationStudios/OpenUSD/actions/runs/29908676555/job/88886222284
88886222218,29908676555,1,linux,Linux,2026-07-22 09:37:41,2026-07-22 10:46:15,2026-07,success,included,True,68.56666666666666,63.63333333333333,"[""ubuntu-22.04""]",https://github.com/PixarAnimationStudios/OpenUSD/actions/runs/29908676555/job/88886222218
88887243167,29908991282,1,wasm32,Wasm (Wasm),2026-07-22 09:42:26,2026-07-22 10:43:12,2026-07,success,included,True,60.766666666666666,59.083333333333336,"[""ubuntu-22.04""]",https://github.com/PixarAnimationStudios/OpenUSD/actions/runs/29908991282/job/88887243167
88887243153,29908991282,1,linux,Linux,2026-07-22 09:42:27,2026-07-22 10:45:46,2026-07,success,included,True,63.31666666666667,58.5,"[""ubuntu-22.04""]",https://github.com/PixarAnimationStudios/OpenUSD/actions/runs/29908991282/job/88887243153
88887243164,29908991282,1,macos,macOS,2026-07-22 09:42:27,2026-07-22 10:45:40,2026-07,success,included,True,63.21666666666667,59.25,"[""macos-15""]",https://github.com/PixarAnimationStudios/OpenUSD/actions/runs/29908991282/job/88887243164
88887243171,29908991282,1,windows,Windows,2026-07-22 09:42:27,2026-07-22 09:51:42,2026-07,success,included,True,9.25,2.716666666666667,"[""windows-2022""]",https://github.com/PixarAnimationStudios/OpenUSD/actions/runs/29908991282/job/88887243171
88887243182,29908991282,1,wasm64,Wasm (Wasm64),2026-07-22 09:42:27,2026-07-22 10:42:47,2026-07,success,included,True,60.333333333333336,58.55,"[""ubuntu-22.04""]",https://github.com/PixarAnimationStudios/OpenUSD/actions/runs/29908991282/job/88887243182
88887539314,29909083092,1,linux,Linux,2026-07-22 09:43:51,2026-07-22 10:34:49,2026-07,success,included,True,50.96666666666667,46.38333333333333,"[""ubuntu-22.04""]",https://github.com/PixarAnimationStudios/OpenUSD/actions/runs/29909083092/job/88887539314
88887539347,29909083092,1,wasm64,Wasm (Wasm64),2026-07-22 09:43:51,2026-07-22 10:44:51,2026-07,success,included,True,61.0,59.18333333333333,"[""ubuntu-22.04""]",https://github.com/PixarAnimationStudios/OpenUSD/actions/runs/29909083092/job/88887539347
88887539360,29909083092,1,wasm32,Wasm (Wasm),2026-07-22 09:43:51,2026-07-22 10:41:09,2026-07,success,included,True,57.3,55.53333333333333,"[""ubuntu-22.04""]",https://github.com/PixarAnimationStudios/OpenUSD/actions/runs/29909083092/job/88887539360
88887539384,29909083092,1,windows,Windows,2026-07-22 09:43:51,2026-07-22 09:51:54,2026-07,success,included,True,8.05,2.816666666666667,"[""windows-2022""]",https://github.com/PixarAnimationStudios/OpenUSD/actions/runs/29909083092/job/88887539384
88887539329,29909083092,1,macos,macOS,2026-07-22 09:43:52,2026-07-22 10:44:20,2026-07,success,included,True,60.46666666666667,56.016666666666666,"[""macos-15""]",https://github.com/PixarAnimationStudios/OpenUSD/actions/runs/29909083092/job/88887539329
88888106371,29909258481,1,linux,Linux,2026-07-22 09:46:28,2026-07-22 10:38:31,2026-07,success,included,True,52.05,47.166666666666664,"[""ubuntu-22.04""]",https://github.com/PixarAnimationStudios/OpenUSD/actions/runs/29909258481/job/88888106371
88888106285,29909258481,1,macos,macOS,2026-07-22 09:46:29,2026-07-22 10:49:03,2026-07,success,included,True,62.56666666666667,58.766666666666666,"[""macos-15""]",https://github.com/PixarAnimationStudios/OpenUSD/actions/runs/29909258481/job/88888106285
88888106292,29909258481,1,windows,Windows,2026-07-22 09:46:29,2026-07-22 09:55:05,2026-07,success,included,True,8.6,2.95,"[""windows-2022""]",https://github.com/PixarAnimationStudios/OpenUSD/actions/runs/29909258481/job/88888106292
88888106313,29909258481,1,wasm64,Wasm (Wasm64),2026-07-22 09:46:29,2026-07-22 10:48:11,2026-07,success,included,True,61.7,59.88333333333333,"[""ubuntu-22.04""]",https://github.com/PixarAnimationStudios/OpenUSD/actions/runs/29909258481/job/88888106313
88888106397,29909258481,1,wasm32,Wasm (Wasm),2026-07-22 09:46:29,2026-07-22 10:31:05,2026-07,success,included,True,44.6,43.083333333333336,"[""ubuntu-22.04""]",https://github.com/PixarAnimationStudios/OpenUSD/actions/runs/29909258481/job/88888106397
88968856851,29933419809,1,linux,Linux,2026-07-22 15:27:39,2026-07-22 16:28:51,2026-07,success,included,True,61.2,56.3,"[""ubuntu-22.04""]",https://github.com/PixarAnimationStudios/OpenUSD/actions/runs/29933419809/job/88968856851
88968856888,29933419809,1,macos,macOS,2026-07-22 15:27:39,2026-07-22 16:22:28,2026-07,success,included,True,54.81666666666667,50.18333333333333,"[""macos-15""]",https://github.com/PixarAnimationStudios/OpenUSD/actions/runs/29933419809/job/88968856888
88968856948,29933419809,1,wasm32,Wasm (Wasm),2026-07-22 15:27:39,2026-07-22 16:28:51,2026-07,success,included,True,61.2,59.43333333333333,"[""ubuntu-22.04""]",https://github.com/PixarAnimationStudios/OpenUSD/actions/runs/29933419809/job/88968856948
88968856972,29933419809,1,wasm64,Wasm (Wasm64),2026-07-22 15:27:39,2026-07-22 16:16:01,2026-07,success,included,True,48.36666666666667,46.733333333333334,"[""ubuntu-22.04""]",https://github.com/PixarAnimationStudios/OpenUSD/actions/runs/29933419809/job/88968856972
88968856902,29933419809,1,windows,Windows,2026-07-22 15:27:40,2026-07-22 17:33:13,2026-07,failure,not_successful,True,125.55,118.31666666666666,"[""windows-2022""]",https://github.com/PixarAnimationStudios/OpenUSD/actions/runs/29933419809/job/88968856902
89058259278,29959563410,1,windows,Windows,2026-07-22 21:37:49,2026-07-22 21:37:49,2026-07,skipped,not_successful,False,,,"[""windows-2022""]",https://github.com/PixarAnimationStudios/OpenUSD/actions/runs/29959563410/job/89058259278
89058259418,29959563410,1,linux,Linux,2026-07-22 21:37:49,2026-07-22 21:37:49,2026-07,skipped,not_successful,False,,,"[""ubuntu-22.04""]",https://github.com/PixarAnimationStudios/OpenUSD/actions/runs/29959563410/job/89058259418
89058259472,29959563410,1,macos,macOS,2026-07-22 21:37:49,2026-07-22 21:37:49,2026-07,skipped,not_successful,False,,,"[""macos-15""]",https://github.com/PixarAnimationStudios/OpenUSD/actions/runs/29959563410/job/89058259472
89058259591,29959563410,1,wasm32,Wasm,2026-07-22 21:37:49,2026-07-22 21:37:49,2026-07,skipped,not_successful,False,,,"[""ubuntu-22.04""]",https://github.com/PixarAnimationStudios/OpenUSD/actions/runs/29959563410/job/89058259591
89064363127,29961790847,1,linux,Linux,2026-07-22 22:08:49,2026-07-22 23:15:35,2026-07,success,included,True,66.76666666666667,61.95,"[""ubuntu-22.04""]",https://github.com/PixarAnimationStudios/OpenUSD/actions/runs/29961790847/job/89064363127
89064363152,29961790847,1,wasm32,Wasm (Wasm),2026-07-22 22:08:49,2026-07-22 23:06:15,2026-07,success,included,True,57.43333333333333,55.65,"[""ubuntu-22.04""]",https://github.com/PixarAnimationStudios/OpenUSD/actions/runs/29961790847/job/89064363152
89064363154,29961790847,1,windows,Windows,2026-07-22 22:08:49,2026-07-22 22:17:39,2026-07,failure,not_successful,True,8.833333333333334,3.283333333333333,"[""windows-2022""]",https://github.com/PixarAnimationStudios/OpenUSD/actions/runs/29961790847/job/89064363154
89064363159,29961790847,1,wasm64,Wasm (Wasm64),2026-07-22 22:08:49,2026-07-22 22:53:33,2026-07,success,included,True,44.733333333333334,43.166666666666664,"[""ubuntu-22.04""]",https://github.com/PixarAnimationStudios/OpenUSD/actions/runs/29961790847/job/89064363159
89064363149,29961790847,1,macos,macOS,2026-07-22 22:08:50,2026-07-22 23:11:49,2026-07,success,included,True,62.983333333333334,58.083333333333336,"[""macos-15""]",https://github.com/PixarAnimationStudios/OpenUSD/actions/runs/29961790847/job/89064363149
89076277268,29965567423,1,macos,macOS,2026-07-22 23:16:13,2026-07-23 00:11:06,2026-07,success,included,True,54.88333333333333,50.36666666666667,"[""macos-15""]",https://github.com/PixarAnimationStudios/OpenUSD/actions/runs/29965567423/job/89076277268
89076277269,29965567423,1,wasm32,Wasm (Wasm),2026-07-22 23:16:13,2026-07-23 00:14:39,2026-07,success,included,True,58.43333333333333,56.63333333333333,"[""ubuntu-22.04""]",https://github.com/PixarAnimationStudios/OpenUSD/actions/runs/29965567423/job/89076277269
89076277230,29965567423,1,linux,Linux,2026-07-22 23:16:14,2026-07-23 00:14:36,2026-07,success,included,True,58.36666666666667,53.88333333333333,"[""ubuntu-22.04""]",https://github.com/PixarAnimationStudios/OpenUSD/actions/runs/29965567423/job/89076277230
89076277274,29965567423,1,windows,Windows,2026-07-22 23:16:14,2026-07-22 23:25:03,2026-07,success,included,True,8.816666666666666,3.0,"[""windows-2022""]",https://github.com/PixarAnimationStudios/OpenUSD/actions/runs/29965567423/job/89076277274
89076277282,29965567423,1,wasm64,Wasm (Wasm64),2026-07-22 23:16:14,2026-07-23 00:17:09,2026-07,success,included,True,60.916666666666664,59.11666666666667,"[""ubuntu-22.04""]",https://github.com/PixarAnimationStudios/OpenUSD/actions/runs/29965567423/job/89076277282
90059086575,30290532573,1,linux,Linux,2026-07-27 17:44:19,2026-07-27 18:47:00,2026-07,success,included,True,62.68333333333333,57.93333333333333,"[""ubuntu-22.04""]",https://github.com/PixarAnimationStudios/OpenUSD/actions/runs/30290532573/job/90059086575
90059086654,30290532573,1,macos,macOS,2026-07-27 17:44:20,2026-07-27 18:40:54,2026-07,success,included,True,56.56666666666667,52.3,"[""macos-15""]",https://github.com/PixarAnimationStudios/OpenUSD/actions/runs/30290532573/job/90059086654
90059086705,30290532573,1,wasm64,Wasm (Wasm64),2026-07-27 17:44:20,2026-07-27 18:44:56,2026-07,success,included,True,60.6,58.78333333333333,"[""ubuntu-22.04""]",https://github.com/PixarAnimationStudios/OpenUSD/actions/runs/30290532573/job/90059086705
90059086648,30290532573,1,windows,Windows,2026-07-27 17:44:26,2026-07-27 17:53:09,2026-07,success,included,True,8.716666666666667,3.2,"[""windows-2022""]",https://github.com/PixarAnimationStudios/OpenUSD/actions/runs/30290532573/job/90059086648
90059086655,30290532573,1,wasm32,Wasm (Wasm),2026-07-27 17:44:26,2026-07-27 18:45:20,2026-07,success,included,True,60.9,59.11666666666667,"[""ubuntu-22.04""]",https://github.com/PixarAnimationStudios/OpenUSD/actions/runs/30290532573/job/90059086655
90059897065,30290782497,1,wasm32,Wasm (Wasm),2026-07-27 17:47:34,2026-07-27 18:49:21,2026-07,success,included,True,61.78333333333333,59.916666666666664,"[""ubuntu-22.04""]",https://github.com/PixarAnimationStudios/OpenUSD/actions/runs/30290782497/job/90059897065
90059897082,30290782497,1,wasm64,Wasm (Wasm64),2026-07-27 17:47:34,2026-07-27 18:49:44,2026-07,success,included,True,62.166666666666664,60.333333333333336,"[""ubuntu-22.04""]",https://github.com/PixarAnimationStudios/OpenUSD/actions/runs/30290782497/job/90059897082
90059897032,30290782497,1,linux,Linux,2026-07-27 17:47:35,2026-07-27 18:52:38,2026-07,success,included,True,65.05,60.31666666666667,"[""ubuntu-22.04""]",https://github.com/PixarAnimationStudios/OpenUSD/actions/runs/30290782497/job/90059897032
90059897059,30290782497,1,windows,Windows,2026-07-27 17:47:35,2026-07-27 17:57:17,2026-07,success,included,True,9.7,3.716666666666667,"[""windows-2022""]",https://github.com/PixarAnimationStudios/OpenUSD/actions/runs/30290782497/job/90059897059
90059897080,30290782497,1,macos,macOS,2026-07-27 17:47:42,2026-07-27 18:47:46,2026-07,success,included,True,60.06666666666667,56.06666666666667,"[""macos-15""]",https://github.com/PixarAnimationStudios/OpenUSD/actions/runs/30290782497/job/90059897080
90062787730,30291667310,1,macos,macOS,2026-07-27 17:59:10,2026-07-27 19:07:54,2026-07,success,included,True,68.73333333333333,63.766666666666666,"[""macos-15""]",https://github.com/PixarAnimationStudios/OpenUSD/actions/runs/30291667310/job/90062787730
90062787753,30291667310,1,linux,Linux,2026-07-27 17:59:10,2026-07-27 19:04:20,2026-07,success,included,True,65.16666666666667,60.46666666666667,"[""ubuntu-22.04""]",https://github.com/PixarAnimationStudios/OpenUSD/actions/runs/30291667310/job/90062787753
90062787741,30291667310,1,windows,Windows,2026-07-27 17:59:12,2026-07-27 18:08:30,2026-07,success,included,True,9.3,3.4166666666666665,"[""windows-2022""]",https://github.com/PixarAnimationStudios/OpenUSD/actions/runs/30291667310/job/90062787741
90062787844,30291667310,1,wasm64,Wasm (Wasm64),2026-07-27 17:59:16,2026-07-27 19:01:25,2026-07,success,included,True,62.15,60.266666666666666,"[""ubuntu-22.04""]",https://github.com/PixarAnimationStudios/OpenUSD/actions/runs/30291667310/job/90062787844
90062787836,30291667310,1,wasm32,Wasm (Wasm),2026-07-27 17:59:17,2026-07-27 18:47:15,2026-07,success,included,True,47.96666666666667,46.21666666666667,"[""ubuntu-22.04""]",https://github.com/PixarAnimationStudios/OpenUSD/actions/runs/30291667310/job/90062787836
90062961551,30291722371,1,wasm64,Wasm (Wasm64),2026-07-27 17:59:52,2026-07-27 19:00:18,2026-07,success,included,True,60.43333333333333,58.733333333333334,"[""ubuntu-22.04""]",https://github.com/PixarAnimationStudios/OpenUSD/actions/runs/30291722371/job/90062961551
90062961573,30291722371,1,macos,macOS,2026-07-27 17:59:54,2026-07-27 19:13:45,2026-07,success,included,True,73.85,68.43333333333334,"[""macos-15""]",https://github.com/PixarAnimationStudios/OpenUSD/actions/runs/30291722371/job/90062961573
90062961608,30291722371,1,windows,Windows,2026-07-27 17:59:56,2026-07-27 18:09:14,2026-07,success,included,True,9.3,3.783333333333333,"[""windows-2022""]",https://github.com/PixarAnimationStudios/OpenUSD/actions/runs/30291722371/job/90062961608
90062961559,30291722371,1,linux,Linux,2026-07-27 17:59:58,2026-07-27 19:05:21,2026-07,success,included,True,65.38333333333334,60.68333333333333,"[""ubuntu-22.04""]",https://github.com/PixarAnimationStudios/OpenUSD/actions/runs/30291722371/job/90062961559
90062961656,30291722371,1,wasm32,Wasm (Wasm),2026-07-27 17:59:59,2026-07-27 19:00:43,2026-07,success,included,True,60.733333333333334,58.93333333333333,"[""ubuntu-22.04""]",https://github.com/PixarAnimationStudios/OpenUSD/actions/runs/30291722371/job/90062961656
90682441666,30483227873,1,linux,Linux,2026-07-29 19:10:44,2026-07-29 20:14:02,2026-07,success,included,True,63.3,57.25,"[""ubuntu-22.04""]",https://github.com/PixarAnimationStudios/OpenUSD/actions/runs/30483227873/job/90682441666
90682441699,30483227873,1,macos,macOS,2026-07-29 19:10:44,2026-07-29 19:59:33,2026-07,success,included,True,48.81666666666667,45.3,"[""macos-15""]",https://github.com/PixarAnimationStudios/OpenUSD/actions/runs/30483227873/job/90682441699
90708676604,30483227873,2,linux,Linux,2026-07-29 19:10:44,2026-07-29 20:14:02,2026-07,success,duplicate_execution,True,63.3,57.25,"[""ubuntu-22.04""]",https://github.com/PixarAnimationStudios/OpenUSD/actions/runs/30483227873/job/90708676604
90708701082,30483227873,2,macos,macOS,2026-07-29 19:10:44,2026-07-29 19:59:33,2026-07,success,duplicate_execution,True,48.81666666666667,45.3,"[""macos-15""]",https://github.com/PixarAnimationStudios/OpenUSD/actions/runs/30483227873/job/90708701082
90682441643,30483227873,1,windows,Windows,2026-07-29 19:10:45,2026-07-29 20:28:05,2026-07,success,included,True,77.33333333333333,71.91666666666667,"[""windows-2022""]",https://github.com/PixarAnimationStudios/OpenUSD/actions/runs/30483227873/job/90682441643
90708676591,30483227873,2,windows,Windows,2026-07-29 19:10:45,2026-07-29 20:28:05,2026-07,success,duplicate_execution,True,77.33333333333333,71.91666666666667,"[""windows-2022""]",https://github.com/PixarAnimationStudios/OpenUSD/actions/runs/30483227873/job/90708676591
90682441645,30483227873,1,wasm32,Wasm (Wasm),2026-07-29 19:10:49,2026-07-29 20:04:08,2026-07,success,included,True,53.31666666666667,51.516666666666666,"[""ubuntu-22.04""]",https://github.com/PixarAnimationStudios/OpenUSD/actions/runs/30483227873/job/90682441645
90708677226,30483227873,2,wasm32,Wasm (Wasm),2026-07-29 19:10:49,2026-07-29 20:04:08,2026-07,success,duplicate_execution,True,53.31666666666667,51.516666666666666,"[""ubuntu-22.04""]",https://github.com/PixarAnimationStudios/OpenUSD/actions/runs/30483227873/job/90708677226
90682441714,30483227873,1,wasm64,Wasm (Wasm64),2026-07-29 19:10:54,2026-07-29 20:10:56,2026-07,success,included,True,60.03333333333333,58.266666666666666,"[""ubuntu-22.04""]",https://github.com/PixarAnimationStudios/OpenUSD/actions/runs/30483227873/job/90682441714
90708676785,30483227873,2,wasm64,Wasm (Wasm64),2026-07-29 19:10:54,2026-07-29 20:10:56,2026-07,success,duplicate_execution,True,60.03333333333333,58.266666666666666,"[""ubuntu-22.04""]",https://github.com/PixarAnimationStudios/OpenUSD/actions/runs/30483227873/job/90708676785
91429805690,30723019673,1,wasm32,Wasm (Wasm),2026-08-01 23:17:21,2026-08-02 00:10:47,2026-08,success,included,True,53.43333333333333,51.53333333333333,"[""ubuntu-22.04""]",https://github.com/PixarAnimationStudios/OpenUSD/actions/runs/30723019673/job/91429805690
91429805691,30723019673,1,linux,Linux,2026-08-01 23:17:21,2026-08-02 00:18:30,2026-08,success,included,True,61.15,56.35,"[""ubuntu-22.04""]",https://github.com/PixarAnimationStudios/OpenUSD/actions/runs/30723019673/job/91429805691
91429805702,30723019673,1,windows,Windows,2026-08-01 23:17:21,2026-08-01 23:27:24,2026-08,success,included,True,10.05,3.7,"[""windows-2022""]",https://github.com/PixarAnimationStudios/OpenUSD/actions/runs/30723019673/job/91429805702
91429805706,30723019673,1,wasm64,Wasm (Wasm64),2026-08-01 23:17:21,2026-08-02 00:16:44,2026-08,success,included,True,59.38333333333333,57.56666666666667,"[""ubuntu-22.04""]",https://github.com/PixarAnimationStudios/OpenUSD/actions/runs/30723019673/job/91429805706
91429805692,30723019673,1,macos,macOS,2026-08-01 23:17:22,2026-08-02 00:00:26,2026-08,success,included,True,43.06666666666667,38.86666666666667,"[""macos-15""]",https://github.com/PixarAnimationStudios/OpenUSD/actions/runs/30723019673/job/91429805692
91429963722,30723075612,1,linux,Linux,2026-08-01 23:19:14,2026-08-02 00:14:50,2026-08,success,included,True,55.6,50.63333333333333,"[""ubuntu-22.04""]",https://github.com/PixarAnimationStudios/OpenUSD/actions/runs/30723075612/job/91429963722
91429963713,30723075612,1,macos,macOS,2026-08-01 23:19:15,2026-08-02 00:05:43,2026-08,success,included,True,46.46666666666667,41.416666666666664,"[""macos-15""]",https://github.com/PixarAnimationStudios/OpenUSD/actions/runs/30723075612/job/91429963713
91429963727,30723075612,1,wasm64,Wasm (Wasm64),2026-08-01 23:19:15,2026-08-02 00:23:09,2026-08,success,included,True,63.9,62.1,"[""ubuntu-22.04""]",https://github.com/PixarAnimationStudios/OpenUSD/actions/runs/30723075612/job/91429963727
91429963752,30723075612,1,windows,Windows,2026-08-01 23:19:15,2026-08-01 23:40:22,2026-08,success,included,True,21.116666666666667,15.0,"[""windows-2022""]",https://github.com/PixarAnimationStudios/OpenUSD/actions/runs/30723075612/job/91429963752
91429963721,30723075612,1,wasm32,Wasm (Wasm),2026-08-01 23:19:20,2026-08-02 00:14:41,2026-08,success,included,True,55.35,53.583333333333336,"[""ubuntu-22.04""]",https://github.com/PixarAnimationStudios/OpenUSD/actions/runs/30723075612/job/91429963721
91430143518,30723141624,1,linux,Linux,2026-08-01 23:21:12,2026-08-02 00:29:27,2026-08,success,included,True,68.25,63.416666666666664,"[""ubuntu-22.04""]",https://github.com/PixarAnimationStudios/OpenUSD/actions/runs/30723141624/job/91430143518
91430143537,30723141624,1,wasm64,Wasm (Wasm64),2026-08-01 23:21:12,2026-08-02 00:23:48,2026-08,success,included,True,62.6,60.85,"[""ubuntu-22.04""]",https://github.com/PixarAnimationStudios/OpenUSD/actions/runs/30723141624/job/91430143537
91430143551,30723141624,1,wasm32,Wasm (Wasm),2026-08-01 23:21:12,2026-08-02 00:23:18,2026-08,success,included,True,62.1,60.3,"[""ubuntu-22.04""]",https://github.com/PixarAnimationStudios/OpenUSD/actions/runs/30723141624/job/91430143551
91430143548,30723141624,1,macos,macOS,2026-08-01 23:21:13,2026-08-02 00:13:19,2026-08,success,included,True,52.1,47.9,"[""macos-15""]",https://github.com/PixarAnimationStudios/OpenUSD/actions/runs/30723141624/job/91430143548
91430143553,30723141624,1,windows,Windows,2026-08-01 23:21:13,2026-08-01 23:30:12,2026-08,success,included,True,8.983333333333333,3.0833333333333335,"[""windows-2022""]",https://github.com/PixarAnimationStudios/OpenUSD/actions/runs/30723141624/job/91430143553
91430330400,30723215201,1,wasm32,Wasm (Wasm),2026-08-01 23:23:19,2026-08-02 00:21:24,2026-08,success,included,True,58.083333333333336,56.233333333333334,"[""ubuntu-22.04""]",https://github.com/PixarAnimationStudios/OpenUSD/actions/runs/30723215201/job/91430330400
91430330391,30723215201,1,windows,Windows,2026-08-01 23:23:20,2026-08-01 23:31:39,2026-08,success,included,True,8.316666666666666,2.816666666666667,"[""windows-2022""]",https://github.com/PixarAnimationStudios/OpenUSD/actions/runs/30723215201/job/91430330391
91430330393,30723215201,1,linux,Linux,2026-08-01 23:23:20,2026-08-02 00:27:34,2026-08,success,included,True,64.23333333333333,59.416666666666664,"[""ubuntu-22.04""]",https://github.com/PixarAnimationStudios/OpenUSD/actions/runs/30723215201/job/91430330393
91430330407,30723215201,1,wasm64,Wasm (Wasm64),2026-08-01 23:23:20,2026-08-02 00:22:40,2026-08,success,included,True,59.333333333333336,57.583333333333336,"[""ubuntu-22.04""]",https://github.com/PixarAnimationStudios/OpenUSD/actions/runs/30723215201/job/91430330407
91430330394,30723215201,1,macos,macOS,2026-08-01 23:23:21,2026-08-02 00:14:29,2026-08,success,included,True,51.13333333333333,46.85,"[""macos-15""]",https://github.com/PixarAnimationStudios/OpenUSD/actions/runs/30723215201/job/91430330394
91634262296,30797351464,1,wasm64,Wasm (Wasm64),2026-08-03 08:27:52,2026-08-03 09:28:12,2026-08,success,included,True,60.333333333333336,56.75,"[""ubuntu-22.04""]",https://github.com/PixarAnimationStudios/OpenUSD/actions/runs/30797351464/job/91634262296
91634262271,30797351464,1,macos,macOS,2026-08-03 08:27:53,2026-08-03 09:21:47,2026-08,success,included,True,53.9,48.95,"[""macos-15""]",https://github.com/PixarAnimationStudios/OpenUSD/actions/runs/30797351464/job/91634262271
91634262279,30797351464,1,windows,Windows,2026-08-03 08:27:53,2026-08-03 08:36:49,2026-08,success,included,True,8.933333333333334,3.05,"[""windows-2022""]",https://github.com/PixarAnimationStudios/OpenUSD/actions/runs/30797351464/job/91634262279
91634262265,30797351464,1,linux,Linux,2026-08-03 08:27:58,2026-08-03 09:20:07,2026-08,success,included,True,52.15,46.86666666666667,"[""ubuntu-22.04""]",https://github.com/PixarAnimationStudios/OpenUSD/actions/runs/30797351464/job/91634262265
91634262323,30797351464,1,wasm32,Wasm (Wasm),2026-08-03 08:27:58,2026-08-03 09:20:23,2026-08,success,included,True,52.416666666666664,49.31666666666667,"[""ubuntu-22.04""]",https://github.com/PixarAnimationStudios/OpenUSD/actions/runs/30797351464/job/91634262323
92125813193,30948891536,1,linux,Linux,2026-08-04 20:40:27,2026-08-04 21:43:46,2026-08,success,included,True,63.31666666666667,58.5,"[""ubuntu-22.04""]",https://github.com/PixarAnimationStudios/OpenUSD/actions/runs/30948891536/job/92125813193
92125813194,30948891536,1,windows,Windows,2026-08-04 20:40:28,2026-08-04 21:29:34,2026-08,success,included,True,49.1,42.666666666666664,"[""windows-2022""]",https://github.com/PixarAnimationStudios/OpenUSD/actions/runs/30948891536/job/92125813194
92125813308,30948891536,1,macos,macOS,2026-08-04 20:40:28,2026-08-04 21:32:00,2026-08,failure,not_successful,True,51.53333333333333,46.61666666666667,"[""macos-15""]",https://github.com/PixarAnimationStudios/OpenUSD/actions/runs/30948891536/job/92125813308
92125813180,30948891536,1,wasm64,Wasm (Wasm64),2026-08-04 20:40:34,2026-08-04 21:39:34,2026-08,success,included,True,59.0,56.81666666666667,"[""ubuntu-22.04""]",https://github.com/PixarAnimationStudios/OpenUSD/actions/runs/30948891536/job/92125813180
92125813185,30948891536,1,wasm32,Wasm (Wasm),2026-08-04 20:40:34,2026-08-04 21:39:37,2026-08,success,included,True,59.05,57.36666666666667,"[""ubuntu-22.04""]",https://github.com/PixarAnimationStudios/OpenUSD/actions/runs/30948891536/job/92125813185
92494704144,31062974932,1,windows,Windows,2026-08-06 01:32:03,2026-08-06 02:33:18,2026-08,success,included,True,61.25,55.4,"[""windows-2022""]",https://github.com/PixarAnimationStudios/OpenUSD/actions/runs/31062974932/job/92494704144
92494704156,31062974932,1,linux,Linux,2026-08-06 01:32:03,2026-08-06 02:22:21,2026-08,success,included,True,50.3,45.96666666666667,"[""ubuntu-22.04""]",https://github.com/PixarAnimationStudios/OpenUSD/actions/runs/31062974932/job/92494704156
92494704134,31062974932,1,macos,macOS,2026-08-06 01:32:04,2026-08-06 02:36:43,2026-08,success,included,True,64.65,59.21666666666667,"[""macos-15""]",https://github.com/PixarAnimationStudios/OpenUSD/actions/runs/31062974932/job/92494704134
92494704145,31062974932,1,wasm64,Wasm (Wasm64),2026-08-06 01:32:04,2026-08-06 02:31:10,2026-08,success,included,True,59.1,57.333333333333336,"[""ubuntu-22.04""]",https://github.com/PixarAnimationStudios/OpenUSD/actions/runs/31062974932/job/92494704145
92494704175,31062974932,1,wasm32,Wasm (Wasm),2026-08-06 01:32:08,2026-08-06 02:26:54,2026-08,success,included,True,54.766666666666666,52.96666666666667,"[""ubuntu-22.04""]",https://github.com/PixarAnimationStudios/OpenUSD/actions/runs/31062974932/job/92494704175
92495587626,31063261791,1,macos,macOS,2026-08-06 01:37:52,2026-08-06 02:27:28,2026-08,success,included,True,49.6,45.25,"[""macos-15""]",https://github.com/PixarAnimationStudios/OpenUSD/actions/runs/31063261791/job/92495587626
92495587648,31063261791,1,windows,Windows,2026-08-06 01:37:52,2026-08-06 02:33:27,2026-08,success,included,True,55.583333333333336,50.13333333333333,"[""windows-2022""]",https://github.com/PixarAnimationStudios/OpenUSD/actions/runs/31063261791/job/92495587648
92495587790,31063261791,1,wasm32,Wasm (Wasm),2026-08-06 01:37:52,2026-08-06 02:35:19,2026-08,success,included,True,57.45,55.733333333333334,"[""ubuntu-22.04""]",https://github.com/PixarAnimationStudios/OpenUSD/actions/runs/31063261791/job/92495587790
92495587627,31063261791,1,linux,Linux,2026-08-06 01:37:53,2026-08-06 02:39:54,2026-08,success,included,True,62.016666666666666,57.18333333333333,"[""ubuntu-22.04""]",https://github.com/PixarAnimationStudios/OpenUSD/actions/runs/31063261791/job/92495587627
92495587639,31063261791,1,wasm64,Wasm (Wasm64),2026-08-06 01:37:53,2026-08-06 02:36:55,2026-08,success,included,True,59.03333333333333,57.3,"[""ubuntu-22.04""]",https://github.com/PixarAnimationStudios/OpenUSD/actions/runs/31063261791/job/92495587639
92525476753,31073217108,1,linux,Linux,2026-08-06 05:08:52,2026-08-06 05:08:51,2026-08,skipped,not_successful,False,,,"[""ubuntu-22.04""]",https://github.com/PixarAnimationStudios/OpenUSD/actions/runs/31073217108/job/92525476753
92525476789,31073217108,1,wasm32,Wasm,2026-08-06 05:08:52,2026-08-06 05:08:51,2026-08,skipped,not_successful,False,,,"[""ubuntu-22.04""]",https://github.com/PixarAnimationStudios/OpenUSD/actions/runs/31073217108/job/92525476789
92525476904,31073217108,1,windows,Windows,2026-08-06 05:08:52,2026-08-06 05:08:51,2026-08,skipped,not_successful,False,,,"[""windows-2022""]",https://github.com/PixarAnimationStudios/OpenUSD/actions/runs/31073217108/job/92525476904
92525477161,31073217108,1,macos,macOS,2026-08-06 05:08:52,2026-08-06 05:08:51,2026-08,skipped,not_successful,False,,,"[""macos-15""]",https://github.com/PixarAnimationStudios/OpenUSD/actions/runs/31073217108/job/92525477161
93627001440,31441464382,1,linux,Linux,2026-08-10 23:13:41,2026-08-11 00:18:16,2026-08,success,included,True,64.58333333333333,60.016666666666666,"[""ubuntu-22.04""]",https://github.com/PixarAnimationStudios/OpenUSD/actions/runs/31441464382/job/93627001440
93627001407,31441464382,1,windows,Windows,2026-08-10 23:13:42,2026-08-10 23:22:37,2026-08,success,included,True,8.916666666666666,3.1166666666666667,"[""windows-2022""]",https://github.com/PixarAnimationStudios/OpenUSD/actions/runs/31441464382/job/93627001407
93627001425,31441464382,1,macos,macOS,2026-08-10 23:13:42,2026-08-11 00:12:36,2026-08,success,included,True,58.9,54.21666666666667,"[""macos-15""]",https://github.com/PixarAnimationStudios/OpenUSD/actions/runs/31441464382/job/93627001425
93627001438,31441464382,1,wasm64,Wasm (Wasm64),2026-08-10 23:13:42,2026-08-11 00:12:56,2026-08,success,included,True,59.233333333333334,57.43333333333333,"[""ubuntu-22.04""]",https://github.com/PixarAnimationStudios/OpenUSD/actions/runs/31441464382/job/93627001438
93627001410,31441464382,1,wasm32,Wasm (Wasm),2026-08-10 23:13:47,2026-08-10 23:58:08,2026-08,success,included,True,44.35,42.71666666666667,"[""ubuntu-22.04""]",https://github.com/PixarAnimationStudios/OpenUSD/actions/runs/31441464382/job/93627001410
94613592723,31750038942,1,wasm32,Wasm (Wasm),2026-08-13 22:28:16,2026-08-13 23:24:09,2026-08,success,included,True,55.88333333333333,54.13333333333333,"[""ubuntu-22.04""]",https://github.com/PixarAnimationStudios/OpenUSD/actions/runs/31750038942/job/94613592723
94613592760,31750038942,1,linux,Linux,2026-08-13 22:28:16,2026-08-13 23:41:41,2026-08,success,included,True,73.41666666666667,68.45,"[""ubuntu-22.04""]",https://github.com/PixarAnimationStudios/OpenUSD/actions/runs/31750038942/job/94613592760
94613592787,31750038942,1,macos,macOS,2026-08-13 22:28:16,2026-08-13 23:11:34,2026-08,success,included,True,43.3,39.06666666666667,"[""macos-15""]",https://github.com/PixarAnimationStudios/OpenUSD/actions/runs/31750038942/job/94613592787
94613592792,31750038942,1,wasm64,Wasm (Wasm64),2026-08-13 22:28:16,2026-08-13 23:23:26,2026-08,success,included,True,55.166666666666664,53.416666666666664,"[""ubuntu-22.04""]",https://github.com/PixarAnimationStudios/OpenUSD/actions/runs/31750038942/job/94613592792
94613592718,31750038942,1,windows,Windows,2026-08-13 22:28:17,2026-08-13 23:58:00,2026-08,success,included,True,89.71666666666667,83.8,"[""windows-2022""]",https://github.com/PixarAnimationStudios/OpenUSD/actions/runs/31750038942/job/94613592718
94742775697,31792602130,1,wasm64,Wasm (Wasm64),2026-08-14 10:32:50,2026-08-14 11:24:47,2026-08,success,included,True,51.95,50.11666666666667,"[""ubuntu-22.04""]",https://github.com/PixarAnimationStudios/OpenUSD/actions/runs/31792602130/job/94742775697
94742775706,31792602130,1,wasm32,Wasm (Wasm),2026-08-14 10:32:50,2026-08-14 11:16:23,2026-08,success,included,True,43.55,41.9,"[""ubuntu-22.04""]",https://github.com/PixarAnimationStudios/OpenUSD/actions/runs/31792602130/job/94742775706
94742775737,31792602130,1,linux,Linux,2026-08-14 10:32:50,2026-08-14 11:44:18,2026-08,success,included,True,71.46666666666667,66.35,"[""ubuntu-22.04""]",https://github.com/PixarAnimationStudios/OpenUSD/actions/runs/31792602130/job/94742775737
94742775819,31792602130,1,windows,Windows,2026-08-14 10:32:50,2026-08-14 10:43:07,2026-08,success,included,True,10.283333333333333,2.933333333333333,"[""windows-2022""]",https://github.com/PixarAnimationStudios/OpenUSD/actions/runs/31792602130/job/94742775819
94742775749,31792602130,1,macos,macOS,2026-08-14 10:32:51,2026-08-14 11:23:40,2026-08,success,included,True,50.81666666666667,46.06666666666667,"[""macos-15""]",https://github.com/PixarAnimationStudios/OpenUSD/actions/runs/31792602130/job/94742775749
94917054236,31847549591,1,macos,macOS,2026-08-14 22:41:30,2026-08-14 23:27:48,2026-08,success,included,True,46.3,42.46666666666667,"[""macos-15""]",https://github.com/PixarAnimationStudios/OpenUSD/actions/runs/31847549591/job/94917054236
94917054250,31847549591,1,windows,Windows,2026-08-14 22:41:30,2026-08-14 22:50:06,2026-08,success,included,True,8.6,2.966666666666667,"[""windows-2022""]",https://github.com/PixarAnimationStudios/OpenUSD/actions/runs/31847549591/job/94917054250
94917054275,31847549591,1,wasm64,Wasm (Wasm64),2026-08-14 22:41:30,2026-08-14 23:31:32,2026-08,success,included,True,50.03333333333333,48.06666666666667,"[""ubuntu-22.04""]",https://github.com/PixarAnimationStudios/OpenUSD/actions/runs/31847549591/job/94917054275
94917054383,31847549591,1,wasm32,Wasm (Wasm),2026-08-14 22:41:30,2026-08-14 23:39:12,2026-08,success,included,True,57.7,55.96666666666667,"[""ubuntu-22.04""]",https://github.com/PixarAnimationStudios/OpenUSD/actions/runs/31847549591/job/94917054383
94917054319,31847549591,1,linux,Linux,2026-08-14 22:41:31,2026-08-14 23:49:28,2026-08,success,included,True,67.95,63.46666666666667,"[""ubuntu-22.04""]",https://github.com/PixarAnimationStudios/OpenUSD/actions/runs/31847549591/job/94917054319
95856905827,32181915878,1,linux,Linux,2026-08-18 20:23:31,2026-08-18 21:18:27,2026-08,success,included,True,54.93333333333333,50.7,"[""ubuntu-22.04""]",https://github.com/PixarAnimationStudios/OpenUSD/actions/runs/32181915878/job/95856905827
95856905833,32181915878,1,wasm64,Wasm (Wasm64),2026-08-18 20:23:31,2026-08-18 21:08:08,2026-08,success,included,True,44.61666666666667,42.9,"[""ubuntu-22.04""]",https://github.com/PixarAnimationStudios/OpenUSD/actions/runs/32181915878/job/95856905833
95856905857,32181915878,1,windows,Windows,2026-08-18 20:23:31,2026-08-18 20:33:12,2026-08,success,included,True,9.683333333333334,3.5,"[""windows-2022""]",https://github.com/PixarAnimationStudios/OpenUSD/actions/runs/32181915878/job/95856905857
95856906095,32181915878,1,wasm32,Wasm (Wasm),2026-08-18 20:23:31,2026-08-18 21:19:51,2026-08,success,included,True,56.333333333333336,54.55,"[""ubuntu-22.04""]",https://github.com/PixarAnimationStudios/OpenUSD/actions/runs/32181915878/job/95856906095
95856905843,32181915878,1,macos,macOS,2026-08-18 20:23:32,2026-08-18 21:18:08,2026-08,success,included,True,54.6,50.016666666666666,"[""macos-15""]",https://github.com/PixarAnimationStudios/OpenUSD/actions/runs/32181915878/job/95856905843
95880955370,32189588991,1,windows,Windows,2026-08-18 21:48:40,2026-08-18 21:58:03,2026-08,success,included,True,9.383333333333333,3.433333333333333,"[""windows-2022""]",https://github.com/PixarAnimationStudios/OpenUSD/actions/runs/32189588991/job/95880955370
95880955414,32189588991,1,macos,macOS,2026-08-18 21:48:40,2026-08-18 22:33:47,2026-08,success,included,True,45.11666666666667,41.15,"[""macos-15""]",https://github.com/PixarAnimationStudios/OpenUSD/actions/runs/32189588991/job/95880955414
95880955417,32189588991,1,wasm32,Wasm (Wasm),2026-08-18 21:48:40,2026-08-18 22:42:00,2026-08,success,included,True,53.333333333333336,51.416666666666664,"[""ubuntu-22.04""]",https://github.com/PixarAnimationStudios/OpenUSD/actions/runs/32189588991/job/95880955417
95880955455,32189588991,1,linux,Linux,2026-08-18 21:48:40,2026-08-18 23:01:49,2026-08,success,included,True,73.15,68.23333333333333,"[""ubuntu-22.04""]",https://github.com/PixarAnimationStudios/OpenUSD/actions/runs/32189588991/job/95880955455
95880955430,32189588991,1,wasm64,Wasm (Wasm64),2026-08-18 21:48:41,2026-08-18 22:47:19,2026-08,success,included,True,58.63333333333333,56.78333333333333,"[""ubuntu-22.04""]",https://github.com/PixarAnimationStudios/OpenUSD/actions/runs/32189588991/job/95880955430
95881402942,32189733631,1,linux,Linux,2026-08-18 21:50:25,2026-08-18 23:03:24,2026-08,success,included,True,72.98333333333333,67.93333333333334,"[""ubuntu-22.04""]",https://github.com/PixarAnimationStudios/OpenUSD/actions/runs/32189733631/job/95881402942
95881402990,32189733631,1,windows,Windows,2026-08-18 21:50:25,2026-08-18 22:00:03,2026-08,success,included,True,9.633333333333333,3.55,"[""windows-2022""]",https://github.com/PixarAnimationStudios/OpenUSD/actions/runs/32189733631/job/95881402990
95881403023,32189733631,1,wasm32,Wasm (Wasm),2026-08-18 21:50:25,2026-08-18 22:33:58,2026-08,success,included,True,43.55,41.86666666666667,"[""ubuntu-22.04""]",https://github.com/PixarAnimationStudios/OpenUSD/actions/runs/32189733631/job/95881403023
95881403026,32189733631,1,wasm64,Wasm (Wasm64),2026-08-18 21:50:25,2026-08-18 22:47:03,2026-08,success,included,True,56.63333333333333,54.71666666666667,"[""ubuntu-22.04""]",https://github.com/PixarAnimationStudios/OpenUSD/actions/runs/32189733631/job/95881403026
95881403037,32189733631,1,macos,macOS,2026-08-18 21:50:26,2026-08-18 22:46:30,2026-08,success,included,True,56.06666666666667,50.56666666666667,"[""macos-15""]",https://github.com/PixarAnimationStudios/OpenUSD/actions/runs/32189733631/job/95881403037
95931965105,32206927829,1,linux,Linux,2026-08-19 02:00:18,2026-08-19 02:46:20,2026-08,success,included,True,46.03333333333333,41.78333333333333,"[""ubuntu-22.04""]",https://github.com/PixarAnimationStudios/OpenUSD/actions/runs/32206927829/job/95931965105
95931965137,32206927829,1,windows,Windows,2026-08-19 02:00:18,2026-08-19 02:09:22,2026-08,success,included,True,9.066666666666666,3.15,"[""windows-2022""]",https://github.com/PixarAnimationStudios/OpenUSD/actions/runs/32206927829/job/95931965137
95931965188,32206927829,1,wasm64,Wasm (Wasm64),2026-08-19 02:00:18,2026-08-19 02:56:17,2026-08,success,included,True,55.983333333333334,54.166666666666664,"[""ubuntu-22.04""]",https://github.com/PixarAnimationStudios/OpenUSD/actions/runs/32206927829/job/95931965188
95931965117,32206927829,1,macos,macOS,2026-08-19 02:00:19,2026-08-19 02:48:57,2026-08,success,included,True,48.63333333333333,45.1,"[""macos-15""]",https://github.com/PixarAnimationStudios/OpenUSD/actions/runs/32206927829/job/95931965117
95931965224,32206927829,1,wasm32,Wasm (Wasm),2026-08-19 02:00:19,2026-08-19 02:56:53,2026-08,success,included,True,56.56666666666667,54.766666666666666,"[""ubuntu-22.04""]",https://github.com/PixarAnimationStudios/OpenUSD/actions/runs/32206927829/job/95931965224
95948990048,32212901778,1,linux,Linux,2026-08-19 03:39:41,2026-08-19 04:32:48,2026-08,success,included,True,53.11666666666667,49.11666666666667,"[""ubuntu-22.04""]",https://github.com/PixarAnimationStudios/OpenUSD/actions/runs/32212901778/job/95948990048
95948990058,32212901778,1,wasm32,Wasm (Wasm),2026-08-19 03:39:41,2026-08-19 04:40:14,2026-08,success,included,True,60.55,58.666666666666664,"[""ubuntu-22.04""]",https://github.com/PixarAnimationStudios/OpenUSD/actions/runs/32212901778/job/95948990058
95948990167,32212901778,1,wasm64,Wasm (Wasm64),2026-08-19 03:39:41,2026-08-19 04:38:57,2026-08,success,included,True,59.266666666666666,57.483333333333334,"[""ubuntu-22.04""]",https://github.com/PixarAnimationStudios/OpenUSD/actions/runs/32212901778/job/95948990167
95948990154,32212901778,1,windows,Windows,2026-08-19 03:39:42,2026-08-19 03:50:13,2026-08,success,included,True,10.516666666666667,3.8666666666666667,"[""windows-2022""]",https://github.com/PixarAnimationStudios/OpenUSD/actions/runs/32212901778/job/95948990154
95948990246,32212901778,1,macos,macOS,2026-08-19 03:39:42,2026-08-19 04:36:54,2026-08,success,included,True,57.2,52.63333333333333,"[""macos-15""]",https://github.com/PixarAnimationStudios/OpenUSD/actions/runs/32212901778/job/95948990246
95950667267,32213492640,1,linux,Linux,2026-08-19 03:49:45,2026-08-19 05:00:10,2026-08,success,included,True,70.41666666666667,65.51666666666667,"[""ubuntu-22.04""]",https://github.com/PixarAnimationStudios/OpenUSD/actions/runs/32213492640/job/95950667267
95950667336,32213492640,1,wasm64,Wasm (Wasm64),2026-08-19 03:49:45,2026-08-19 04:48:32,2026-08,success,included,True,58.78333333333333,56.96666666666667,"[""ubuntu-22.04""]",https://github.com/PixarAnimationStudios/OpenUSD/actions/runs/32213492640/job/95950667336
95950667222,32213492640,1,macos,macOS,2026-08-19 03:49:46,2026-08-19 04:34:21,2026-08,success,included,True,44.583333333333336,40.6,"[""macos-15""]",https://github.com/PixarAnimationStudios/OpenUSD/actions/runs/32213492640/job/95950667222
95950667258,32213492640,1,windows,Windows,2026-08-19 03:49:46,2026-08-19 03:59:18,2026-08,success,included,True,9.533333333333333,3.4,"[""windows-2022""]",https://github.com/PixarAnimationStudios/OpenUSD/actions/runs/32213492640/job/95950667258
95950667273,32213492640,1,wasm32,Wasm (Wasm),2026-08-19 03:49:46,2026-08-19 04:33:32,2026-08,success,included,True,43.766666666666666,42.13333333333333,"[""ubuntu-22.04""]",https://github.com/PixarAnimationStudios/OpenUSD/actions/runs/32213492640/job/95950667273
95953954376,32214686581,1,windows,Windows,2026-08-19 04:09:37,2026-08-19 04:19:01,2026-08,success,included,True,9.4,3.35,"[""windows-2022""]",https://github.com/PixarAnimationStudios/OpenUSD/actions/runs/32214686581/job/95953954376
95953954394,32214686581,1,linux,Linux,2026-08-19 04:09:37,2026-08-19 05:20:32,2026-08,success,included,True,70.91666666666667,66.23333333333333,"[""ubuntu-22.04""]",https://github.com/PixarAnimationStudios/OpenUSD/actions/runs/32214686581/job/95953954394
95953954381,32214686581,1,wasm32,Wasm (Wasm),2026-08-19 04:09:38,2026-08-19 05:08:48,2026-08,success,included,True,59.166666666666664,57.35,"[""ubuntu-22.04""]",https://github.com/PixarAnimationStudios/OpenUSD/actions/runs/32214686581/job/95953954381
95953954402,32214686581,1,wasm64,Wasm (Wasm64),2026-08-19 04:09:38,2026-08-19 05:09:06,2026-08,success,included,True,59.46666666666667,57.63333333333333,"[""ubuntu-22.04""]",https://github.com/PixarAnimationStudios/OpenUSD/actions/runs/32214686581/job/95953954402
95953954421,32214686581,1,macos,macOS,2026-08-19 04:09:38,2026-08-19 05:02:19,2026-08,success,included,True,52.68333333333333,48.03333333333333,"[""macos-15""]",https://github.com/PixarAnimationStudios/OpenUSD/actions/runs/32214686581/job/95953954421
95954692328,32214953918,1,wasm64,Wasm (Wasm64),2026-08-19 04:13:56,2026-08-19 05:13:30,2026-08,success,included,True,59.56666666666667,57.7,"[""ubuntu-22.04""]",https://github.com/PixarAnimationStudios/OpenUSD/actions/runs/32214953918/job/95954692328
95954692335,32214953918,1,linux,Linux,2026-08-19 04:13:56,2026-08-19 05:26:56,2026-08,success,included,True,73.0,68.03333333333333,"[""ubuntu-22.04""]",https://github.com/PixarAnimationStudios/OpenUSD/actions/runs/32214953918/job/95954692335
95954692401,32214953918,1,wasm32,Wasm (Wasm),2026-08-19 04:13:56,2026-08-19 04:52:01,2026-08,success,included,True,38.083333333333336,36.45,"[""ubuntu-22.04""]",https://github.com/PixarAnimationStudios/OpenUSD/actions/runs/32214953918/job/95954692401
95954692383,32214953918,1,macos,macOS,2026-08-19 04:13:57,2026-08-19 05:05:59,2026-08,success,included,True,52.03333333333333,47.5,"[""macos-15""]",https://github.com/PixarAnimationStudios/OpenUSD/actions/runs/32214953918/job/95954692383
95954692326,32214953918,1,windows,Windows,2026-08-19 04:13:59,2026-08-19 04:23:28,2026-08,failure,not_successful,True,9.483333333333333,3.3333333333333335,"[""windows-2022""]",https://github.com/PixarAnimationStudios/OpenUSD/actions/runs/32214953918/job/95954692326
96260209898,32313164870,1,macos,macOS,2026-08-19 23:25:48,2026-08-19 23:25:47,2026-08,skipped,not_successful,False,,,"[""macos-15""]",https://github.com/PixarAnimationStudios/OpenUSD/actions/runs/32313164870/job/96260209898
96260209970,32313164870,1,linux,Linux,2026-08-19 23:25:48,2026-08-19 23:25:47,2026-08,skipped,not_successful,False,,,"[""ubuntu-22.04""]",https://github.com/PixarAnimationStudios/OpenUSD/actions/runs/32313164870/job/96260209970
96260210059,32313164870,1,wasm32,Wasm,2026-08-19 23:25:48,2026-08-19 23:25:47,2026-08,skipped,not_successful,False,,,"[""ubuntu-22.04""]",https://github.com/PixarAnimationStudios/OpenUSD/actions/runs/32313164870/job/96260210059
96260210504,32313164870,1,windows,Windows,2026-08-19 23:25:48,2026-08-19 23:25:47,2026-08,skipped,not_successful,False,,,"[""windows-2022""]",https://github.com/PixarAnimationStudios/OpenUSD/actions/runs/32313164870/job/96260210504
96272491480,32317362931,1,linux,Linux,2026-08-20 00:27:47,2026-08-20 01:08:13,2026-08,success,included,True,40.43333333333333,37.28333333333333,"[""ubuntu-22.04""]",https://github.com/PixarAnimationStudios/OpenUSD/actions/runs/32317362931/job/96272491480
96272491481,32317362931,1,wasm32,Wasm (Wasm),2026-08-20 00:27:47,2026-08-20 01:25:58,2026-08,success,included,True,58.18333333333333,56.31666666666667,"[""ubuntu-22.04""]",https://github.com/PixarAnimationStudios/OpenUSD/actions/runs/32317362931/job/96272491481
96272491522,32317362931,1,wasm64,Wasm (Wasm64),2026-08-20 00:27:47,2026-08-20 01:05:00,2026-08,success,included,True,37.21666666666667,35.61666666666667,"[""ubuntu-22.04""]",https://github.com/PixarAnimationStudios/OpenUSD/actions/runs/32317362931/job/96272491522
96272491532,32317362931,1,windows,Windows,2026-08-20 00:27:47,2026-08-20 00:36:35,2026-08,success,included,True,8.8,2.9833333333333334,"[""windows-2022""]",https://github.com/PixarAnimationStudios/OpenUSD/actions/runs/32317362931/job/96272491532
96272491517,32317362931,1,macos,macOS,2026-08-20 00:27:48,2026-08-20 01:36:38,2026-08,success,included,True,68.83333333333333,63.85,"[""macos-15""]",https://github.com/PixarAnimationStudios/OpenUSD/actions/runs/32317362931/job/96272491517
96381266223,32354657208,1,macos,macOS,2026-08-20 09:36:03,2026-08-20 10:29:02,2026-08,success,included,True,52.983333333333334,48.916666666666664,"[""macos-15""]",https://github.com/PixarAnimationStudios/OpenUSD/actions/runs/32354657208/job/96381266223
96381266279,32354657208,1,wasm32,Wasm (Wasm),2026-08-20 09:36:03,2026-08-20 10:31:30,2026-08,success,included,True,55.45,53.63333333333333,"[""ubuntu-22.04""]",https://github.com/PixarAnimationStudios/OpenUSD/actions/runs/32354657208/job/96381266279
96381266215,32354657208,1,windows,Windows,2026-08-20 09:36:04,2026-08-20 09:44:58,2026-08,success,included,True,8.9,2.7333333333333334,"[""windows-2022""]",https://github.com/PixarAnimationStudios/OpenUSD/actions/runs/32354657208/job/96381266215
96381266271,32354657208,1,wasm64,Wasm (Wasm64),2026-08-20 09:36:04,2026-08-20 10:35:19,2026-08,success,included,True,59.25,57.4,"[""ubuntu-22.04""]",https://github.com/PixarAnimationStudios/OpenUSD/actions/runs/32354657208/job/96381266271
96381266406,32354657208,1,linux,Linux,2026-08-20 09:36:04,2026-08-20 10:48:58,2026-08,success,included,True,72.9,68.36666666666666,"[""ubuntu-22.04""]",https://github.com/PixarAnimationStudios/OpenUSD/actions/runs/32354657208/job/96381266406
96539482617,32404237456,1,linux,Linux,2026-08-20 18:38:02,2026-08-20 19:55:55,2026-08,success,included,True,77.88333333333334,71.51666666666667,"[""ubuntu-22.04""]",https://github.com/PixarAnimationStudios/OpenUSD/actions/runs/32404237456/job/96539482617
96539482627,32404237456,1,wasm32,Wasm (Wasm),2026-08-20 18:38:02,2026-08-20 19:37:52,2026-08,success,included,True,59.833333333333336,58.06666666666667,"[""ubuntu-22.04""]",https://github.com/PixarAnimationStudios/OpenUSD/actions/runs/32404237456/job/96539482627
96539482641,32404237456,1,wasm64,Wasm (Wasm64),2026-08-20 18:38:02,2026-08-20 19:33:44,2026-08,success,included,True,55.7,53.733333333333334,"[""ubuntu-22.04""]",https://github.com/PixarAnimationStudios/OpenUSD/actions/runs/32404237456/job/96539482641
96539482712,32404237456,1,windows,Windows,2026-08-20 18:38:02,2026-08-20 20:04:16,2026-08,success,included,True,86.23333333333333,80.51666666666667,"[""windows-2022""]",https://github.com/PixarAnimationStudios/OpenUSD/actions/runs/32404237456/job/96539482712
96539482720,32404237456,1,macos,macOS,2026-08-20 18:38:03,2026-08-20 19:35:28,2026-08,success,included,True,57.416666666666664,52.016666666666666,"[""macos-15""]",https://github.com/PixarAnimationStudios/OpenUSD/actions/runs/32404237456/job/96539482720
96541501155,32404823960,1,windows,Windows,2026-08-20 18:44:57,2026-08-20 20:20:03,2026-08,failure,not_successful,True,95.1,88.91666666666667,"[""windows-2022""]",https://github.com/PixarAnimationStudios/OpenUSD/actions/runs/32404823960/job/96541501155
96541501197,32404823960,1,wasm32,Wasm (Wasm),2026-08-20 18:44:57,2026-08-20 19:44:58,2026-08,success,included,True,60.016666666666666,58.15,"[""ubuntu-22.04""]",https://github.com/PixarAnimationStudios/OpenUSD/actions/runs/32404823960/job/96541501197
96541501217,32404823960,1,linux,Linux,2026-08-20 18:44:57,2026-08-20 19:45:39,2026-08,success,included,True,60.7,56.06666666666667,"[""ubuntu-22.04""]",https://github.com/PixarAnimationStudios/OpenUSD/actions/runs/32404823960/job/96541501217
96541501162,32404823960,1,macos,macOS,2026-08-20 18:44:58,2026-08-20 19:39:23,2026-08,success,included,True,54.416666666666664,49.05,"[""macos-15""]",https://github.com/PixarAnimationStudios/OpenUSD/actions/runs/32404823960/job/96541501162
96541501406,32404823960,1,wasm64,Wasm (Wasm64),2026-08-20 18:44:58,2026-08-20 19:46:18,2026-08,success,included,True,61.333333333333336,59.35,"[""ubuntu-22.04""]",https://github.com/PixarAnimationStudios/OpenUSD/actions/runs/32404823960/job/96541501406
96548314902,32406927365,1,linux,Linux,2026-08-20 19:07:59,2026-08-20 20:17:43,2026-08,success,included,True,69.73333333333333,64.68333333333334,"[""ubuntu-22.04""]",https://github.com/PixarAnimationStudios/OpenUSD/actions/runs/32406927365/job/96548314902
96548315026,32406927365,1,wasm64,Wasm (Wasm64),2026-08-20 19:07:59,2026-08-20 20:03:40,2026-08,success,included,True,55.68333333333333,53.71666666666667,"[""ubuntu-22.04""]",https://github.com/PixarAnimationStudios/OpenUSD/actions/runs/32406927365/job/96548315026
96548314895,32406927365,1,macos,macOS,2026-08-20 19:08:00,2026-08-20 20:01:11,2026-08,success,included,True,53.18333333333333,48.333333333333336,"[""macos-15""]",https://github.com/PixarAnimationStudios/OpenUSD/actions/runs/32406927365/job/96548314895
96548314927,32406927365,1,windows,Windows,2026-08-20 19:08:00,2026-08-20 20:42:06,2026-08,success,included,True,94.1,87.51666666666667,"[""windows-2022""]",https://github.com/PixarAnimationStudios/OpenUSD/actions/runs/32406927365/job/96548314927
96548315013,32406927365,1,wasm32,Wasm (Wasm),2026-08-20 19:08:00,2026-08-20 19:53:05,2026-08,success,included,True,45.083333333333336,43.45,"[""ubuntu-22.04""]",https://github.com/PixarAnimationStudios/OpenUSD/actions/runs/32406927365/job/96548315013
96548492745,32406998302,1,windows,Windows,2026-08-20 19:08:36,2026-08-20 20:35:01,2026-08,success,included,True,86.41666666666667,80.91666666666667,"[""windows-2022""]",https://github.com/PixarAnimationStudios/OpenUSD/actions/runs/32406998302/job/96548492745
96548492896,32406998302,1,wasm32,Wasm (Wasm),2026-08-20 19:08:36,2026-08-20 20:04:40,2026-08,success,included,True,56.06666666666667,54.13333333333333,"[""ubuntu-22.04""]",https://github.com/PixarAnimationStudios/OpenUSD/actions/runs/32406998302/job/96548492896
96548492751,32406998302,1,macos,macOS,2026-08-20 19:08:37,2026-08-20 19:58:32,2026-08,failure,not_successful,True,49.916666666666664,45.516666666666666,"[""macos-15""]",https://github.com/PixarAnimationStudios/OpenUSD/actions/runs/32406998302/job/96548492751
96548492776,32406998302,1,wasm64,Wasm (Wasm64),2026-08-20 19:08:37,2026-08-20 20:07:38,2026-08,success,included,True,59.016666666666666,57.03333333333333,"[""ubuntu-22.04""]",https://github.com/PixarAnimationStudios/OpenUSD/actions/runs/32406998302/job/96548492776
96548492819,32406998302,1,linux,Linux,2026-08-20 19:08:41,2026-08-20 20:22:27,2026-08,success,included,True,73.76666666666667,69.0,"[""ubuntu-22.04""]",https://github.com/PixarAnimationStudios/OpenUSD/actions/runs/32406998302/job/96548492819
96940477230,32537258107,1,wasm32,Wasm (Wasm),2026-08-21 23:33:28,2026-08-22 00:35:06,2026-08,success,included,True,61.63333333333333,59.75,"[""ubuntu-22.04""]",https://github.com/PixarAnimationStudios/OpenUSD/actions/runs/32537258107/job/96940477230
96940477196,32537258107,1,linux,Linux,2026-08-21 23:33:29,2026-08-22 00:31:42,2026-08,success,included,True,58.21666666666667,53.6,"[""ubuntu-22.04""]",https://github.com/PixarAnimationStudios/OpenUSD/actions/runs/32537258107/job/96940477196
96940477247,32537258107,1,wasm64,Wasm (Wasm64),2026-08-21 23:33:29,2026-08-22 00:30:16,2026-08,success,included,True,56.78333333333333,54.96666666666667,"[""ubuntu-22.04""]",https://github.com/PixarAnimationStudios/OpenUSD/actions/runs/32537258107/job/96940477247
96940477162,32537258107,1,macos,macOS,2026-08-21 23:33:30,2026-08-22 00:32:49,2026-08,success,included,True,59.31666666666667,53.916666666666664,"[""macos-15""]",https://github.com/PixarAnimationStudios/OpenUSD/actions/runs/32537258107/job/96940477162
96940477357,32537258107,1,windows,Windows,2026-08-21 23:33:30,2026-08-21 23:42:47,2026-08,failure,not_successful,True,9.283333333333333,3.1166666666666667,"[""windows-2022""]",https://github.com/PixarAnimationStudios/OpenUSD/actions/runs/32537258107/job/96940477357
97417833075,32722833586,1,windows,Windows,2026-08-24 11:38:25,2026-08-24 11:46:42,2026-08,success,included,True,8.283333333333333,2.8666666666666667,"[""windows-2022""]",https://github.com/PixarAnimationStudios/OpenUSD/actions/runs/32722833586/job/97417833075
97417833114,32722833586,1,macos,macOS,2026-08-24 11:38:25,2026-08-24 12:20:43,2026-08,success,included,True,42.3,37.983333333333334,"[""macos-15""]",https://github.com/PixarAnimationStudios/OpenUSD/actions/runs/32722833586/job/97417833114
97417833145,32722833586,1,linux,Linux,2026-08-24 11:38:25,2026-08-24 12:47:51,2026-08,success,included,True,69.43333333333334,64.81666666666666,"[""ubuntu-22.04""]",https://github.com/PixarAnimationStudios/OpenUSD/actions/runs/32722833586/job/97417833145
97417833165,32722833586,1,wasm32,Wasm (Wasm),2026-08-24 11:38:25,2026-08-24 12:37:54,2026-08,success,included,True,59.483333333333334,57.65,"[""ubuntu-22.04""]",https://github.com/PixarAnimationStudios/OpenUSD/actions/runs/32722833586/job/97417833165
97417833108,32722833586,1,wasm64,Wasm (Wasm64),2026-08-24 11:38:26,2026-08-24 12:37:31,2026-08,success,included,True,59.083333333333336,57.15,"[""ubuntu-22.04""]",https://github.com/PixarAnimationStudios/OpenUSD/actions/runs/32722833586/job/97417833108
97450576382,32733357880,1,windows,Windows,2026-08-24 13:33:44,2026-08-24 13:41:54,2026-08,success,included,True,8.166666666666666,2.8333333333333335,"[""windows-2022""]",https://github.com/PixarAnimationStudios/OpenUSD/actions/runs/32733357880/job/97450576382
97450576495,32733357880,1,macos,macOS,2026-08-24 13:33:44,2026-08-24 14:26:53,2026-08,success,included,True,53.15,48.28333333333333,"[""macos-15""]",https://github.com/PixarAnimationStudios/OpenUSD/actions/runs/32733357880/job/97450576495
97450576675,32733357880,1,linux,Linux,2026-08-24 13:33:44,2026-08-24 14:46:27,2026-08,success,included,True,72.71666666666667,67.98333333333333,"[""ubuntu-22.04""]",https://github.com/PixarAnimationStudios/OpenUSD/actions/runs/32733357880/job/97450576675
97450576445,32733357880,1,wasm32,Wasm (Wasm),2026-08-24 13:33:45,2026-08-24 14:33:32,2026-08,success,included,True,59.78333333333333,57.916666666666664,"[""ubuntu-22.04""]",https://github.com/PixarAnimationStudios/OpenUSD/actions/runs/32733357880/job/97450576445
97450576460,32733357880,1,wasm64,Wasm (Wasm64),2026-08-24 13:33:46,2026-08-24 14:32:30,2026-08,success,included,True,58.733333333333334,56.766666666666666,"[""ubuntu-22.04""]",https://github.com/PixarAnimationStudios/OpenUSD/actions/runs/32733357880/job/97450576460
97514795378,32753170708,1,wasm64,Wasm (Wasm64),2026-08-24 16:51:19,2026-08-24 17:49:12,2026-08,success,included,True,57.88333333333333,56.03333333333333,"[""ubuntu-22.04""]",https://github.com/PixarAnimationStudios/OpenUSD/actions/runs/32753170708/job/97514795378
97514795383,32753170708,1,macos,macOS,2026-08-24 16:51:19,2026-08-24 16:59:35,2026-08,failure,not_successful,True,8.266666666666667,7.8,"[""macos-15""]",https://github.com/PixarAnimationStudios/OpenUSD/actions/runs/32753170708/job/97514795383
97514795516,32753170708,1,linux,Linux,2026-08-24 16:51:19,2026-08-24 17:03:59,2026-08,failure,not_successful,True,12.666666666666666,11.383333333333333,"[""ubuntu-22.04""]",https://github.com/PixarAnimationStudios/OpenUSD/actions/runs/32753170708/job/97514795516
97514795453,32753170708,1,windows,Windows,2026-08-24 16:51:20,2026-08-24 16:54:40,2026-08,failure,not_successful,True,3.3333333333333335,1.45,"[""windows-2022""]",https://github.com/PixarAnimationStudios/OpenUSD/actions/runs/32753170708/job/97514795453
97514795499,32753170708,1,wasm32,Wasm (Wasm),2026-08-24 16:51:20,2026-08-24 17:36:42,2026-08,success,included,True,45.36666666666667,43.45,"[""ubuntu-22.04""]",https://github.com/PixarAnimationStudios/OpenUSD/actions/runs/32753170708/job/97514795499
97516048569,32753516417,1,linux,Linux,2026-08-24 16:55:25,2026-08-24 17:10:15,2026-08,failure,not_successful,True,14.833333333333334,13.933333333333334,"[""ubuntu-22.04""]",https://github.com/PixarAnimationStudios/OpenUSD/actions/runs/32753516417/job/97516048569
97516048594,32753516417,1,wasm64,Wasm (Wasm64),2026-08-24 16:55:25,2026-08-24 17:55:45,2026-08,success,included,True,60.333333333333336,58.53333333333333,"[""ubuntu-22.04""]",https://github.com/PixarAnimationStudios/OpenUSD/actions/runs/32753516417/job/97516048594
97516048475,32753516417,1,macos,macOS,2026-08-24 16:55:26,2026-08-24 17:03:52,2026-08,failure,not_successful,True,8.433333333333334,7.683333333333334,"[""macos-15""]",https://github.com/PixarAnimationStudios/OpenUSD/actions/runs/32753516417/job/97516048475
97516048531,32753516417,1,wasm32,Wasm (Wasm),2026-08-24 16:55:27,2026-08-24 17:52:32,2026-08,success,included,True,57.083333333333336,54.983333333333334,"[""ubuntu-22.04""]",https://github.com/PixarAnimationStudios/OpenUSD/actions/runs/32753516417/job/97516048531
97516048716,32753516417,1,windows,Windows,2026-08-24 16:55:27,2026-08-24 16:59:03,2026-08,failure,not_successful,True,3.6,1.6,"[""windows-2022""]",https://github.com/PixarAnimationStudios/OpenUSD/actions/runs/32753516417/job/97516048716
97522869872,32755691039,1,linux,Linux,2026-08-24 17:17:36,2026-08-24 18:16:34,2026-08,success,included,True,58.96666666666667,54.483333333333334,"[""ubuntu-22.04""]",https://github.com/PixarAnimationStudios/OpenUSD/actions/runs/32755691039/job/97522869872
97522869874,32755691039,1,windows,Windows,2026-08-24 17:17:36,2026-08-24 17:26:09,2026-08,success,included,True,8.55,2.966666666666667,"[""windows-2022""]",https://github.com/PixarAnimationStudios/OpenUSD/actions/runs/32755691039/job/97522869874
97522869885,32755691039,1,wasm32,Wasm (Wasm),2026-08-24 17:17:36,2026-08-24 18:05:25,2026-08,success,included,True,47.81666666666667,46.05,"[""ubuntu-22.04""]",https://github.com/PixarAnimationStudios/OpenUSD/actions/runs/32755691039/job/97522869885
97522869863,32755691039,1,macos,macOS,2026-08-24 17:17:37,2026-08-24 18:15:45,2026-08,success,included,True,58.13333333333333,53.56666666666667,"[""macos-15""]",https://github.com/PixarAnimationStudios/OpenUSD/actions/runs/32755691039/job/97522869863
97522869865,32755691039,1,wasm64,Wasm (Wasm64),2026-08-24 17:17:37,2026-08-24 18:00:47,2026-08,success,included,True,43.166666666666664,41.63333333333333,"[""ubuntu-22.04""]",https://github.com/PixarAnimationStudios/OpenUSD/actions/runs/32755691039/job/97522869865
97543396507,32762106645,1,linux,Linux,2026-08-24 18:24:06,2026-08-24 19:36:44,2026-08,success,included,True,72.63333333333334,67.63333333333334,"[""ubuntu-22.04""]",https://github.com/PixarAnimationStudios/OpenUSD/actions/runs/32762106645/job/97543396507
97543396685,32762106645,1,wasm64,Wasm (Wasm64),2026-08-24 18:24:06,2026-08-24 19:15:47,2026-08,success,included,True,51.68333333333333,49.85,"[""ubuntu-22.04""]",https://github.com/PixarAnimationStudios/OpenUSD/actions/runs/32762106645/job/97543396685
97543396701,32762106645,1,wasm32,Wasm (Wasm),2026-08-24 18:24:06,2026-08-24 19:20:17,2026-08,success,included,True,56.18333333333333,54.35,"[""ubuntu-22.04""]",https://github.com/PixarAnimationStudios/OpenUSD/actions/runs/32762106645/job/97543396701
97543396722,32762106645,1,windows,Windows,2026-08-24 18:24:06,2026-08-24 18:34:38,2026-08,failure,not_successful,True,10.533333333333333,3.2666666666666666,"[""windows-2022""]",https://github.com/PixarAnimationStudios/OpenUSD/actions/runs/32762106645/job/97543396722
97543396523,32762106645,1,macos,macOS,2026-08-24 18:24:07,2026-08-24 19:18:26,2026-08,success,included,True,54.31666666666667,49.5,"[""macos-15""]",https://github.com/PixarAnimationStudios/OpenUSD/actions/runs/32762106645/job/97543396523
97552661985,32765018059,1,windows,Windows,2026-08-24 18:54:52,2026-08-24 19:03:09,2026-08,success,included,True,8.283333333333333,2.8333333333333335,"[""windows-2022""]",https://github.com/PixarAnimationStudios/OpenUSD/actions/runs/32765018059/job/97552661985
97552661938,32765018059,1,linux,Linux,2026-08-24 18:54:53,2026-08-24 19:36:30,2026-08,success,included,True,41.61666666666667,37.6,"[""ubuntu-22.04""]",https://github.com/PixarAnimationStudios/OpenUSD/actions/runs/32765018059/job/97552661938
97552662002,32765018059,1,wasm64,Wasm (Wasm64),2026-08-24 18:54:53,2026-08-24 19:41:48,2026-08,success,included,True,46.916666666666664,44.78333333333333,"[""ubuntu-22.04""]",https://github.com/PixarAnimationStudios/OpenUSD/actions/runs/32765018059/job/97552662002
97552662012,32765018059,1,wasm32,Wasm (Wasm),2026-08-24 18:54:53,2026-08-24 19:40:29,2026-08,success,included,True,45.6,43.233333333333334,"[""ubuntu-22.04""]",https://github.com/PixarAnimationStudios/OpenUSD/actions/runs/32765018059/job/97552662012
97552661941,32765018059,1,macos,macOS,2026-08-24 18:54:54,2026-08-24 19:49:39,2026-08,success,included,True,54.75,49.85,"[""macos-15""]",https://github.com/PixarAnimationStudios/OpenUSD/actions/runs/32765018059/job/97552661941
97553582526,32765311385,1,wasm64,Wasm (Wasm64),2026-08-24 18:57:55,2026-08-24 19:54:48,2026-08,success,included,True,56.88333333333333,54.916666666666664,"[""ubuntu-22.04""]",https://github.com/PixarAnimationStudios/OpenUSD/actions/runs/32765311385/job/97553582526
97553582559,32765311385,1,macos,macOS,2026-08-24 18:57:56,2026-08-24 19:48:17,2026-08,success,included,True,50.35,46.166666666666664,"[""macos-15""]",https://github.com/PixarAnimationStudios/OpenUSD/actions/runs/32765311385/job/97553582559
97553582607,32765311385,1,windows,Windows,2026-08-24 18:57:56,2026-08-24 19:08:36,2026-08,success,included,True,10.666666666666666,5.116666666666666,"[""windows-2022""]",https://github.com/PixarAnimationStudios/OpenUSD/actions/runs/32765311385/job/97553582607
97553582679,32765311385,1,linux,Linux,2026-08-24 18:57:56,2026-08-24 20:11:59,2026-08,success,included,True,74.05,69.05,"[""ubuntu-22.04""]",https://github.com/PixarAnimationStudios/OpenUSD/actions/runs/32765311385/job/97553582679
97553582730,32765311385,1,wasm32,Wasm (Wasm),2026-08-24 18:57:56,2026-08-24 19:54:19,2026-08,success,included,True,56.38333333333333,54.56666666666667,"[""ubuntu-22.04""]",https://github.com/PixarAnimationStudios/OpenUSD/actions/runs/32765311385/job/97553582730
97553851702,32765427131,1,linux,Linux,2026-08-24 18:58:48,2026-08-24 20:09:00,2026-08,success,included,True,70.2,65.31666666666666,"[""ubuntu-22.04""]",https://github.com/PixarAnimationStudios/OpenUSD/actions/runs/32765427131/job/97553851702
97553851742,32765427131,1,macos,macOS,2026-08-24 18:58:49,2026-08-24 19:48:17,2026-08,success,included,True,49.46666666666667,44.5,"[""macos-15""]",https://github.com/PixarAnimationStudios/OpenUSD/actions/runs/32765427131/job/97553851742
97553851823,32765427131,1,windows,Windows,2026-08-24 18:58:49,2026-08-24 19:07:20,2026-08,success,included,True,8.516666666666667,2.65,"[""windows-2022""]",https://github.com/PixarAnimationStudios/OpenUSD/actions/runs/32765427131/job/97553851823
97553851845,32765427131,1,wasm32,Wasm (Wasm),2026-08-24 18:58:49,2026-08-24 19:55:53,2026-08,success,included,True,57.06666666666667,55.25,"[""ubuntu-22.04""]",https://github.com/PixarAnimationStudios/OpenUSD/actions/runs/32765427131/job/97553851845
97553851972,32765427131,1,wasm64,Wasm (Wasm64),2026-08-24 18:58:50,2026-08-24 19:59:11,2026-08,success,included,True,60.35,58.1,"[""ubuntu-22.04""]",https://github.com/PixarAnimationStudios/OpenUSD/actions/runs/32765427131/job/97553851972
97554526902,32765555870,1,linux,Linux,2026-08-24 19:00:58,2026-08-24 19:51:23,2026-08,success,included,True,50.416666666666664,46.083333333333336,"[""ubuntu-22.04""]",https://github.com/PixarAnimationStudios/OpenUSD/actions/runs/32765555870/job/97554526902
97554526878,32765555870,1,wasm64,Wasm (Wasm64),2026-08-24 19:00:59,2026-08-24 20:02:38,2026-08,success,included,True,61.65,59.7,"[""ubuntu-22.04""]",https://github.com/PixarAnimationStudios/OpenUSD/actions/runs/32765555870/job/97554526878
97554526968,32765555870,1,windows,Windows,2026-08-24 19:00:59,2026-08-24 19:10:17,2026-08,success,included,True,9.3,3.1,"[""windows-2022""]",https://github.com/PixarAnimationStudios/OpenUSD/actions/runs/32765555870/job/97554526968
97554527103,32765555870,1,macos,macOS,2026-08-24 19:00:59,2026-08-24 19:59:07,2026-08,success,included,True,58.13333333333333,54.016666666666666,"[""macos-15""]",https://github.com/PixarAnimationStudios/OpenUSD/actions/runs/32765555870/job/97554527103
97554526953,32765555870,1,wasm32,Wasm (Wasm),2026-08-24 19:01:01,2026-08-24 20:00:22,2026-08,success,included,True,59.35,57.5,"[""ubuntu-22.04""]",https://github.com/PixarAnimationStudios/OpenUSD/actions/runs/32765555870/job/97554526953
97846145899,32861378638,1,windows,Windows,2026-08-25 14:44:55,2026-08-25 14:55:57,2026-08,success,included,True,11.033333333333333,3.6333333333333333,"[""windows-2022""]",https://github.com/PixarAnimationStudios/OpenUSD/actions/runs/32861378638/job/97846145899
97846145422,32861378638,1,macos,macOS,2026-08-25 14:44:56,2026-08-25 15:41:52,2026-08,success,included,True,56.93333333333333,52.233333333333334,"[""macos-15""]",https://github.com/PixarAnimationStudios/OpenUSD/actions/runs/32861378638/job/97846145422
97846145455,32861378638,1,wasm64,Wasm (Wasm64),2026-08-25 14:44:56,2026-08-25 15:47:49,2026-08,success,included,True,62.88333333333333,60.18333333333333,"[""ubuntu-22.04""]",https://github.com/PixarAnimationStudios/OpenUSD/actions/runs/32861378638/job/97846145455
97846145607,32861378638,1,linux,Linux,2026-08-25 14:44:56,2026-08-25 15:57:21,2026-08,success,included,True,72.41666666666667,67.41666666666667,"[""ubuntu-22.04""]",https://github.com/PixarAnimationStudios/OpenUSD/actions/runs/32861378638/job/97846145607
97846145756,32861378638,1,wasm32,Wasm (Wasm),2026-08-25 14:44:56,2026-08-25 15:46:48,2026-08,success,included,True,61.86666666666667,59.88333333333333,"[""ubuntu-22.04""]",https://github.com/PixarAnimationStudios/OpenUSD/actions/runs/32861378638/job/97846145756
97928110657,32886438544,1,macos,macOS,2026-08-25 18:54:37,2026-08-25 19:49:14,2026-08,success,included,True,54.61666666666667,50.016666666666666,"[""macos-15""]",https://github.com/PixarAnimationStudios/OpenUSD/actions/runs/32886438544/job/97928110657
97928110789,32886438544,1,wasm32,Wasm (Wasm),2026-08-25 18:54:37,2026-08-25 19:51:56,2026-08,success,included,True,57.31666666666667,55.416666666666664,"[""ubuntu-22.04""]",https://github.com/PixarAnimationStudios/OpenUSD/actions/runs/32886438544/job/97928110789
97928110807,32886438544,1,wasm64,Wasm (Wasm64),2026-08-25 18:54:37,2026-08-25 19:56:11,2026-08,success,included,True,61.56666666666667,59.46666666666667,"[""ubuntu-22.04""]",https://github.com/PixarAnimationStudios/OpenUSD/actions/runs/32886438544/job/97928110807
97928110721,32886438544,1,linux,Linux,2026-08-25 18:54:38,2026-08-25 20:19:19,2026-08,success,included,True,84.68333333333334,78.41666666666667,"[""ubuntu-22.04""]",https://github.com/PixarAnimationStudios/OpenUSD/actions/runs/32886438544/job/97928110721
97928110808,32886438544,1,windows,Windows,2026-08-25 18:54:39,2026-08-25 19:56:56,2026-08,success,included,True,62.28333333333333,54.53333333333333,"[""windows-2022""]",https://github.com/PixarAnimationStudios/OpenUSD/actions/runs/32886438544/job/97928110808
98616587803,33100469088,1,wasm32,Wasm (Wasm),2026-08-27 17:50:57,2026-08-27 18:49:04,2026-08,success,included,True,58.11666666666667,56.03333333333333,"[""ubuntu-22.04""]",https://github.com/PixarAnimationStudios/OpenUSD/actions/runs/33100469088/job/98616587803
98616587810,33100469088,1,wasm64,Wasm (Wasm64),2026-08-27 17:50:57,2026-08-27 18:53:45,2026-08,success,included,True,62.8,60.25,"[""ubuntu-22.04""]",https://github.com/PixarAnimationStudios/OpenUSD/actions/runs/33100469088/job/98616587810
98616587886,33100469088,1,linux,Linux,2026-08-27 17:50:57,2026-08-27 19:01:43,2026-08,success,included,True,70.76666666666667,65.56666666666666,"[""ubuntu-22.04""]",https://github.com/PixarAnimationStudios/OpenUSD/actions/runs/33100469088/job/98616587886
98616587769,33100469088,1,windows,Windows,2026-08-27 17:50:58,2026-08-27 18:31:21,2026-08,success,included,True,40.38333333333333,33.95,"[""windows-2022""]",https://github.com/PixarAnimationStudios/OpenUSD/actions/runs/33100469088/job/98616587769
98616587800,33100469088,1,macos,macOS,2026-08-27 17:50:58,2026-08-27 18:41:42,2026-08,success,included,True,50.733333333333334,46.7,"[""macos-15""]",https://github.com/PixarAnimationStudios/OpenUSD/actions/runs/33100469088/job/98616587800
98673808383,33116876906,1,wasm64,Wasm (Wasm64),2026-08-27 21:10:55,2026-08-27 22:02:36,2026-08,success,included,True,51.68333333333333,49.78333333333333,"[""ubuntu-22.04""]",https://github.com/PixarAnimationStudios/OpenUSD/actions/runs/33116876906/job/98673808383
98673808432,33116876906,1,wasm32,Wasm (Wasm),2026-08-27 21:10:55,2026-08-27 22:09:24,2026-08,success,included,True,58.483333333333334,56.583333333333336,"[""ubuntu-22.04""]",https://github.com/PixarAnimationStudios/OpenUSD/actions/runs/33116876906/job/98673808432
98673808468,33116876906,1,windows,Windows,2026-08-27 21:10:55,2026-08-27 21:20:10,2026-08,success,included,True,9.25,2.65,"[""windows-2022""]",https://github.com/PixarAnimationStudios/OpenUSD/actions/runs/33116876906/job/98673808468
98673808405,33116876906,1,macos,macOS,2026-08-27 21:10:56,2026-08-27 21:59:52,2026-08,success,included,True,48.93333333333333,44.516666666666666,"[""macos-15""]",https://github.com/PixarAnimationStudios/OpenUSD/actions/runs/33116876906/job/98673808405
98673808433,33116876906,1,linux,Linux,2026-08-27 21:10:57,2026-08-27 22:24:22,2026-08,success,included,True,73.41666666666667,68.4,"[""ubuntu-22.04""]",https://github.com/PixarAnimationStudios/OpenUSD/actions/runs/33116876906/job/98673808433
99892806551,33518808792,1,wasm64,Wasm (Wasm64),2026-09-01 14:20:35,2026-09-01 15:24:29,2026-09,success,included,True,63.9,61.9,"[""ubuntu-22.04""]",https://github.com/PixarAnimationStudios/OpenUSD/actions/runs/33518808792/job/99892806551
99892806605,33518808792,1,linux,Linux,2026-09-01 14:20:35,2026-09-01 15:16:23,2026-09,success,included,True,55.8,51.56666666666667,"[""ubuntu-22.04""]",https://github.com/PixarAnimationStudios/OpenUSD/actions/runs/33518808792/job/99892806605
99892806648,33518808792,1,wasm32,Wasm (Wasm),2026-09-01 14:20:35,2026-09-01 15:17:33,2026-09,success,included,True,56.96666666666667,55.166666666666664,"[""ubuntu-22.04""]",https://github.com/PixarAnimationStudios/OpenUSD/actions/runs/33518808792/job/99892806648
99892806571,33518808792,1,macos,macOS,2026-09-01 14:20:36,2026-09-01 15:15:39,2026-09,success,included,True,55.05,50.666666666666664,"[""macos-15""]",https://github.com/PixarAnimationStudios/OpenUSD/actions/runs/33518808792/job/99892806571
99892806576,33518808792,1,windows,Windows,2026-09-01 14:20:36,2026-09-01 14:28:33,2026-09,success,included,True,7.95,2.566666666666667,"[""windows-2022""]",https://github.com/PixarAnimationStudios/OpenUSD/actions/runs/33518808792/job/99892806576
99911544797,33524379431,1,macos,macOS,2026-09-01 15:13:49,2026-09-01 16:11:00,2026-09,success,included,True,57.18333333333333,52.75,"[""macos-15""]",https://github.com/PixarAnimationStudios/OpenUSD/actions/runs/33524379431/job/99911544797
99911544885,33524379431,1,linux,Linux,2026-09-01 15:13:49,2026-09-01 15:56:56,2026-09,success,included,True,43.11666666666667,39.516666666666666,"[""ubuntu-22.04""]",https://github.com/PixarAnimationStudios/OpenUSD/actions/runs/33524379431/job/99911544885
99911544887,33524379431,1,wasm32,Wasm (Wasm),2026-09-01 15:13:49,2026-09-01 16:10:41,2026-09,success,included,True,56.86666666666667,55.06666666666667,"[""ubuntu-22.04""]",https://github.com/PixarAnimationStudios/OpenUSD/actions/runs/33524379431/job/99911544887
99911545026,33524379431,1,wasm64,Wasm (Wasm64),2026-09-01 15:13:49,2026-09-01 16:14:50,2026-09,success,included,True,61.016666666666666,59.25,"[""ubuntu-22.04""]",https://github.com/PixarAnimationStudios/OpenUSD/actions/runs/33524379431/job/99911545026
99911544820,33524379431,1,windows,Windows,2026-09-01 15:13:50,2026-09-01 15:40:47,2026-09,success,included,True,26.95,20.133333333333333,"[""windows-2022""]",https://github.com/PixarAnimationStudios/OpenUSD/actions/runs/33524379431/job/99911544820
99920519597,33526988582,1,wasm32,Wasm (Wasm),2026-09-01 15:39:35,2026-09-01 16:37:55,2026-09,success,included,True,58.333333333333336,56.3,"[""ubuntu-22.04""]",https://github.com/PixarAnimationStudios/OpenUSD/actions/runs/33526988582/job/99920519597
99920519650,33526988582,1,linux,Linux,2026-09-01 15:39:35,2026-09-01 16:35:56,2026-09,success,included,True,56.35,52.083333333333336,"[""ubuntu-22.04""]",https://github.com/PixarAnimationStudios/OpenUSD/actions/runs/33526988582/job/99920519650
99920519690,33526988582,1,windows,Windows,2026-09-01 15:39:35,2026-09-01 15:49:23,2026-09,success,included,True,9.8,3.25,"[""windows-2022""]",https://github.com/PixarAnimationStudios/OpenUSD/actions/runs/33526988582/job/99920519690
99920519755,33526988582,1,wasm64,Wasm (Wasm64),2026-09-01 15:39:35,2026-09-01 16:36:38,2026-09,success,included,True,57.05,55.2,"[""ubuntu-22.04""]",https://github.com/PixarAnimationStudios/OpenUSD/actions/runs/33526988582/job/99920519755
99920519777,33526988582,1,macos,macOS,2026-09-01 15:39:36,2026-09-01 16:50:24,2026-09,success,included,True,70.8,64.7,"[""macos-15""]",https://github.com/PixarAnimationStudios/OpenUSD/actions/runs/33526988582/job/99920519777
99984159663,33546142183,1,linux,Linux,2026-09-01 18:52:25,2026-09-01 20:02:17,2026-09,success,included,True,69.86666666666666,64.98333333333333,"[""ubuntu-22.04""]",https://github.com/PixarAnimationStudios/OpenUSD/actions/runs/33546142183/job/99984159663
99984159675,33546142183,1,wasm64,Wasm (Wasm64),2026-09-01 18:52:25,2026-09-01 19:54:23,2026-09,success,included,True,61.96666666666667,60.06666666666667,"[""ubuntu-22.04""]",https://github.com/PixarAnimationStudios/OpenUSD/actions/runs/33546142183/job/99984159675
99984159731,33546142183,1,windows,Windows,2026-09-01 18:52:25,2026-09-01 19:01:35,2026-09,success,included,True,9.166666666666666,2.933333333333333,"[""windows-2022""]",https://github.com/PixarAnimationStudios/OpenUSD/actions/runs/33546142183/job/99984159731
99984159634,33546142183,1,wasm32,Wasm (Wasm),2026-09-01 18:52:26,2026-09-01 19:53:53,2026-09,success,included,True,61.45,59.483333333333334,"[""ubuntu-22.04""]",https://github.com/PixarAnimationStudios/OpenUSD/actions/runs/33546142183/job/99984159634
99984159681,33546142183,1,macos,macOS,2026-09-01 18:52:30,2026-09-01 19:53:24,2026-09,success,included,True,60.9,56.083333333333336,"[""macos-15""]",https://github.com/PixarAnimationStudios/OpenUSD/actions/runs/33546142183/job/99984159681
101090383397,33893389400,1,linux,Linux,2026-09-04 16:08:22,2026-09-04 17:18:24,2026-09,success,included,True,70.03333333333333,65.13333333333334,"[""ubuntu-22.04""]",https://github.com/PixarAnimationStudios/OpenUSD/actions/runs/33893389400/job/101090383397
101090383424,33893389400,1,wasm32,Wasm (Wasm),2026-09-04 16:08:22,2026-09-04 17:09:52,2026-09,success,included,True,61.5,59.666666666666664,"[""ubuntu-22.04""]",https://github.com/PixarAnimationStudios/OpenUSD/actions/runs/33893389400/job/101090383424
101090383325,33893389400,1,wasm64,Wasm (Wasm64),2026-09-04 16:08:23,2026-09-04 16:58:57,2026-09,success,included,True,50.56666666666667,48.733333333333334,"[""ubuntu-22.04""]",https://github.com/PixarAnimationStudios/OpenUSD/actions/runs/33893389400/job/101090383325
101090383549,33893389400,1,macos,macOS,2026-09-04 16:08:26,2026-09-04 17:04:31,2026-09,success,included,True,56.083333333333336,50.7,"[""macos-15""]",https://github.com/PixarAnimationStudios/OpenUSD/actions/runs/33893389400/job/101090383549
101090383415,33893389400,1,windows,Windows,2026-09-04 16:09:14,2026-09-04 16:19:08,2026-09,failure,not_successful,True,9.9,3.466666666666667,"[""windows-2022""]",https://github.com/PixarAnimationStudios/OpenUSD/actions/runs/33893389400/job/101090383415
102162790856,34256216903,1,linux,Linux,2026-09-08 17:18:22,2026-09-08 18:28:17,2026-09,success,included,True,69.91666666666667,65.26666666666667,"[""ubuntu-22.04""]",https://github.com/PixarAnimationStudios/OpenUSD/actions/runs/34256216903/job/102162790856
102162790877,34256216903,1,windows,Windows,2026-09-08 17:18:22,2026-09-08 17:28:35,2026-09,success,included,True,10.216666666666667,3.55,"[""windows-2022""]",https://github.com/PixarAnimationStudios/OpenUSD/actions/runs/34256216903/job/102162790877
102162791032,34256216903,1,wasm64,Wasm (Wasm64),2026-09-08 17:18:22,2026-09-08 18:20:46,2026-09,success,included,True,62.4,60.38333333333333,"[""ubuntu-22.04""]",https://github.com/PixarAnimationStudios/OpenUSD/actions/runs/34256216903/job/102162791032
102162790961,34256216903,1,wasm32,Wasm (Wasm),2026-09-08 17:18:23,2026-09-08 18:19:23,2026-09,success,included,True,61.0,59.2,"[""ubuntu-22.04""]",https://github.com/PixarAnimationStudios/OpenUSD/actions/runs/34256216903/job/102162790961
102162790889,34256216903,1,macos,macOS,2026-09-08 17:18:27,2026-09-08 18:14:59,2026-09,success,included,True,56.53333333333333,51.45,"[""macos-15""]",https://github.com/PixarAnimationStudios/OpenUSD/actions/runs/34256216903/job/102162790889
102203562177,34268387301,1,windows,Windows,2026-09-08 19:20:52,2026-09-08 20:40:58,2026-09,success,included,True,80.1,73.8,"[""windows-2022""]",https://github.com/PixarAnimationStudios/OpenUSD/actions/runs/34268387301/job/102203562177
102203562154,34268387301,1,wasm32,Wasm (Wasm),2026-09-08 19:20:53,2026-09-08 20:07:24,2026-09,success,included,True,46.516666666666666,45.016666666666666,"[""ubuntu-22.04""]",https://github.com/PixarAnimationStudios/OpenUSD/actions/runs/34268387301/job/102203562154
102203562162,34268387301,1,macos,macOS,2026-09-08 19:20:58,2026-09-08 20:44:41,2026-09,success,included,True,83.71666666666667,78.55,"[""macos-15""]",https://github.com/PixarAnimationStudios/OpenUSD/actions/runs/34268387301/job/102203562162
102203562300,34268387301,1,wasm64,Wasm (Wasm64),2026-09-08 19:21:01,2026-09-08 20:17:49,2026-09,success,included,True,56.8,54.95,"[""ubuntu-22.04""]",https://github.com/PixarAnimationStudios/OpenUSD/actions/runs/34268387301/job/102203562300
102203562220,34268387301,1,linux,Linux,2026-09-08 19:21:02,2026-09-08 20:17:34,2026-09,success,included,True,56.53333333333333,52.233333333333334,"[""ubuntu-22.04""]",https://github.com/PixarAnimationStudios/OpenUSD/actions/runs/34268387301/job/102203562220
102674513742,34413924695,1,windows,Windows,2026-09-09 22:47:56,2026-09-09 22:57:15,2026-09,success,included,True,9.316666666666666,2.9833333333333334,"[""windows-2022""]",https://github.com/PixarAnimationStudios/OpenUSD/actions/runs/34413924695/job/102674513742
102674513748,34413924695,1,linux,Linux,2026-09-09 22:47:56,2026-09-10 00:01:34,2026-09,success,included,True,73.63333333333334,68.93333333333334,"[""ubuntu-22.04""]",https://github.com/PixarAnimationStudios/OpenUSD/actions/runs/34413924695/job/102674513748
102674513762,34413924695,1,wasm32,Wasm (Wasm),2026-09-09 22:47:56,2026-09-09 23:49:41,2026-09,success,included,True,61.75,59.88333333333333,"[""ubuntu-22.04""]",https://github.com/PixarAnimationStudios/OpenUSD/actions/runs/34413924695/job/102674513762
102674513819,34413924695,1,wasm64,Wasm (Wasm64),2026-09-09 22:47:56,2026-09-09 23:46:24,2026-09,success,included,True,58.46666666666667,56.583333333333336,"[""ubuntu-22.04""]",https://github.com/PixarAnimationStudios/OpenUSD/actions/runs/34413924695/job/102674513819
102674513736,34413924695,1,macos,macOS,2026-09-09 22:48:00,2026-09-09 23:43:20,2026-09,success,included,True,55.333333333333336,50.7,"[""macos-15""]",https://github.com/PixarAnimationStudios/OpenUSD/actions/runs/34413924695/job/102674513736
102675620411,34414273753,1,linux,Linux,2026-09-09 22:52:22,2026-09-10 00:06:50,2026-09,success,included,True,74.46666666666667,69.76666666666667,"[""ubuntu-22.04""]",https://github.com/PixarAnimationStudios/OpenUSD/actions/runs/34414273753/job/102675620411
102675620470,34414273753,1,wasm64,Wasm (Wasm64),2026-09-09 22:52:22,2026-09-09 23:37:33,2026-09,success,included,True,45.18333333333333,43.53333333333333,"[""ubuntu-22.04""]",https://github.com/PixarAnimationStudios/OpenUSD/actions/runs/34414273753/job/102675620470
102675620473,34414273753,1,wasm32,Wasm (Wasm),2026-09-09 22:52:22,2026-09-09 23:51:15,2026-09,success,included,True,58.88333333333333,57.016666666666666,"[""ubuntu-22.04""]",https://github.com/PixarAnimationStudios/OpenUSD/actions/runs/34414273753/job/102675620473
102675620480,34414273753,1,windows,Windows,2026-09-09 22:52:23,2026-09-09 23:01:15,2026-09,success,included,True,8.866666666666667,3.0166666666666666,"[""windows-2022""]",https://github.com/PixarAnimationStudios/OpenUSD/actions/runs/34414273753/job/102675620480
102675620406,34414273753,1,macos,macOS,2026-09-09 22:52:28,2026-09-09 23:45:14,2026-09,success,included,True,52.766666666666666,48.4,"[""macos-15""]",https://github.com/PixarAnimationStudios/OpenUSD/actions/runs/34414273753/job/102675620406
102678209606,34415076185,1,linux,Linux,2026-09-09 23:02:57,2026-09-10 00:15:55,2026-09,success,included,True,72.96666666666667,68.4,"[""ubuntu-22.04""]",https://github.com/PixarAnimationStudios/OpenUSD/actions/runs/34415076185/job/102678209606
102678209577,34415076185,1,windows,Windows,2026-09-09 23:02:58,2026-09-09 23:12:46,2026-09,success,included,True,9.8,3.1,"[""windows-2022""]",https://github.com/PixarAnimationStudios/OpenUSD/actions/runs/34415076185/job/102678209577
102678209594,34415076185,1,wasm64,Wasm (Wasm64),2026-09-09 23:02:58,2026-09-10 00:04:26,2026-09,success,included,True,61.46666666666667,59.6,"[""ubuntu-22.04""]",https://github.com/PixarAnimationStudios/OpenUSD/actions/runs/34415076185/job/102678209594
102678209630,34415076185,1,wasm32,Wasm (Wasm),2026-09-09 23:02:58,2026-09-10 00:03:34,2026-09,success,included,True,60.6,58.68333333333333,"[""ubuntu-22.04""]",https://github.com/PixarAnimationStudios/OpenUSD/actions/runs/34415076185/job/102678209630
102678209638,34415076185,1,macos,macOS,2026-09-09 23:03:01,2026-09-09 23:55:10,2026-09,success,included,True,52.15,47.833333333333336,"[""macos-15""]",https://github.com/PixarAnimationStudios/OpenUSD/actions/runs/34415076185/job/102678209638
103016713842,34520497353,1,wasm32,Wasm (Wasm),2026-09-10 19:27:59,2026-09-10 20:29:32,2026-09,success,included,True,61.55,59.68333333333333,"[""ubuntu-22.04""]",https://github.com/PixarAnimationStudios/OpenUSD/actions/runs/34520497353/job/103016713842
103016713866,34520497353,1,wasm64,Wasm (Wasm64),2026-09-10 19:27:59,2026-09-10 20:13:57,2026-09,success,included,True,45.96666666666667,44.25,"[""ubuntu-22.04""]",https://github.com/PixarAnimationStudios/OpenUSD/actions/runs/34520497353/job/103016713866
103016713883,34520497353,1,linux,Linux,2026-09-10 19:27:59,2026-09-10 20:41:09,2026-09,success,included,True,73.16666666666667,68.21666666666667,"[""ubuntu-22.04""]",https://github.com/PixarAnimationStudios/OpenUSD/actions/runs/34520497353/job/103016713883
103016713903,34520497353,1,windows,Windows,2026-09-10 19:27:59,2026-09-10 19:38:17,2026-09,success,included,True,10.3,3.6333333333333333,"[""windows-2022""]",https://github.com/PixarAnimationStudios/OpenUSD/actions/runs/34520497353/job/103016713903
103016713839,34520497353,1,macos,macOS,2026-09-10 19:28:03,2026-09-10 20:22:20,2026-09,success,included,True,54.28333333333333,50.36666666666667,"[""macos-15""]",https://github.com/PixarAnimationStudios/OpenUSD/actions/runs/34520497353/job/103016713839
103031939820,34525026419,1,wasm32,Wasm (Wasm),2026-09-10 20:13:43,2026-09-10 21:12:33,2026-09,success,included,True,58.833333333333336,56.96666666666667,"[""ubuntu-22.04""]",https://github.com/PixarAnimationStudios/OpenUSD/actions/runs/34525026419/job/103031939820
103031939891,34525026419,1,wasm64,Wasm (Wasm64),2026-09-10 20:13:43,2026-09-10 21:11:26,2026-09,success,included,True,57.71666666666667,55.85,"[""ubuntu-22.04""]",https://github.com/PixarAnimationStudios/OpenUSD/actions/runs/34525026419/job/103031939891
103031939949,34525026419,1,linux,Linux,2026-09-10 20:13:43,2026-09-10 21:22:02,2026-09,success,included,True,68.31666666666666,63.65,"[""ubuntu-22.04""]",https://github.com/PixarAnimationStudios/OpenUSD/actions/runs/34525026419/job/103031939949
103031939912,34525026419,1,windows,Windows,2026-09-10 20:13:44,2026-09-10 20:24:07,2026-09,success,included,True,10.383333333333333,3.566666666666667,"[""windows-2022""]",https://github.com/PixarAnimationStudios/OpenUSD/actions/runs/34525026419/job/103031939912
103031939956,34525026419,1,macos,macOS,2026-09-10 20:13:47,2026-09-10 21:08:39,2026-09,success,included,True,54.86666666666667,50.78333333333333,"[""macos-15""]",https://github.com/PixarAnimationStudios/OpenUSD/actions/runs/34525026419/job/103031939956
103453982173,34657810101,1,linux,Linux,2026-09-11 23:23:00,2026-09-12 00:30:15,2026-09,success,included,True,67.25,62.86666666666667,"[""ubuntu-22.04""]",https://github.com/PixarAnimationStudios/OpenUSD/actions/runs/34657810101/job/103453982173
103453982210,34657810101,1,wasm64,Wasm (Wasm64),2026-09-11 23:23:00,2026-09-12 00:02:21,2026-09,success,included,True,39.35,37.71666666666667,"[""ubuntu-22.04""]",https://github.com/PixarAnimationStudios/OpenUSD/actions/runs/34657810101/job/103453982210
103453982239,34657810101,1,wasm32,Wasm (Wasm),2026-09-11 23:23:00,2026-09-12 00:17:31,2026-09,success,included,True,54.516666666666666,52.68333333333333,"[""ubuntu-22.04""]",https://github.com/PixarAnimationStudios/OpenUSD/actions/runs/34657810101/job/103453982239
103453982289,34657810101,1,windows,Windows,2026-09-11 23:23:00,2026-09-11 23:33:05,2026-09,success,included,True,10.083333333333334,3.6,"[""windows-2022""]",https://github.com/PixarAnimationStudios/OpenUSD/actions/runs/34657810101/job/103453982289
103453982216,34657810101,1,macos,macOS,2026-09-11 23:23:06,2026-09-12 00:30:17,2026-09,success,included,True,67.18333333333334,62.56666666666667,"[""macos-15""]",https://github.com/PixarAnimationStudios/OpenUSD/actions/runs/34657810101/job/103453982216
104070434464,34872084420,1,wasm32,Wasm (Wasm),2026-09-14 17:01:09,2026-09-14 17:58:44,2026-09,success,included,True,57.583333333333336,55.75,"[""ubuntu-22.04""]",https://github.com/PixarAnimationStudios/OpenUSD/actions/runs/34872084420/job/104070434464
104070434478,34872084420,1,windows,Windows,2026-09-14 17:01:09,2026-09-14 17:15:52,2026-09,success,included,True,14.716666666666667,8.3,"[""windows-2022""]",https://github.com/PixarAnimationStudios/OpenUSD/actions/runs/34872084420/job/104070434478
104070434559,34872084420,1,wasm64,Wasm (Wasm64),2026-09-14 17:01:09,2026-09-14 17:58:10,2026-09,success,included,True,57.016666666666666,55.13333333333333,"[""ubuntu-22.04""]",https://github.com/PixarAnimationStudios/OpenUSD/actions/runs/34872084420/job/104070434559
104070434543,34872084420,1,linux,Linux,2026-09-14 17:01:10,2026-09-14 18:15:48,2026-09,success,included,True,74.63333333333334,69.08333333333333,"[""ubuntu-22.04""]",https://github.com/PixarAnimationStudios/OpenUSD/actions/runs/34872084420/job/104070434543
104070434516,34872084420,1,macos,macOS,2026-09-14 17:01:13,2026-09-14 17:56:04,2026-09,success,included,True,54.85,50.28333333333333,"[""macos-15""]",https://github.com/PixarAnimationStudios/OpenUSD/actions/runs/34872084420/job/104070434516
104194553510,34909787201,1,wasm32,Wasm (Wasm),2026-09-14 23:39:01,2026-09-15 00:24:02,2026-09,success,included,True,45.016666666666666,43.483333333333334,"[""ubuntu-22.04""]",https://github.com/PixarAnimationStudios/OpenUSD/actions/runs/34909787201/job/104194553510
104194553503,34909787201,1,linux,Linux,2026-09-14 23:39:02,2026-09-14 23:42:20,2026-09,failure,not_successful,True,3.3,2.466666666666667,"[""ubuntu-22.04""]",https://github.com/PixarAnimationStudios/OpenUSD/actions/runs/34909787201/job/104194553503
104194553546,34909787201,1,wasm64,Wasm (Wasm64),2026-09-14 23:39:02,2026-09-15 00:40:12,2026-09,success,included,True,61.166666666666664,59.3,"[""ubuntu-22.04""]",https://github.com/PixarAnimationStudios/OpenUSD/actions/runs/34909787201/job/104194553546
104194553553,34909787201,1,windows,Windows,2026-09-14 23:39:02,2026-09-15 01:10:52,2026-09,success,included,True,91.83333333333333,85.48333333333333,"[""windows-2022""]",https://github.com/PixarAnimationStudios/OpenUSD/actions/runs/34909787201/job/104194553553
104194553571,34909787201,1,macos,macOS,2026-09-14 23:39:05,2026-09-15 00:26:23,2026-09,success,included,True,47.3,43.31666666666667,"[""macos-15""]",https://github.com/PixarAnimationStudios/OpenUSD/actions/runs/34909787201/job/104194553571
104491863978,35001772225,1,windows,Windows,2026-09-15 17:31:56,2026-09-15 18:57:44,2026-09,success,included,True,85.8,79.5,"[""windows-2022""]",https://github.com/PixarAnimationStudios/OpenUSD/actions/runs/35001772225/job/104491863978
104491863993,35001772225,1,linux,Linux,2026-09-15 17:31:56,2026-09-15 18:44:03,2026-09,success,included,True,72.11666666666666,67.95,"[""ubuntu-22.04""]",https://github.com/PixarAnimationStudios/OpenUSD/actions/runs/35001772225/job/104491863993
104491864013,35001772225,1,wasm64,Wasm (Wasm64),2026-09-15 17:31:56,2026-09-15 18:30:34,2026-09,success,included,True,58.63333333333333,56.733333333333334,"[""ubuntu-22.04""]",https://github.com/PixarAnimationStudios/OpenUSD/actions/runs/35001772225/job/104491864013
104491864055,35001772225,1,wasm32,Wasm (Wasm),2026-09-15 17:31:56,2026-09-15 18:33:05,2026-09,success,included,True,61.15,59.36666666666667,"[""ubuntu-22.04""]",https://github.com/PixarAnimationStudios/OpenUSD/actions/runs/35001772225/job/104491864055
104491863945,35001772225,1,macos,macOS,2026-09-15 17:32:01,2026-09-15 18:27:37,2026-09,success,included,True,55.6,50.46666666666667,"[""macos-15""]",https://github.com/PixarAnimationStudios/OpenUSD/actions/runs/35001772225/job/104491863945
104495123594,35002756734,1,wasm64,Wasm (Wasm64),2026-09-15 17:41:21,2026-09-15 18:40:18,2026-09,success,included,True,58.95,57.11666666666667,"[""ubuntu-22.04""]",https://github.com/PixarAnimationStudios/OpenUSD/actions/runs/35002756734/job/104495123594
104495123596,35002756734,1,windows,Windows,2026-09-15 17:41:21,2026-09-15 19:06:18,2026-09,success,included,True,84.95,79.11666666666666,"[""windows-2022""]",https://github.com/PixarAnimationStudios/OpenUSD/actions/runs/35002756734/job/104495123596
104495123676,35002756734,1,linux,Linux,2026-09-15 17:41:21,2026-09-15 18:41:10,2026-09,success,included,True,59.81666666666667,55.733333333333334,"[""ubuntu-22.04""]",https://github.com/PixarAnimationStudios/OpenUSD/actions/runs/35002756734/job/104495123676
104495123720,35002756734,1,wasm32,Wasm (Wasm),2026-09-15 17:41:22,2026-09-15 18:45:47,2026-09,success,included,True,64.41666666666667,62.516666666666666,"[""ubuntu-22.04""]",https://github.com/PixarAnimationStudios/OpenUSD/actions/runs/35002756734/job/104495123720
104495123497,35002756734,1,macos,macOS,2026-09-15 17:41:29,2026-09-15 18:41:42,2026-09,success,included,True,60.21666666666667,55.166666666666664,"[""macos-15""]",https://github.com/PixarAnimationStudios/OpenUSD/actions/runs/35002756734/job/104495123497
104501600347,35004680507,1,linux,Linux,2026-09-15 18:00:22,2026-09-15 19:18:16,2026-09,success,included,True,77.9,73.28333333333333,"[""ubuntu-22.04""]",https://github.com/PixarAnimationStudios/OpenUSD/actions/runs/35004680507/job/104501600347
104501600320,35004680507,1,wasm64,Wasm (Wasm64),2026-09-15 18:00:23,2026-09-15 18:45:54,2026-09,success,included,True,45.516666666666666,43.9,"[""ubuntu-22.04""]",https://github.com/PixarAnimationStudios/OpenUSD/actions/runs/35004680507/job/104501600320
104501600398,35004680507,1,wasm32,Wasm (Wasm),2026-09-15 18:00:23,2026-09-15 19:04:40,2026-09,success,included,True,64.28333333333333,62.2,"[""ubuntu-22.04""]",https://github.com/PixarAnimationStudios/OpenUSD/actions/runs/35004680507/job/104501600398
104501600443,35004680507,1,windows,Windows,2026-09-15 18:00:23,2026-09-15 19:09:54,2026-09,success,included,True,69.51666666666667,63.3,"[""windows-2022""]",https://github.com/PixarAnimationStudios/OpenUSD/actions/runs/35004680507/job/104501600443
104501600404,35004680507,1,macos,macOS,2026-09-15 18:00:28,2026-09-15 19:09:25,2026-09,success,included,True,68.95,63.56666666666667,"[""macos-15""]",https://github.com/PixarAnimationStudios/OpenUSD/actions/runs/35004680507/job/104501600404
104695840940,35065809206,1,windows,Windows,2026-09-16 06:54:05,2026-09-16 07:04:19,2026-09,success,included,True,10.233333333333333,3.816666666666667,"[""windows-2022""]",https://github.com/PixarAnimationStudios/OpenUSD/actions/runs/35065809206/job/104695840940
104695840956,35065809206,1,wasm64,Wasm (Wasm64),2026-09-16 06:54:05,2026-09-16 07:52:13,2026-09,success,included,True,58.13333333333333,56.166666666666664,"[""ubuntu-22.04""]",https://github.com/PixarAnimationStudios/OpenUSD/actions/runs/35065809206/job/104695840956
104695840959,35065809206,1,wasm32,Wasm (Wasm),2026-09-16 06:54:05,2026-09-16 07:47:31,2026-09,success,included,True,53.43333333333333,51.6,"[""ubuntu-22.04""]",https://github.com/PixarAnimationStudios/OpenUSD/actions/runs/35065809206/job/104695840959
104695840961,35065809206,1,linux,Linux,2026-09-16 06:54:05,2026-09-16 08:12:05,2026-09,success,included,True,78.0,73.43333333333334,"[""ubuntu-22.04""]",https://github.com/PixarAnimationStudios/OpenUSD/actions/runs/35065809206/job/104695840961
104695840941,35065809206,1,macos,macOS,2026-09-16 06:54:08,2026-09-16 07:45:44,2026-09,success,included,True,51.6,47.85,"[""macos-15""]",https://github.com/PixarAnimationStudios/OpenUSD/actions/runs/35065809206/job/104695840941
104896674681,35126427386,1,windows,Windows,2026-09-16 17:10:12,2026-09-16 17:20:21,2026-09,success,included,True,10.15,4.1,"[""windows-2022""]",https://github.com/PixarAnimationStudios/OpenUSD/actions/runs/35126427386/job/104896674681
104896674787,35126427386,1,wasm64,Wasm (Wasm64),2026-09-16 17:10:12,2026-09-16 18:11:41,2026-09,success,included,True,61.483333333333334,59.583333333333336,"[""ubuntu-22.04""]",https://github.com/PixarAnimationStudios/OpenUSD/actions/runs/35126427386/job/104896674787
104896674814,35126427386,1,linux,Linux,2026-09-16 17:10:13,2026-09-16 18:28:05,2026-09,success,included,True,77.86666666666666,73.38333333333334,"[""ubuntu-22.04""]",https://github.com/PixarAnimationStudios/OpenUSD/actions/runs/35126427386/job/104896674814
104896674822,35126427386,1,wasm32,Wasm (Wasm),2026-09-16 17:10:13,2026-09-16 17:55:05,2026-09,success,included,True,44.86666666666667,43.266666666666666,"[""ubuntu-22.04""]",https://github.com/PixarAnimationStudios/OpenUSD/actions/runs/35126427386/job/104896674822
104896690196,35126429373,1,windows,Windows,2026-09-16 17:10:16,2026-09-16 17:21:29,2026-09,success,included,True,11.216666666666667,4.4,"[""windows-2022""]",https://github.com/PixarAnimationStudios/OpenUSD/actions/runs/35126429373/job/104896690196
104896690272,35126429373,1,wasm32,Wasm (Wasm),2026-09-16 17:10:16,2026-09-16 17:55:06,2026-09,success,included,True,44.833333333333336,43.18333333333333,"[""ubuntu-22.04""]",https://github.com/PixarAnimationStudios/OpenUSD/actions/runs/35126429373/job/104896690272
104896690382,35126429373,1,linux,Linux,2026-09-16 17:10:16,2026-09-16 18:10:36,2026-09,success,included,True,60.333333333333336,56.28333333333333,"[""ubuntu-22.04""]",https://github.com/PixarAnimationStudios/OpenUSD/actions/runs/35126429373/job/104896690382
104896674933,35126427386,1,macos,macOS,2026-09-16 17:10:17,2026-09-16 18:04:32,2026-09,success,included,True,54.25,50.36666666666667,"[""macos-15""]",https://github.com/PixarAnimationStudios/OpenUSD/actions/runs/35126427386/job/104896674933
104896690128,35126429373,1,macos,macOS,2026-09-16 17:10:21,2026-09-16 18:04:37,2026-09,success,included,True,54.266666666666666,50.733333333333334,"[""macos-15""]",https://github.com/PixarAnimationStudios/OpenUSD/actions/runs/35126429373/job/104896690128
104896690316,35126429373,1,wasm64,Wasm (Wasm64),2026-09-16 17:15:17,2026-09-16 18:16:53,2026-09,success,included,True,61.6,59.81666666666667,"[""ubuntu-22.04""]",https://github.com/PixarAnimationStudios/OpenUSD/actions/runs/35126429373/job/104896690316
104911473678,35130874170,1,linux,Linux,2026-09-16 17:53:14,2026-09-16 18:52:19,2026-09,success,included,True,59.083333333333336,55.083333333333336,"[""ubuntu-22.04""]",https://github.com/PixarAnimationStudios/OpenUSD/actions/runs/35130874170/job/104911473678
104911473737,35130874170,1,wasm32,Wasm (Wasm),2026-09-16 17:53:14,2026-09-16 18:29:07,2026-09,success,included,True,35.88333333333333,34.46666666666667,"[""ubuntu-22.04""]",https://github.com/PixarAnimationStudios/OpenUSD/actions/runs/35130874170/job/104911473737
104911473809,35130874170,1,windows,Windows,2026-09-16 17:53:14,2026-09-16 18:03:12,2026-09,success,included,True,9.966666666666667,3.55,"[""windows-2022""]",https://github.com/PixarAnimationStudios/OpenUSD/actions/runs/35130874170/job/104911473809
104911473831,35130874170,1,wasm64,Wasm (Wasm64),2026-09-16 17:53:14,2026-09-16 18:50:42,2026-09,success,included,True,57.46666666666667,55.61666666666667,"[""ubuntu-22.04""]",https://github.com/PixarAnimationStudios/OpenUSD/actions/runs/35130874170/job/104911473831
104911473871,35130874170,1,macos,macOS,2026-09-16 17:53:19,2026-09-16 18:52:46,2026-09,success,included,True,59.45,54.483333333333334,"[""macos-15""]",https://github.com/PixarAnimationStudios/OpenUSD/actions/runs/35130874170/job/104911473871
104915818837,35132188879,1,wasm64,Wasm (Wasm64),2026-09-16 18:05:51,2026-09-16 18:55:28,2026-09,success,included,True,49.61666666666667,47.86666666666667,"[""ubuntu-22.04""]",https://github.com/PixarAnimationStudios/OpenUSD/actions/runs/35132188879/job/104915818837
104915818959,35132188879,1,linux,Linux,2026-09-16 18:05:51,2026-09-16 19:05:40,2026-09,success,included,True,59.81666666666667,55.56666666666667,"[""ubuntu-22.04""]",https://github.com/PixarAnimationStudios/OpenUSD/actions/runs/35132188879/job/104915818959
104915818904,35132188879,1,wasm32,Wasm (Wasm),2026-09-16 18:05:52,2026-09-16 18:41:52,2026-09,success,included,True,36.0,34.45,"[""ubuntu-22.04""]",https://github.com/PixarAnimationStudios/OpenUSD/actions/runs/35132188879/job/104915818904
104915818991,35132188879,1,windows,Windows,2026-09-16 18:05:52,2026-09-16 18:15:54,2026-09,success,included,True,10.033333333333333,3.3833333333333333,"[""windows-2022""]",https://github.com/PixarAnimationStudios/OpenUSD/actions/runs/35132188879/job/104915818991
104915818772,35132188879,1,macos,macOS,2026-09-16 18:05:56,2026-09-16 19:06:09,2026-09,success,included,True,60.21666666666667,56.083333333333336,"[""macos-15""]",https://github.com/PixarAnimationStudios/OpenUSD/actions/runs/35132188879/job/104915818772
105037319832,35169276693,1,windows,Windows,2026-09-17 01:07:34,2026-09-17 02:45:00,2026-09,success,included,True,97.43333333333334,92.41666666666667,"[""windows-2022""]",https://github.com/PixarAnimationStudios/OpenUSD/actions/runs/35169276693/job/105037319832
105037319833,35169276693,1,wasm32,Wasm (Wasm),2026-09-17 01:07:34,2026-09-17 01:52:24,2026-09,success,included,True,44.833333333333336,43.25,"[""ubuntu-22.04""]",https://github.com/PixarAnimationStudios/OpenUSD/actions/runs/35169276693/job/105037319833
105037319820,35169276693,1,linux,Linux,2026-09-17 01:07:35,2026-09-17 02:25:53,2026-09,success,included,True,78.3,73.48333333333333,"[""ubuntu-22.04""]",https://github.com/PixarAnimationStudios/OpenUSD/actions/runs/35169276693/job/105037319820
105037319886,35169276693,1,wasm64,Wasm (Wasm64),2026-09-17 01:07:35,2026-09-17 02:08:56,2026-09,success,included,True,61.35,59.45,"[""ubuntu-22.04""]",https://github.com/PixarAnimationStudios/OpenUSD/actions/runs/35169276693/job/105037319886
105037319814,35169276693,1,macos,macOS,2026-09-17 01:07:39,2026-09-17 01:57:43,2026-09,success,included,True,50.06666666666667,46.5,"[""macos-15""]",https://github.com/PixarAnimationStudios/OpenUSD/actions/runs/35169276693/job/105037319814
105045044488,35171836305,1,linux,Linux,2026-09-17 01:46:50,2026-09-17 02:30:08,2026-09,success,included,True,43.3,40.21666666666667,"[""ubuntu-22.04""]",https://github.com/PixarAnimationStudios/OpenUSD/actions/runs/35171836305/job/105045044488
105045044535,35171836305,1,wasm32,Wasm (Wasm),2026-09-17 01:46:50,2026-09-17 02:44:22,2026-09,success,included,True,57.53333333333333,55.7,"[""ubuntu-22.04""]",https://github.com/PixarAnimationStudios/OpenUSD/actions/runs/35171836305/job/105045044535
105045044489,35171836305,1,wasm64,Wasm (Wasm64),2026-09-17 01:46:51,2026-09-17 02:44:25,2026-09,success,included,True,57.56666666666667,55.583333333333336,"[""ubuntu-22.04""]",https://github.com/PixarAnimationStudios/OpenUSD/actions/runs/35171836305/job/105045044489
105045044539,35171836305,1,windows,Windows,2026-09-17 01:46:51,2026-09-17 03:24:11,2026-09,success,included,True,97.33333333333333,92.4,"[""windows-2022""]",https://github.com/PixarAnimationStudios/OpenUSD/actions/runs/35171836305/job/105045044539
105045044458,35171836305,1,macos,macOS,2026-09-17 01:46:55,2026-09-17 02:43:57,2026-09,success,included,True,57.03333333333333,53.28333333333333,"[""macos-15""]",https://github.com/PixarAnimationStudios/OpenUSD/actions/runs/35171836305/job/105045044458
105047883322,35172767153,1,wasm64,Wasm (Wasm64),2026-09-17 02:01:36,2026-09-17 03:05:57,2026-09,success,included,True,64.35,62.55,"[""ubuntu-22.04""]",https://github.com/PixarAnimationStudios/OpenUSD/actions/runs/35172767153/job/105047883322
105047883326,35172767153,1,linux,Linux,2026-09-17 02:01:36,2026-09-17 03:17:03,2026-09,success,included,True,75.45,71.11666666666666,"[""ubuntu-22.04""]",https://github.com/PixarAnimationStudios/OpenUSD/actions/runs/35172767153/job/105047883326
105047883345,35172767153,1,wasm32,Wasm (Wasm),2026-09-17 02:01:36,2026-09-17 02:41:34,2026-09,success,included,True,39.96666666666667,38.36666666666667,"[""ubuntu-22.04""]",https://github.com/PixarAnimationStudios/OpenUSD/actions/runs/35172767153/job/105047883345
105047883251,35172767153,1,windows,Windows,2026-09-17 02:01:38,2026-09-17 03:39:13,2026-09,success,included,True,97.58333333333333,92.51666666666667,"[""windows-2022""]",https://github.com/PixarAnimationStudios/OpenUSD/actions/runs/35172767153/job/105047883251
105047883282,35172767153,1,macos,macOS,2026-09-17 02:01:40,2026-09-17 02:55:13,2026-09,success,included,True,53.55,48.63333333333333,"[""macos-15""]",https://github.com/PixarAnimationStudios/OpenUSD/actions/runs/35172767153/job/105047883282
105051637140,35173981231,1,linux,Linux,2026-09-17 02:20:20,2026-09-17 03:38:24,2026-09,success,included,True,78.06666666666666,73.43333333333334,"[""ubuntu-22.04""]",https://github.com/PixarAnimationStudios/OpenUSD/actions/runs/35173981231/job/105051637140
105051637186,35173981231,1,wasm32,Wasm (Wasm),2026-09-17 02:20:20,2026-09-17 03:17:36,2026-09,success,included,True,57.266666666666666,55.38333333333333,"[""ubuntu-22.04""]",https://github.com/PixarAnimationStudios/OpenUSD/actions/runs/35173981231/job/105051637186
105051637152,35173981231,1,windows,Windows,2026-09-17 02:20:21,2026-09-17 03:49:06,2026-09,success,included,True,88.75,83.96666666666667,"[""windows-2022""]",https://github.com/PixarAnimationStudios/OpenUSD/actions/runs/35173981231/job/105051637152
105051637163,35173981231,1,wasm64,Wasm (Wasm64),2026-09-17 02:20:21,2026-09-17 03:22:40,2026-09,success,included,True,62.31666666666667,60.416666666666664,"[""ubuntu-22.04""]",https://github.com/PixarAnimationStudios/OpenUSD/actions/runs/35173981231/job/105051637163
105051637139,35173981231,1,macos,macOS,2026-09-17 02:20:26,2026-09-17 03:34:44,2026-09,success,included,True,74.3,68.51666666666667,"[""macos-15""]",https://github.com/PixarAnimationStudios/OpenUSD/actions/runs/35173981231/job/105051637139
105233987395,35230714495,1,wasm32,Wasm (Wasm),2026-09-17 14:01:02,2026-09-17 14:55:41,2026-09,success,included,True,54.65,52.766666666666666,"[""ubuntu-22.04""]",https://github.com/PixarAnimationStudios/OpenUSD/actions/runs/35230714495/job/105233987395
105233987486,35230714495,1,wasm64,Wasm (Wasm64),2026-09-17 14:01:02,2026-09-17 14:40:40,2026-09,success,included,True,39.63333333333333,37.96666666666667,"[""ubuntu-22.04""]",https://github.com/PixarAnimationStudios/OpenUSD/actions/runs/35230714495/job/105233987486
105233987319,35230714495,1,windows,Windows,2026-09-17 14:01:03,2026-09-17 15:26:27,2026-09,failure,not_successful,True,85.4,80.73333333333333,"[""windows-2022""]",https://github.com/PixarAnimationStudios/OpenUSD/actions/runs/35230714495/job/105233987319
105233987394,35230714495,1,linux,Linux,2026-09-17 14:01:03,2026-09-17 15:19:52,2026-09,success,included,True,78.81666666666666,74.0,"[""ubuntu-22.04""]",https://github.com/PixarAnimationStudios/OpenUSD/actions/runs/35230714495/job/105233987394
105233987329,35230714495,1,macos,macOS,2026-09-17 14:01:06,2026-09-17 15:08:08,2026-09,success,included,True,67.03333333333333,61.75,"[""macos-15""]",https://github.com/PixarAnimationStudios/OpenUSD/actions/runs/35230714495/job/105233987329
105517084949,35318986753,1,wasm64,Wasm (Wasm64),2026-09-18 07:21:33,2026-09-18 08:01:25,2026-09,success,included,True,39.86666666666667,38.21666666666667,"[""ubuntu-22.04""]",https://github.com/PixarAnimationStudios/OpenUSD/actions/runs/35318986753/job/105517084949
105517084959,35318986753,1,linux,Linux,2026-09-18 07:21:33,2026-09-18 08:18:08,2026-09,success,included,True,56.583333333333336,52.666666666666664,"[""ubuntu-22.04""]",https://github.com/PixarAnimationStudios/OpenUSD/actions/runs/35318986753/job/105517084959
105517084967,35318986753,1,windows,Windows,2026-09-18 07:21:33,2026-09-18 09:00:11,2026-09,success,included,True,98.63333333333334,93.63333333333334,"[""windows-2022""]",https://github.com/PixarAnimationStudios/OpenUSD/actions/runs/35318986753/job/105517084967
105517085076,35318986753,1,wasm32,Wasm (Wasm),2026-09-18 07:21:33,2026-09-18 08:18:47,2026-09,success,included,True,57.233333333333334,55.3,"[""ubuntu-22.04""]",https://github.com/PixarAnimationStudios/OpenUSD/actions/runs/35318986753/job/105517085076
105517084991,35318986753,1,macos,macOS,2026-09-18 07:21:38,2026-09-18 08:16:02,2026-09,success,included,True,54.4,49.666666666666664,"[""macos-15""]",https://github.com/PixarAnimationStudios/OpenUSD/actions/runs/35318986753/job/105517084991
105757023491,35393494376,1,windows,Windows,2026-09-18 20:49:24,2026-09-18 22:26:54,2026-09,success,included,True,97.5,92.45,"[""windows-2022""]",https://github.com/PixarAnimationStudios/OpenUSD/actions/runs/35393494376/job/105757023491
105757023456,35393494376,1,wasm64,Wasm (Wasm64),2026-09-18 20:49:25,2026-09-18 21:49:28,2026-09,success,included,True,60.05,58.266666666666666,"[""ubuntu-22.04""]",https://github.com/PixarAnimationStudios/OpenUSD/actions/runs/35393494376/job/105757023456
105757023495,35393494376,1,wasm32,Wasm (Wasm),2026-09-18 20:49:25,2026-09-18 21:49:48,2026-09,success,included,True,60.38333333333333,58.63333333333333,"[""ubuntu-22.04""]",https://github.com/PixarAnimationStudios/OpenUSD/actions/runs/35393494376/job/105757023495
105757023462,35393494376,1,linux,Linux,2026-09-18 20:49:26,2026-09-18 20:52:32,2026-09,failure,not_successful,True,3.1,2.0,"[""ubuntu-22.04""]",https://github.com/PixarAnimationStudios/OpenUSD/actions/runs/35393494376/job/105757023462
105757023479,35393494376,1,macos,macOS,2026-09-18 20:49:31,2026-09-18 21:44:20,2026-09,success,included,True,54.81666666666667,49.68333333333333,"[""macos-15""]",https://github.com/PixarAnimationStudios/OpenUSD/actions/runs/35393494376/job/105757023479
105768231305,35397023493,1,windows,Windows,2026-09-18 21:30:03,2026-09-18 22:50:37,2026-09,success,included,True,80.56666666666666,75.86666666666666,"[""windows-2022""]",https://github.com/PixarAnimationStudios/OpenUSD/actions/runs/35397023493/job/105768231305
105768231359,35397023493,1,linux,Linux,2026-09-18 21:30:03,2026-09-18 22:47:56,2026-09,success,included,True,77.88333333333334,72.98333333333333,"[""ubuntu-22.04""]",https://github.com/PixarAnimationStudios/OpenUSD/actions/runs/35397023493/job/105768231359
105768231379,35397023493,1,wasm64,Wasm (Wasm64),2026-09-18 21:30:03,2026-09-18 22:28:33,2026-09,success,included,True,58.5,56.61666666666667,"[""ubuntu-22.04""]",https://github.com/PixarAnimationStudios/OpenUSD/actions/runs/35397023493/job/105768231379
105768231423,35397023493,1,wasm32,Wasm (Wasm),2026-09-18 21:30:03,2026-09-18 22:15:08,2026-09,success,included,True,45.083333333333336,43.38333333333333,"[""ubuntu-22.04""]",https://github.com/PixarAnimationStudios/OpenUSD/actions/runs/35397023493/job/105768231423
105768231322,35397023493,1,macos,macOS,2026-09-18 21:30:09,2026-09-18 22:27:13,2026-09,success,included,True,57.06666666666667,53.4,"[""macos-15""]",https://github.com/PixarAnimationStudios/OpenUSD/actions/runs/35397023493/job/105768231322
105768447232,35397082637,1,linux,Linux,2026-09-18 21:30:50,2026-09-18 22:49:00,2026-09,success,included,True,78.16666666666667,73.7,"[""ubuntu-22.04""]",https://github.com/PixarAnimationStudios/OpenUSD/actions/runs/35397082637/job/105768447232
105768447241,35397082637,1,wasm32,Wasm (Wasm),2026-09-18 21:30:50,2026-09-18 22:32:15,2026-09,success,included,True,61.416666666666664,59.5,"[""ubuntu-22.04""]",https://github.com/PixarAnimationStudios/OpenUSD/actions/runs/35397082637/job/105768447241
105768447368,35397082637,1,wasm64,Wasm (Wasm64),2026-09-18 21:30:50,2026-09-18 22:32:15,2026-09,success,included,True,61.416666666666664,59.583333333333336,"[""ubuntu-22.04""]",https://github.com/PixarAnimationStudios/OpenUSD/actions/runs/35397082637/job/105768447368
105768447224,35397082637,1,windows,Windows,2026-09-18 21:30:51,2026-09-18 22:28:51,2026-09,success,included,True,58.0,53.333333333333336,"[""windows-2022""]",https://github.com/PixarAnimationStudios/OpenUSD/actions/runs/35397082637/job/105768447224
105768447352,35397082637,1,macos,macOS,2026-09-18 21:30:55,2026-09-18 22:25:25,2026-09,success,included,True,54.5,50.05,"[""macos-15""]",https://github.com/PixarAnimationStudios/OpenUSD/actions/runs/35397082637/job/105768447352
106269849420,35579773063,1,linux,Linux,2026-09-21 08:48:26,2026-09-21 10:06:14,2026-09,success,included,True,77.8,73.08333333333333,"[""ubuntu-22.04""]",https://github.com/PixarAnimationStudios/OpenUSD/actions/runs/35579773063/job/106269849420
106269849430,35579773063,1,wasm32,Wasm (Wasm),2026-09-21 08:48:26,2026-09-21 09:49:48,2026-09,success,included,True,61.36666666666667,59.583333333333336,"[""ubuntu-22.04""]",https://github.com/PixarAnimationStudios/OpenUSD/actions/runs/35579773063/job/106269849430
106269849460,35579773063,1,wasm64,Wasm (Wasm64),2026-09-21 08:48:26,2026-09-21 09:48:53,2026-09,success,included,True,60.45,58.666666666666664,"[""ubuntu-22.04""]",https://github.com/PixarAnimationStudios/OpenUSD/actions/runs/35579773063/job/106269849460
106269849472,35579773063,1,windows,Windows,2026-09-21 08:48:26,2026-09-21 08:56:55,2026-09,failure,not_successful,True,8.483333333333333,3.85,"[""windows-2022""]",https://github.com/PixarAnimationStudios/OpenUSD/actions/runs/35579773063/job/106269849472
106269849373,35579773063,1,macos,macOS,2026-09-21 08:48:32,2026-09-21 09:52:06,2026-09,success,included,True,63.56666666666667,59.05,"[""macos-15""]",https://github.com/PixarAnimationStudios/OpenUSD/actions/runs/35579773063/job/106269849373
106271223532,35580203578,1,linux,Linux,2026-09-21 08:53:24,2026-09-21 09:51:57,2026-09,success,included,True,58.55,54.63333333333333,"[""ubuntu-22.04""]",https://github.com/PixarAnimationStudios/OpenUSD/actions/runs/35580203578/job/106271223532
106271223575,35580203578,1,wasm32,Wasm (Wasm),2026-09-21 08:53:24,2026-09-21 09:38:20,2026-09,success,included,True,44.93333333333333,43.4,"[""ubuntu-22.04""]",https://github.com/PixarAnimationStudios/OpenUSD/actions/runs/35580203578/job/106271223575
106271223597,35580203578,1,wasm64,Wasm (Wasm64),2026-09-21 08:53:25,2026-09-21 09:54:56,2026-09,success,included,True,61.516666666666666,59.61666666666667,"[""ubuntu-22.04""]",https://github.com/PixarAnimationStudios/OpenUSD/actions/runs/35580203578/job/106271223597
106271223616,35580203578,1,windows,Windows,2026-09-21 08:53:26,2026-09-21 09:59:33,2026-09,success,included,True,66.11666666666666,59.15,"[""windows-2022""]",https://github.com/PixarAnimationStudios/OpenUSD/actions/runs/35580203578/job/106271223616
106271223598,35580203578,1,macos,macOS,2026-09-21 08:53:31,2026-09-21 09:59:38,2026-09,success,included,True,66.11666666666666,61.03333333333333,"[""macos-15""]",https://github.com/PixarAnimationStudios/OpenUSD/actions/runs/35580203578/job/106271223598
106274061836,35581093283,1,wasm64,Wasm (Wasm64),2026-09-21 09:03:29,2026-09-21 09:49:51,2026-09,success,included,True,46.36666666666667,44.733333333333334,"[""ubuntu-22.04""]",https://github.com/PixarAnimationStudios/OpenUSD/actions/runs/35581093283/job/106274061836
106274061868,35581093283,1,linux,Linux,2026-09-21 09:03:29,2026-09-21 09:44:25,2026-09,success,included,True,40.93333333333333,38.016666666666666,"[""ubuntu-22.04""]",https://github.com/PixarAnimationStudios/OpenUSD/actions/runs/35581093283/job/106274061868
106274061884,35581093283,1,wasm32,Wasm (Wasm),2026-09-21 09:03:29,2026-09-21 09:48:49,2026-09,success,included,True,45.333333333333336,43.733333333333334,"[""ubuntu-22.04""]",https://github.com/PixarAnimationStudios/OpenUSD/actions/runs/35581093283/job/106274061884
106274061898,35581093283,1,windows,Windows,2026-09-21 09:03:29,2026-09-21 09:11:52,2026-09,success,included,True,8.383333333333333,3.3833333333333333,"[""windows-2022""]",https://github.com/PixarAnimationStudios/OpenUSD/actions/runs/35581093283/job/106274061898
106274061909,35581093283,1,macos,macOS,2026-09-21 09:03:35,2026-09-21 10:16:25,2026-09,success,included,True,72.83333333333333,67.33333333333333,"[""macos-15""]",https://github.com/PixarAnimationStudios/OpenUSD/actions/runs/35581093283/job/106274061909
106346793446,35604006306,1,wasm64,Wasm (Wasm64),2026-09-21 13:12:04,2026-09-21 14:12:27,2026-09,success,included,True,60.38333333333333,58.583333333333336,"[""ubuntu-22.04""]",https://github.com/PixarAnimationStudios/OpenUSD/actions/runs/35604006306/job/106346793446
106346793218,35604006306,1,wasm32,Wasm (Wasm),2026-09-21 13:12:05,2026-09-21 14:10:28,2026-09,success,included,True,58.38333333333333,56.46666666666667,"[""ubuntu-22.04""]",https://github.com/PixarAnimationStudios/OpenUSD/actions/runs/35604006306/job/106346793218
106346793278,35604006306,1,linux,Linux,2026-09-21 13:12:05,2026-09-21 13:56:57,2026-09,success,included,True,44.86666666666667,41.7,"[""ubuntu-22.04""]",https://github.com/PixarAnimationStudios/OpenUSD/actions/runs/35604006306/job/106346793278
106346793284,35604006306,1,windows,Windows,2026-09-21 13:12:06,2026-09-21 13:20:33,2026-09,success,included,True,8.45,3.216666666666667,"[""windows-2022""]",https://github.com/PixarAnimationStudios/OpenUSD/actions/runs/35604006306/job/106346793284
106346793265,35604006306,1,macos,macOS,2026-09-21 13:12:10,2026-09-21 14:16:51,2026-09,success,included,True,64.68333333333334,60.2,"[""macos-15""]",https://github.com/PixarAnimationStudios/OpenUSD/actions/runs/35604006306/job/106346793265
106516395004,35654983260,1,wasm64,Wasm (Wasm64),2026-09-21 21:05:02,2026-09-21 22:06:08,2026-09,success,included,True,61.1,59.266666666666666,"[""ubuntu-22.04""]",https://github.com/PixarAnimationStudios/OpenUSD/actions/runs/35654983260/job/106516395004
106516394892,35654983260,1,windows,Windows,2026-09-21 21:05:03,2026-09-21 21:13:42,2026-09,success,included,True,8.65,3.466666666666667,"[""windows-2022""]",https://github.com/PixarAnimationStudios/OpenUSD/actions/runs/35654983260/job/106516394892
106516395023,35654983260,1,wasm32,Wasm (Wasm),2026-09-21 21:05:03,2026-09-21 22:05:50,2026-09,success,included,True,60.78333333333333,58.88333333333333,"[""ubuntu-22.04""]",https://github.com/PixarAnimationStudios/OpenUSD/actions/runs/35654983260/job/106516395023
106516395073,35654983260,1,linux,Linux,2026-09-21 21:05:03,2026-09-21 22:23:04,2026-09,success,included,True,78.01666666666667,73.4,"[""ubuntu-22.04""]",https://github.com/PixarAnimationStudios/OpenUSD/actions/runs/35654983260/job/106516395073
106516395157,35654983260,1,macos,macOS,2026-09-21 21:05:08,2026-09-21 22:04:22,2026-09,success,included,True,59.233333333333334,54.11666666666667,"[""macos-15""]",https://github.com/PixarAnimationStudios/OpenUSD/actions/runs/35654983260/job/106516395157
106533771616,35660275533,1,windows,Windows,2026-09-21 22:00:08,2026-09-21 22:08:39,2026-09,success,included,True,8.516666666666667,3.3833333333333333,"[""windows-2022""]",https://github.com/PixarAnimationStudios/OpenUSD/actions/runs/35660275533/job/106533771616
106533771633,35660275533,1,wasm64,Wasm (Wasm64),2026-09-21 22:00:08,2026-09-21 23:02:13,2026-09,success,included,True,62.083333333333336,60.13333333333333,"[""ubuntu-22.04""]",https://github.com/PixarAnimationStudios/OpenUSD/actions/runs/35660275533/job/106533771633
106533771660,35660275533,1,wasm32,Wasm (Wasm),2026-09-21 22:00:08,2026-09-21 23:01:43,2026-09,success,included,True,61.583333333333336,59.666666666666664,"[""ubuntu-22.04""]",https://github.com/PixarAnimationStudios/OpenUSD/actions/runs/35660275533/job/106533771660
106533771685,35660275533,1,linux,Linux,2026-09-21 22:00:08,2026-09-21 23:17:20,2026-09,success,included,True,77.2,72.55,"[""ubuntu-22.04""]",https://github.com/PixarAnimationStudios/OpenUSD/actions/runs/35660275533/job/106533771685
106533771669,35660275533,1,macos,macOS,2026-09-21 22:00:13,2026-09-21 22:58:17,2026-09,success,included,True,58.06666666666667,53.1,"[""macos-15""]",https://github.com/PixarAnimationStudios/OpenUSD/actions/runs/35660275533/job/106533771669
106539528778,35662076872,1,windows,Windows,2026-09-21 22:20:10,2026-09-21 22:29:02,2026-09,success,included,True,8.866666666666667,3.65,"[""windows-2022""]",https://github.com/PixarAnimationStudios/OpenUSD/actions/runs/35662076872/job/106539528778
106539528829,35662076872,1,wasm64,Wasm (Wasm64),2026-09-21 22:20:10,2026-09-21 23:21:42,2026-09,success,included,True,61.53333333333333,59.68333333333333,"[""ubuntu-22.04""]",https://github.com/PixarAnimationStudios/OpenUSD/actions/runs/35662076872/job/106539528829
106539529025,35662076872,1,wasm32,Wasm (Wasm),2026-09-21 22:20:11,2026-09-21 23:04:49,2026-09,success,included,True,44.63333333333333,43.06666666666667,"[""ubuntu-22.04""]",https://github.com/PixarAnimationStudios/OpenUSD/actions/runs/35662076872/job/106539529025
106539528919,35662076872,1,linux,Linux,2026-09-21 22:20:12,2026-09-21 23:34:02,2026-09,success,included,True,73.83333333333333,69.33333333333333,"[""ubuntu-22.04""]",https://github.com/PixarAnimationStudios/OpenUSD/actions/runs/35662076872/job/106539528919
106539528784,35662076872,1,macos,macOS,2026-09-21 22:20:16,2026-09-21 23:10:51,2026-09,success,included,True,50.583333333333336,46.5,"[""macos-15""]",https://github.com/PixarAnimationStudios/OpenUSD/actions/runs/35662076872/job/106539528784
106540576950,35662401820,1,windows,Windows,2026-09-21 22:23:56,2026-09-21 22:32:25,2026-09,success,included,True,8.483333333333333,3.5,"[""windows-2022""]",https://github.com/PixarAnimationStudios/OpenUSD/actions/runs/35662401820/job/106540576950
106540577292,35662401820,1,wasm32,Wasm (Wasm),2026-09-21 22:23:56,2026-09-21 23:23:53,2026-09,success,included,True,59.95,58.05,"[""ubuntu-22.04""]",https://github.com/PixarAnimationStudios/OpenUSD/actions/runs/35662401820/job/106540577292
106540577025,35662401820,1,linux,Linux,2026-09-21 22:23:58,2026-09-21 23:08:32,2026-09,success,included,True,44.56666666666667,41.333333333333336,"[""ubuntu-22.04""]",https://github.com/PixarAnimationStudios/OpenUSD/actions/runs/35662401820/job/106540577025
106540577214,35662401820,1,wasm64,Wasm (Wasm64),2026-09-21 22:23:59,2026-09-21 23:24:36,2026-09,success,included,True,60.61666666666667,58.733333333333334,"[""ubuntu-22.04""]",https://github.com/PixarAnimationStudios/OpenUSD/actions/runs/35662401820/job/106540577214
106540577198,35662401820,1,macos,macOS,2026-09-21 22:24:02,2026-09-21 23:16:27,2026-09,success,included,True,52.416666666666664,47.75,"[""macos-15""]",https://github.com/PixarAnimationStudios/OpenUSD/actions/runs/35662401820/job/106540577198
106664129910,35702619703,1,wasm32,Wasm (Wasm),2026-09-22 08:02:42,2026-09-22 09:03:16,2026-09,success,included,True,60.56666666666667,58.7,"[""ubuntu-22.04""]",https://github.com/PixarAnimationStudios/OpenUSD/actions/runs/35702619703/job/106664129910
106664129932,35702619703,1,wasm64,Wasm (Wasm64),2026-09-22 08:02:42,2026-09-22 08:38:41,2026-09,success,included,True,35.983333333333334,34.56666666666667,"[""ubuntu-22.04""]",https://github.com/PixarAnimationStudios/OpenUSD/actions/runs/35702619703/job/106664129932
106664129942,35702619703,1,linux,Linux,2026-09-22 08:02:42,2026-09-22 09:06:29,2026-09,success,included,True,63.78333333333333,59.38333333333333,"[""ubuntu-22.04""]",https://github.com/PixarAnimationStudios/OpenUSD/actions/runs/35702619703/job/106664129942
106664130037,35702619703,1,windows,Windows,2026-09-22 08:02:42,2026-09-22 08:10:06,2026-09,success,included,True,7.4,2.8666666666666667,"[""windows-2022""]",https://github.com/PixarAnimationStudios/OpenUSD/actions/runs/35702619703/job/106664130037
106664129970,35702619703,1,macos,macOS,2026-09-22 08:02:49,2026-09-22 09:01:05,2026-09,success,included,True,58.266666666666666,53.666666666666664,"[""macos-15""]",https://github.com/PixarAnimationStudios/OpenUSD/actions/runs/35702619703/job/106664129970
106678487003,35707020075,1,windows,Windows,2026-09-22 08:51:22,2026-09-22 09:01:39,2026-09,success,included,True,10.283333333333333,5.166666666666667,"[""windows-2022""]",https://github.com/PixarAnimationStudios/OpenUSD/actions/runs/35707020075/job/106678487003
106678487053,35707020075,1,wasm32,Wasm (Wasm),2026-09-22 08:51:23,2026-09-22 09:29:52,2026-09,success,included,True,38.483333333333334,37.06666666666667,"[""ubuntu-22.04""]",https://github.com/PixarAnimationStudios/OpenUSD/actions/runs/35707020075/job/106678487053
106678487172,35707020075,1,wasm64,Wasm (Wasm64),2026-09-22 08:51:23,2026-09-22 09:52:32,2026-09,success,included,True,61.15,59.35,"[""ubuntu-22.04""]",https://github.com/PixarAnimationStudios/OpenUSD/actions/runs/35707020075/job/106678487172
106678487001,35707020075,1,linux,Linux,2026-09-22 08:51:24,2026-09-22 10:04:34,2026-09,success,included,True,73.16666666666667,68.93333333333334,"[""ubuntu-22.04""]",https://github.com/PixarAnimationStudios/OpenUSD/actions/runs/35707020075/job/106678487001
106678487206,35707020075,1,macos,macOS,2026-09-22 08:51:28,2026-09-22 09:42:29,2026-09,success,included,True,51.016666666666666,47.03333333333333,"[""macos-15""]",https://github.com/PixarAnimationStudios/OpenUSD/actions/runs/35707020075/job/106678487206
106887395203,35769484841,1,linux,Linux,2026-09-22 18:47:30,2026-09-22 18:50:18,2026-09,failure,not_successful,True,2.8,2.0,"[""ubuntu-22.04""]",https://github.com/PixarAnimationStudios/OpenUSD/actions/runs/35769484841/job/106887395203
106887395393,35769484841,1,wasm32,Wasm (Wasm),2026-09-22 18:47:30,2026-09-22 19:32:55,2026-09,success,included,True,45.416666666666664,43.833333333333336,"[""ubuntu-22.04""]",https://github.com/PixarAnimationStudios/OpenUSD/actions/runs/35769484841/job/106887395393
106887395790,35769484841,1,windows,Windows,2026-09-22 18:47:30,2026-09-22 18:59:21,2026-09,failure,not_successful,True,11.85,7.266666666666667,"[""windows-2022""]",https://github.com/PixarAnimationStudios/OpenUSD/actions/runs/35769484841/job/106887395790
106887395359,35769484841,1,wasm64,Wasm (Wasm64),2026-09-22 18:47:31,2026-09-22 19:49:10,2026-09,success,included,True,61.65,59.78333333333333,"[""ubuntu-22.04""]",https://github.com/PixarAnimationStudios/OpenUSD/actions/runs/35769484841/job/106887395359
106887395491,35769484841,1,macos,macOS,2026-09-22 18:47:37,2026-09-22 19:43:09,2026-09,success,included,True,55.53333333333333,51.1,"[""macos-15""]",https://github.com/PixarAnimationStudios/OpenUSD/actions/runs/35769484841/job/106887395491
106900054348,35773266190,1,wasm64,Wasm (Wasm64),2026-09-22 19:21:52,2026-09-22 20:08:13,2026-09,success,included,True,46.35,44.71666666666667,"[""ubuntu-22.04""]",https://github.com/PixarAnimationStudios/OpenUSD/actions/runs/35773266190/job/106900054348
106900054420,35773266190,1,linux,Linux,2026-09-22 19:21:52,2026-09-22 19:27:23,2026-09,failure,not_successful,True,5.516666666666667,4.7,"[""ubuntu-22.04""]",https://github.com/PixarAnimationStudios/OpenUSD/actions/runs/35773266190/job/106900054420
106900054433,35773266190,1,wasm32,Wasm (Wasm),2026-09-22 19:21:52,2026-09-22 20:19:43,2026-09,success,included,True,57.85,55.96666666666667,"[""ubuntu-22.04""]",https://github.com/PixarAnimationStudios/OpenUSD/actions/runs/35773266190/job/106900054433
106900054471,35773266190,1,windows,Windows,2026-09-22 19:21:52,2026-09-22 19:30:27,2026-09,success,included,True,8.583333333333334,3.533333333333333,"[""windows-2022""]",https://github.com/PixarAnimationStudios/OpenUSD/actions/runs/35773266190/job/106900054471
106900054476,35773266190,1,macos,macOS,2026-09-22 19:21:58,2026-09-22 20:35:56,2026-09,success,included,True,73.96666666666667,68.13333333333334,"[""macos-15""]",https://github.com/PixarAnimationStudios/OpenUSD/actions/runs/35773266190/job/106900054476
106910596791,35776298410,1,linux,Linux,2026-09-22 19:50:49,2026-09-22 19:50:49,2026-09,skipped,not_successful,False,,,"[""ubuntu-22.04""]",https://github.com/PixarAnimationStudios/OpenUSD/actions/runs/35776298410/job/106910596791
106910597122,35776298410,1,windows,Windows,2026-09-22 19:50:49,2026-09-22 19:50:49,2026-09,skipped,not_successful,False,,,"[""windows-2022""]",https://github.com/PixarAnimationStudios/OpenUSD/actions/runs/35776298410/job/106910597122
106910597128,35776298410,1,wasm32,Wasm,2026-09-22 19:50:49,2026-09-22 19:50:49,2026-09,skipped,not_successful,False,,,"[""ubuntu-22.04""]",https://github.com/PixarAnimationStudios/OpenUSD/actions/runs/35776298410/job/106910597128
106910597143,35776298410,1,macos,macOS,2026-09-22 19:50:49,2026-09-22 19:50:49,2026-09,skipped,not_successful,False,,,"[""macos-15""]",https://github.com/PixarAnimationStudios/OpenUSD/actions/runs/35776298410/job/106910597143
106946737092,35787135682,1,wasm32,Wasm (Wasm),2026-09-22 21:31:47,2026-09-22 22:32:59,2026-09,success,included,True,61.2,59.35,"[""ubuntu-22.04""]",https://github.com/PixarAnimationStudios/OpenUSD/actions/runs/35787135682/job/106946737092
106946737131,35787135682,1,linux,Linux,2026-09-22 21:31:47,2026-09-22 22:49:22,2026-09,success,included,True,77.58333333333333,73.11666666666666,"[""ubuntu-22.04""]",https://github.com/PixarAnimationStudios/OpenUSD/actions/runs/35787135682/job/106946737131
106946737099,35787135682,1,wasm64,Wasm (Wasm64),2026-09-22 21:31:48,2026-09-22 22:32:05,2026-09,success,included,True,60.28333333333333,58.28333333333333,"[""ubuntu-22.04""]",https://github.com/PixarAnimationStudios/OpenUSD/actions/runs/35787135682/job/106946737099
106946737379,35787135682,1,windows,Windows,2026-09-22 21:31:48,2026-09-22 21:57:10,2026-09,success,included,True,25.366666666666667,20.166666666666668,"[""windows-2022""]",https://github.com/PixarAnimationStudios/OpenUSD/actions/runs/35787135682/job/106946737379
106946737227,35787135682,1,macos,macOS,2026-09-22 21:31:53,2026-09-22 22:23:38,2026-09,success,included,True,51.75,47.28333333333333,"[""macos-15""]",https://github.com/PixarAnimationStudios/OpenUSD/actions/runs/35787135682/job/106946737227
107001721552,35804331113,1,windows,Windows,2026-09-23 00:58:51,2026-09-23 01:06:05,2026-09,success,included,True,7.233333333333333,2.566666666666667,"[""windows-2022""]",https://github.com/PixarAnimationStudios/OpenUSD/actions/runs/35804331113/job/107001721552
107001721559,35804331113,1,linux,Linux,2026-09-23 00:58:51,2026-09-23 01:58:31,2026-09,success,included,True,59.666666666666664,55.65,"[""ubuntu-22.04""]",https://github.com/PixarAnimationStudios/OpenUSD/actions/runs/35804331113/job/107001721559
107001721564,35804331113,1,wasm64,Wasm (Wasm64),2026-09-23 00:58:51,2026-09-23 01:44:11,2026-09,success,included,True,45.333333333333336,43.666666666666664,"[""ubuntu-22.04""]",https://github.com/PixarAnimationStudios/OpenUSD/actions/runs/35804331113/job/107001721564
107001721602,35804331113,1,wasm32,Wasm (Wasm),2026-09-23 00:58:52,2026-09-23 02:00:09,2026-09,success,included,True,61.28333333333333,59.36666666666667,"[""ubuntu-22.04""]",https://github.com/PixarAnimationStudios/OpenUSD/actions/runs/35804331113/job/107001721602
107001721677,35804331113,1,macos,macOS,2026-09-23 00:58:57,2026-09-23 01:55:44,2026-09,success,included,True,56.78333333333333,51.916666666666664,"[""macos-15""]",https://github.com/PixarAnimationStudios/OpenUSD/actions/runs/35804331113/job/107001721677
107095113372,35834606047,1,wasm32,Wasm (Wasm),2026-09-23 08:00:00,2026-09-23 08:39:30,2026-09,success,included,True,39.5,37.75,"[""ubuntu-22.04""]",https://github.com/PixarAnimationStudios/OpenUSD/actions/runs/35834606047/job/107095113372
107095113412,35834606047,1,windows,Windows,2026-09-23 08:00:01,2026-09-23 08:07:00,2026-09,success,included,True,6.983333333333333,2.7,"[""windows-2022""]",https://github.com/PixarAnimationStudios/OpenUSD/actions/runs/35834606047/job/107095113412
107095113433,35834606047,1,wasm64,Wasm (Wasm64),2026-09-23 08:00:01,2026-09-23 09:02:08,2026-09,success,included,True,62.11666666666667,60.18333333333333,"[""ubuntu-22.04""]",https://github.com/PixarAnimationStudios/OpenUSD/actions/runs/35834606047/job/107095113433
107095113285,35834606047,1,linux,Linux,2026-09-23 08:00:02,2026-09-23 09:18:38,2026-09,success,included,True,78.6,73.95,"[""ubuntu-22.04""]",https://github.com/PixarAnimationStudios/OpenUSD/actions/runs/35834606047/job/107095113285
107095113336,35834606047,1,macos,macOS,2026-09-23 08:00:04,2026-09-23 08:41:21,2026-09,success,included,True,41.28333333333333,37.93333333333333,"[""macos-15""]",https://github.com/PixarAnimationStudios/OpenUSD/actions/runs/35834606047/job/107095113336
107283043102,35890910868,1,wasm64,Wasm (Wasm64),2026-09-23 16:45:44,2026-09-23 17:45:20,2026-09,success,included,True,59.6,57.65,"[""ubuntu-22.04""]",https://github.com/PixarAnimationStudios/OpenUSD/actions/runs/35890910868/job/107283043102
107283043122,35890910868,1,linux,Linux,2026-09-23 16:45:44,2026-09-23 18:05:01,2026-09,success,included,True,79.28333333333333,74.51666666666667,"[""ubuntu-22.04""]",https://github.com/PixarAnimationStudios/OpenUSD/actions/runs/35890910868/job/107283043122
107283043054,35890910868,1,windows,Windows,2026-09-23 16:45:45,2026-09-23 16:54:10,2026-09,success,included,True,8.416666666666666,3.3666666666666667,"[""windows-2022""]",https://github.com/PixarAnimationStudios/OpenUSD/actions/runs/35890910868/job/107283043054
107283043075,35890910868,1,macos,macOS,2026-09-23 16:45:48,2026-09-23 17:39:52,2026-09,success,included,True,54.06666666666667,49.28333333333333,"[""macos-15""]",https://github.com/PixarAnimationStudios/OpenUSD/actions/runs/35890910868/job/107283043075
107283043243,35890910868,1,wasm32,Wasm (Wasm),2026-09-23 16:47:54,2026-09-23 17:47:56,2026-09,success,included,True,60.03333333333333,58.233333333333334,"[""ubuntu-22.04""]",https://github.com/PixarAnimationStudios/OpenUSD/actions/runs/35890910868/job/107283043243
107358510094,35908848831,2,wasm32,Wasm (Wasm),2026-09-23 20:03:09,2026-09-23 20:38:31,2026-09,success,included,True,35.36666666666667,33.93333333333333,"[""ubuntu-22.04""]",https://github.com/PixarAnimationStudios/OpenUSD/actions/runs/35908848831/job/107358510094
107358509731,35908848831,2,windows,Windows,2026-09-23 20:03:10,2026-09-23 20:12:40,2026-09,failure,not_successful,True,9.5,3.783333333333333,"[""windows-2022""]",https://github.com/PixarAnimationStudios/OpenUSD/actions/runs/35908848831/job/107358509731
107358509891,35908848831,2,linux,Linux,2026-09-23 20:03:10,2026-09-23 21:02:25,2026-09,success,included,True,59.25,54.96666666666667,"[""ubuntu-22.04""]",https://github.com/PixarAnimationStudios/OpenUSD/actions/runs/35908848831/job/107358509891
107358509973,35908848831,2,wasm64,Wasm (Wasm64),2026-09-23 20:03:10,2026-09-23 20:50:01,2026-09,success,included,True,46.85,45.2,"[""ubuntu-22.04""]",https://github.com/PixarAnimationStudios/OpenUSD/actions/runs/35908848831/job/107358509973
107358509783,35908848831,2,macos,macOS,2026-09-23 20:03:15,2026-09-23 21:10:47,2026-09,success,included,True,67.53333333333333,62.81666666666667,"[""macos-15""]",https://github.com/PixarAnimationStudios/OpenUSD/actions/runs/35908848831/job/107358509783
107405369630,35927254659,1,wasm32,Wasm (Wasm),2026-09-23 22:15:35,2026-09-23 23:11:09,2026-09,success,included,True,55.56666666666667,53.8,"[""ubuntu-22.04""]",https://github.com/PixarAnimationStudios/OpenUSD/actions/runs/35927254659/job/107405369630
107405369696,35927254659,1,linux,Linux,2026-09-23 22:15:35,2026-09-23 23:34:24,2026-09,success,included,True,78.81666666666666,74.05,"[""ubuntu-22.04""]",https://github.com/PixarAnimationStudios/OpenUSD/actions/runs/35927254659/job/107405369696
107405369641,35927254659,1,wasm64,Wasm (Wasm64),2026-09-23 22:15:36,2026-09-23 23:10:30,2026-09,success,included,True,54.9,52.983333333333334,"[""ubuntu-22.04""]",https://github.com/PixarAnimationStudios/OpenUSD/actions/runs/35927254659/job/107405369641
107405369754,35927254659,1,windows,Windows,2026-09-23 22:15:36,2026-09-23 22:24:58,2026-09,success,included,True,9.366666666666667,4.0,"[""windows-2022""]",https://github.com/PixarAnimationStudios/OpenUSD/actions/runs/35927254659/job/107405369754
107405369751,35927254659,1,macos,macOS,2026-09-23 22:15:42,2026-09-23 23:10:39,2026-09,success,included,True,54.95,50.166666666666664,"[""macos-15""]",https://github.com/PixarAnimationStudios/OpenUSD/actions/runs/35927254659/job/107405369751
107671361132,36010930602,1,windows,Windows,2026-09-24 14:11:41,2026-09-24 15:18:27,2026-09,success,included,True,66.76666666666667,60.43333333333333,"[""windows-2022""]",https://github.com/PixarAnimationStudios/OpenUSD/actions/runs/36010930602/job/107671361132
107671361337,36010930602,1,wasm64,Wasm (Wasm64),2026-09-24 14:11:42,2026-09-24 14:50:08,2026-09,success,included,True,38.43333333333333,37.03333333333333,"[""ubuntu-22.04""]",https://github.com/PixarAnimationStudios/OpenUSD/actions/runs/36010930602/job/107671361337
107671361349,36010930602,1,linux,Linux,2026-09-24 14:11:42,2026-09-24 15:27:58,2026-09,failure,not_successful,True,76.26666666666667,71.81666666666666,"[""ubuntu-22.04""]",https://github.com/PixarAnimationStudios/OpenUSD/actions/runs/36010930602/job/107671361349
107671361129,36010930602,1,wasm32,Wasm (Wasm),2026-09-24 14:11:43,2026-09-24 15:12:24,2026-09,success,included,True,60.68333333333333,58.78333333333333,"[""ubuntu-22.04""]",https://github.com/PixarAnimationStudios/OpenUSD/actions/runs/36010930602/job/107671361129
107671361063,36010930602,1,macos,macOS,2026-09-24 14:11:47,2026-09-24 15:15:04,2026-09,success,included,True,63.28333333333333,58.28333333333333,"[""macos-15""]",https://github.com/PixarAnimationStudios/OpenUSD/actions/runs/36010930602/job/107671361063
107728441996,36027666443,1,wasm64,Wasm (Wasm64),2026-09-24 16:29:37,2026-09-24 17:31:21,2026-09,success,included,True,61.733333333333334,59.9,"[""ubuntu-22.04""]",https://github.com/PixarAnimationStudios/OpenUSD/actions/runs/36027666443/job/107728441996
107728442052,36027666443,1,windows,Windows,2026-09-24 16:29:37,2026-09-24 16:37:45,2026-09,success,included,True,8.133333333333333,3.3833333333333333,"[""windows-2022""]",https://github.com/PixarAnimationStudios/OpenUSD/actions/runs/36027666443/job/107728442052
107728442241,36027666443,1,linux,Linux,2026-09-24 16:29:37,2026-09-24 17:29:31,2026-09,success,included,True,59.9,55.85,"[""ubuntu-22.04""]",https://github.com/PixarAnimationStudios/OpenUSD/actions/runs/36027666443/job/107728442241
107728442498,36027666443,1,wasm32,Wasm (Wasm),2026-09-24 16:29:38,2026-09-24 17:30:33,2026-09,success,included,True,60.916666666666664,59.0,"[""ubuntu-22.04""]",https://github.com/PixarAnimationStudios/OpenUSD/actions/runs/36027666443/job/107728442498
107728441988,36027666443,1,macos,macOS,2026-09-24 16:29:42,2026-09-24 17:30:07,2026-09,success,included,True,60.416666666666664,54.38333333333333,"[""macos-15""]",https://github.com/PixarAnimationStudios/OpenUSD/actions/runs/36027666443/job/107728441988
108339262342,36218522523,1,wasm64,Wasm (Wasm64),2026-09-26 04:40:42,2026-09-26 05:44:22,2026-09,success,included,True,63.666666666666664,61.916666666666664,"[""ubuntu-22.04""]",https://github.com/PixarAnimationStudios/OpenUSD/actions/runs/36218522523/job/108339262342
108339262348,36218522523,1,windows,Windows,2026-09-26 04:40:42,2026-09-26 05:50:36,2026-09,failure,not_successful,True,69.9,65.23333333333333,"[""windows-2022""]",https://github.com/PixarAnimationStudios/OpenUSD/actions/runs/36218522523/job/108339262348
108339262368,36218522523,1,linux,Linux,2026-09-26 04:40:42,2026-09-26 06:09:22,2026-09,success,included,True,88.66666666666667,83.7,"[""ubuntu-22.04""]",https://github.com/PixarAnimationStudios/OpenUSD/actions/runs/36218522523/job/108339262368
108339262422,36218522523,1,wasm32,Wasm (Wasm),2026-09-26 04:40:42,2026-09-26 05:43:41,2026-09,success,included,True,62.983333333333334,61.13333333333333,"[""ubuntu-22.04""]",https://github.com/PixarAnimationStudios/OpenUSD/actions/runs/36218522523/job/108339262422
108362122886,36218522523,2,wasm64,Wasm (Wasm64),2026-09-26 04:40:42,2026-09-26 05:44:22,2026-09,success,duplicate_execution,True,63.666666666666664,61.916666666666664,"[""ubuntu-22.04""]",https://github.com/PixarAnimationStudios/OpenUSD/actions/runs/36218522523/job/108362122886
108362122982,36218522523,2,wasm32,Wasm (Wasm),2026-09-26 04:40:42,2026-09-26 05:43:41,2026-09,success,duplicate_execution,True,62.983333333333334,61.13333333333333,"[""ubuntu-22.04""]",https://github.com/PixarAnimationStudios/OpenUSD/actions/runs/36218522523/job/108362122982
108362123045,36218522523,2,linux,Linux,2026-09-26 04:40:42,2026-09-26 06:09:22,2026-09,success,duplicate_execution,True,88.66666666666667,83.7,"[""ubuntu-22.04""]",https://github.com/PixarAnimationStudios/OpenUSD/actions/runs/36218522523/job/108362123045
108339262347,36218522523,1,macos,macOS,2026-09-26 04:40:49,2026-09-26 05:41:19,2026-09,success,included,True,60.5,54.7,"[""macos-15""]",https://github.com/PixarAnimationStudios/OpenUSD/actions/runs/36218522523/job/108339262347
108362122934,36218522523,2,macos,macOS,2026-09-26 04:40:49,2026-09-26 05:41:19,2026-09,success,duplicate_execution,True,60.5,54.7,"[""macos-15""]",https://github.com/PixarAnimationStudios/OpenUSD/actions/runs/36218522523/job/108362122934
108362122371,36218522523,2,windows,Windows,2026-09-26 07:25:41,2026-09-26 07:35:52,2026-09,success,included,True,10.183333333333334,5.5,"[""windows-2022""]",https://github.com/PixarAnimationStudios/OpenUSD/actions/runs/36218522523/job/108362122371
108372269151,36228785896,2,linux,Linux,2026-09-26 08:38:20,2026-09-26 09:55:31,2026-09,success,included,True,77.18333333333334,72.66666666666667,"[""ubuntu-22.04""]",https://github.com/PixarAnimationStudios/OpenUSD/actions/runs/36228785896/job/108372269151
108372269185,36228785896,2,wasm32,Wasm (Wasm),2026-09-26 08:38:20,2026-09-26 09:41:39,2026-09,success,included,True,63.31666666666667,61.4,"[""ubuntu-22.04""]",https://github.com/PixarAnimationStudios/OpenUSD/actions/runs/36228785896/job/108372269185
108372269238,36228785896,2,wasm64,Wasm (Wasm64),2026-09-26 08:38:20,2026-09-26 09:38:16,2026-09,success,included,True,59.93333333333333,58.05,"[""ubuntu-22.04""]",https://github.com/PixarAnimationStudios/OpenUSD/actions/runs/36228785896/job/108372269238
108372269239,36228785896,2,windows,Windows,2026-09-26 08:38:21,2026-09-26 10:18:15,2026-09,success,included,True,99.9,94.71666666666667,"[""windows-2022""]",https://github.com/PixarAnimationStudios/OpenUSD/actions/runs/36228785896/job/108372269239
108372269176,36228785896,2,macos,macOS,2026-09-26 08:38:25,2026-09-26 09:30:39,2026-09,success,included,True,52.233333333333334,47.18333333333333,"[""macos-15""]",https://github.com/PixarAnimationStudios/OpenUSD/actions/runs/36228785896/job/108372269176
109017901869,36448732817,1,wasm64,Wasm (Wasm64),2026-09-28 16:08:05,2026-09-28 17:11:38,2026-09,success,included,True,63.55,61.7,"[""ubuntu-22.04""]",https://github.com/PixarAnimationStudios/OpenUSD/actions/runs/36448732817/job/109017901869
109017902052,36448732817,1,wasm32,Wasm (Wasm),2026-09-28 16:08:05,2026-09-28 17:12:16,2026-09,success,included,True,64.18333333333334,62.333333333333336,"[""ubuntu-22.04""]",https://github.com/PixarAnimationStudios/OpenUSD/actions/runs/36448732817/job/109017902052
109017901920,36448732817,1,windows,Windows,2026-09-28 16:08:06,2026-09-28 17:50:27,2026-09,failure,not_successful,True,102.35,97.63333333333334,"[""windows-2022""]",https://github.com/PixarAnimationStudios/OpenUSD/actions/runs/36448732817/job/109017901920
109017901889,36448732817,1,linux,Linux,2026-09-28 16:08:10,2026-09-28 17:13:27,2026-09,success,included,True,65.28333333333333,61.016666666666666,"[""ubuntu-22.04""]",https://github.com/PixarAnimationStudios/OpenUSD/actions/runs/36448732817/job/109017901889
109017901757,36448732817,1,macos,macOS,2026-09-28 16:08:11,2026-09-28 17:10:44,2026-09,success,included,True,62.55,57.516666666666666,"[""macos-15""]",https://github.com/PixarAnimationStudios/OpenUSD/actions/runs/36448732817/job/109017901757
109040368280,36455343974,1,windows,Windows,2026-09-28 17:03:16,2026-09-28 17:14:30,2026-09,success,included,True,11.233333333333333,6.45,"[""windows-2022""]",https://github.com/PixarAnimationStudios/OpenUSD/actions/runs/36455343974/job/109040368280
109040368377,36455343974,1,wasm32,Wasm (Wasm),2026-09-28 17:03:16,2026-09-28 18:07:31,2026-09,success,included,True,64.25,62.28333333333333,"[""ubuntu-22.04""]",https://github.com/PixarAnimationStudios/OpenUSD/actions/runs/36455343974/job/109040368377
109040368453,36455343974,1,wasm64,Wasm (Wasm64),2026-09-28 17:03:16,2026-09-28 17:53:09,2026-09,success,included,True,49.88333333333333,48.016666666666666,"[""ubuntu-22.04""]",https://github.com/PixarAnimationStudios/OpenUSD/actions/runs/36455343974/job/109040368453
109040368410,36455343974,1,linux,Linux,2026-09-28 17:03:17,2026-09-28 18:21:55,2026-09,success,included,True,78.63333333333334,74.16666666666667,"[""ubuntu-22.04""]",https://github.com/PixarAnimationStudios/OpenUSD/actions/runs/36455343974/job/109040368410
109040368326,36455343974,1,macos,macOS,2026-09-28 17:03:22,2026-09-28 17:59:20,2026-09,success,included,True,55.96666666666667,51.03333333333333,"[""macos-15""]",https://github.com/PixarAnimationStudios/OpenUSD/actions/runs/36455343974/job/109040368326
109051754420,36458699924,1,wasm32,Wasm (Wasm),2026-09-28 17:31:54,2026-09-28 18:33:38,2026-09,success,included,True,61.733333333333334,59.733333333333334,"[""ubuntu-22.04""]",https://github.com/PixarAnimationStudios/OpenUSD/actions/runs/36458699924/job/109051754420
109051754316,36458699924,1,linux,Linux,2026-09-28 17:31:55,2026-09-28 18:49:45,2026-09,success,included,True,77.83333333333333,73.21666666666667,"[""ubuntu-22.04""]",https://github.com/PixarAnimationStudios/OpenUSD/actions/runs/36458699924/job/109051754316
109051754346,36458699924,1,wasm64,Wasm (Wasm64),2026-09-28 17:31:56,2026-09-28 18:21:50,2026-09,success,included,True,49.9,48.2,"[""ubuntu-22.04""]",https://github.com/PixarAnimationStudios/OpenUSD/actions/runs/36458699924/job/109051754346
109051754534,36458699924,1,windows,Windows,2026-09-28 17:31:56,2026-09-28 17:41:54,2026-09,success,included,True,9.966666666666667,5.066666666666666,"[""windows-2022""]",https://github.com/PixarAnimationStudios/OpenUSD/actions/runs/36458699924/job/109051754534
109051754441,36458699924,1,macos,macOS,2026-09-28 17:32:00,2026-09-28 18:36:57,2026-09,success,included,True,64.95,60.15,"[""macos-15""]",https://github.com/PixarAnimationStudios/OpenUSD/actions/runs/36458699924/job/109051754441
109064032020,36462356961,1,wasm64,Wasm (Wasm64),2026-09-28 18:02:49,2026-09-28 18:39:10,2026-09,success,included,True,36.35,34.916666666666664,"[""ubuntu-22.04""]",https://github.com/PixarAnimationStudios/OpenUSD/actions/runs/36462356961/job/109064032020
109064032110,36462356961,1,linux,Linux,2026-09-28 18:02:49,2026-09-28 18:58:50,2026-09,success,included,True,56.016666666666666,52.416666666666664,"[""ubuntu-22.04""]",https://github.com/PixarAnimationStudios/OpenUSD/actions/runs/36462356961/job/109064032110
109064032301,36462356961,1,wasm32,Wasm (Wasm),2026-09-28 18:02:49,2026-09-28 18:44:09,2026-09,success,included,True,41.333333333333336,39.6,"[""ubuntu-22.04""]",https://github.com/PixarAnimationStudios/OpenUSD/actions/runs/36462356961/job/109064032301
109064031994,36462356961,1,windows,Windows,2026-09-28 18:02:51,2026-09-28 18:11:07,2026-09,failure,not_successful,True,8.266666666666667,3.716666666666667,"[""windows-2022""]",https://github.com/PixarAnimationStudios/OpenUSD/actions/runs/36462356961/job/109064031994
109064031997,36462356961,1,macos,macOS,2026-09-28 18:02:59,2026-09-28 19:00:34,2026-09,success,included,True,57.583333333333336,52.68333333333333,"[""macos-15""]",https://github.com/PixarAnimationStudios/OpenUSD/actions/runs/36462356961/job/109064031997
109065158987,36462671446,1,wasm32,Wasm (Wasm),2026-09-28 18:05:39,2026-09-28 19:09:12,2026-09,success,included,True,63.55,61.733333333333334,"[""ubuntu-22.04""]",https://github.com/PixarAnimationStudios/OpenUSD/actions/runs/36462671446/job/109065158987
109065159016,36462671446,1,windows,Windows,2026-09-28 18:05:41,2026-09-28 18:14:59,2026-09,success,included,True,9.3,4.75,"[""windows-2022""]",https://github.com/PixarAnimationStudios/OpenUSD/actions/runs/36462671446/job/109065159016
109065159170,36462671446,1,wasm64,Wasm (Wasm64),2026-09-28 18:05:41,2026-09-28 19:13:14,2026-09,success,included,True,67.55,65.53333333333333,"[""ubuntu-22.04""]",https://github.com/PixarAnimationStudios/OpenUSD/actions/runs/36462671446/job/109065159170
109065159097,36462671446,1,macos,macOS,2026-09-28 18:05:44,2026-09-28 19:05:00,2026-09,success,included,True,59.266666666666666,54.06666666666667,"[""macos-15""]",https://github.com/PixarAnimationStudios/OpenUSD/actions/runs/36462671446/job/109065159097
109065159092,36462671446,1,linux,Linux,2026-09-28 18:05:46,2026-09-28 19:25:44,2026-09,success,included,True,79.96666666666667,75.33333333333333,"[""ubuntu-22.04""]",https://github.com/PixarAnimationStudios/OpenUSD/actions/runs/36462671446/job/109065159092
109068894329,36463788457,1,wasm32,Wasm (Wasm),2026-09-28 18:15:08,2026-09-28 18:52:12,2026-09,success,included,True,37.06666666666667,35.63333333333333,"[""ubuntu-22.04""]",https://github.com/PixarAnimationStudios/OpenUSD/actions/runs/36463788457/job/109068894329
109068894607,36463788457,1,linux,Linux,2026-09-28 18:15:08,2026-09-28 18:56:50,2026-09,success,included,True,41.7,38.6,"[""ubuntu-22.04""]",https://github.com/PixarAnimationStudios/OpenUSD/actions/runs/36463788457/job/109068894607
109068894392,36463788457,1,wasm64,Wasm (Wasm64),2026-09-28 18:15:09,2026-09-28 19:15:18,2026-09,success,included,True,60.15,58.21666666666667,"[""ubuntu-22.04""]",https://github.com/PixarAnimationStudios/OpenUSD/actions/runs/36463788457/job/109068894392
109068894296,36463788457,1,windows,Windows,2026-09-28 18:15:11,2026-09-28 18:25:34,2026-09,failure,not_successful,True,10.383333333333333,5.516666666666667,"[""windows-2022""]",https://github.com/PixarAnimationStudios/OpenUSD/actions/runs/36463788457/job/109068894296
109068894372,36463788457,1,macos,macOS,2026-09-28 18:15:14,2026-09-28 19:12:56,2026-09,success,included,True,57.7,52.55,"[""macos-15""]",https://github.com/PixarAnimationStudios/OpenUSD/actions/runs/36463788457/job/109068894372
109075383438,36465708108,1,linux,Linux,2026-09-28 18:31:29,2026-09-28 19:49:34,2026-09,success,included,True,78.08333333333333,73.51666666666667,"[""ubuntu-22.04""]",https://github.com/PixarAnimationStudios/OpenUSD/actions/runs/36465708108/job/109075383438
109075383516,36465708108,1,windows,Windows,2026-09-28 18:31:29,2026-09-28 18:41:25,2026-09,success,included,True,9.933333333333334,5.283333333333333,"[""windows-2022""]",https://github.com/PixarAnimationStudios/OpenUSD/actions/runs/36465708108/job/109075383516
109075383596,36465708108,1,wasm32,Wasm (Wasm),2026-09-28 18:31:30,2026-09-28 19:18:37,2026-09,success,included,True,47.11666666666667,45.5,"[""ubuntu-22.04""]",https://github.com/PixarAnimationStudios/OpenUSD/actions/runs/36465708108/job/109075383596
109075383756,36465708108,1,wasm64,Wasm (Wasm64),2026-09-28 18:31:30,2026-09-28 19:18:10,2026-09,success,included,True,46.666666666666664,45.016666666666666,"[""ubuntu-22.04""]",https://github.com/PixarAnimationStudios/OpenUSD/actions/runs/36465708108/job/109075383756
109075383309,36465708108,1,macos,macOS,2026-09-28 18:31:37,2026-09-28 19:39:59,2026-09,success,included,True,68.36666666666666,62.93333333333333,"[""macos-15""]",https://github.com/PixarAnimationStudios/OpenUSD/actions/runs/36465708108/job/109075383309
109093143410,36470997869,1,windows,Windows,2026-09-28 19:16:21,2026-09-28 19:26:40,2026-09,success,included,True,10.316666666666666,5.483333333333333,"[""windows-2022""]",https://github.com/PixarAnimationStudios/OpenUSD/actions/runs/36470997869/job/109093143410
109093143095,36470997869,1,linux,Linux,2026-09-28 19:16:22,2026-09-28 20:01:18,2026-09,success,included,True,44.93333333333333,41.166666666666664,"[""ubuntu-22.04""]",https://github.com/PixarAnimationStudios/OpenUSD/actions/runs/36470997869/job/109093143095
109093143259,36470997869,1,wasm64,Wasm (Wasm64),2026-09-28 19:16:22,2026-09-28 20:16:48,2026-09,success,included,True,60.43333333333333,58.45,"[""ubuntu-22.04""]",https://github.com/PixarAnimationStudios/OpenUSD/actions/runs/36470997869/job/109093143259
109093143347,36470997869,1,wasm32,Wasm (Wasm),2026-09-28 19:16:22,2026-09-28 20:19:34,2026-09,success,included,True,63.2,61.266666666666666,"[""ubuntu-22.04""]",https://github.com/PixarAnimationStudios/OpenUSD/actions/runs/36470997869/job/109093143347
109093144011,36470997869,1,macos,macOS,2026-09-28 19:16:28,2026-09-28 20:17:58,2026-09,success,included,True,61.5,57.13333333333333,"[""macos-15""]",https://github.com/PixarAnimationStudios/OpenUSD/actions/runs/36470997869/job/109093144011
109096702314,36472051958,1,wasm64,Wasm (Wasm64),2026-09-28 19:25:26,2026-09-28 20:30:21,2026-09,success,included,True,64.91666666666667,63.11666666666667,"[""ubuntu-22.04""]",https://github.com/PixarAnimationStudios/OpenUSD/actions/runs/36472051958/job/109096702314
109096702323,36472051958,1,linux,Linux,2026-09-28 19:25:26,2026-09-28 20:41:24,2026-09,success,included,True,75.96666666666667,71.41666666666667,"[""ubuntu-22.04""]",https://github.com/PixarAnimationStudios/OpenUSD/actions/runs/36472051958/job/109096702323
109096702376,36472051958,1,wasm32,Wasm (Wasm),2026-09-28 19:25:26,2026-09-28 20:30:01,2026-09,success,included,True,64.58333333333333,62.666666666666664,"[""ubuntu-22.04""]",https://github.com/PixarAnimationStudios/OpenUSD/actions/runs/36472051958/job/109096702376
109096702776,36472051958,1,windows,Windows,2026-09-28 19:25:28,2026-09-28 19:36:09,2026-09,success,included,True,10.683333333333334,5.733333333333333,"[""windows-2022""]",https://github.com/PixarAnimationStudios/OpenUSD/actions/runs/36472051958/job/109096702776
109096702449,36472051958,1,macos,macOS,2026-09-28 19:25:32,2026-09-28 20:31:53,2026-09,success,included,True,66.35,61.8,"[""macos-15""]",https://github.com/PixarAnimationStudios/OpenUSD/actions/runs/36472051958/job/109096702449
109097558891,36472318799,1,linux,Linux,2026-09-28 19:27:37,2026-09-28 20:24:27,2026-09,failure,not_successful,True,56.833333333333336,53.15,"[""ubuntu-22.04""]",https://github.com/PixarAnimationStudios/OpenUSD/actions/runs/36472318799/job/109097558891
109097558912,36472318799,1,windows,Windows,2026-09-28 19:27:37,2026-09-28 19:37:53,2026-09,success,included,True,10.266666666666667,5.433333333333334,"[""windows-2022""]",https://github.com/PixarAnimationStudios/OpenUSD/actions/runs/36472318799/job/109097558912
109097558986,36472318799,1,wasm32,Wasm (Wasm),2026-09-28 19:27:37,2026-09-28 20:31:54,2026-09,success,included,True,64.28333333333333,62.3,"[""ubuntu-22.04""]",https://github.com/PixarAnimationStudios/OpenUSD/actions/runs/36472318799/job/109097558986
109097559069,36472318799,1,wasm64,Wasm (Wasm64),2026-09-28 19:27:37,2026-09-28 20:28:30,2026-09,success,included,True,60.88333333333333,58.95,"[""ubuntu-22.04""]",https://github.com/PixarAnimationStudios/OpenUSD/actions/runs/36472318799/job/109097559069
109097559156,36472318799,1,macos,macOS,2026-09-28 19:27:43,2026-09-28 20:33:07,2026-09,success,included,True,65.4,60.416666666666664,"[""macos-15""]",https://github.com/PixarAnimationStudios/OpenUSD/actions/runs/36472318799/job/109097559156
109098555102,36472611170,1,wasm64,Wasm (Wasm64),2026-09-28 19:30:12,2026-09-28 20:07:55,2026-09,success,included,True,37.71666666666667,36.3,"[""ubuntu-22.04""]",https://github.com/PixarAnimationStudios/OpenUSD/actions/runs/36472611170/job/109098555102
109098554944,36472611170,1,windows,Windows,2026-09-28 19:30:13,2026-09-28 19:40:39,2026-09,success,included,True,10.433333333333334,5.516666666666667,"[""windows-2022""]",https://github.com/PixarAnimationStudios/OpenUSD/actions/runs/36472611170/job/109098554944
109098555106,36472611170,1,wasm32,Wasm (Wasm),2026-09-28 19:30:13,2026-09-28 20:36:14,2026-09,success,included,True,66.01666666666667,63.983333333333334,"[""ubuntu-22.04""]",https://github.com/PixarAnimationStudios/OpenUSD/actions/runs/36472611170/job/109098555106
109098555168,36472611170,1,linux,Linux,2026-09-28 19:30:13,2026-09-28 20:43:04,2026-09,success,included,True,72.85,68.5,"[""ubuntu-22.04""]",https://github.com/PixarAnimationStudios/OpenUSD/actions/runs/36472611170/job/109098555168
109098555077,36472611170,1,macos,macOS,2026-09-28 19:30:17,2026-09-28 20:30:20,2026-09,success,included,True,60.05,54.3,"[""macos-15""]",https://github.com/PixarAnimationStudios/OpenUSD/actions/runs/36472611170/job/109098555077
109565099154,36614446083,1,wasm32,Wasm (Wasm),2026-09-29 18:49:47,2026-09-29 19:54:16,2026-09,success,included,True,64.48333333333333,62.61666666666667,"[""ubuntu-22.04""]",https://github.com/PixarAnimationStudios/OpenUSD/actions/runs/36614446083/job/109565099154
109565099221,36614446083,1,wasm64,Wasm (Wasm64),2026-09-29 18:49:47,2026-09-29 19:54:18,2026-09,success,included,True,64.51666666666667,62.68333333333333,"[""ubuntu-22.04""]",https://github.com/PixarAnimationStudios/OpenUSD/actions/runs/36614446083/job/109565099221
109565099100,36614446083,1,windows,Windows,2026-09-29 18:49:48,2026-09-29 20:27:18,2026-09,success,included,True,97.5,92.68333333333334,"[""windows-2022""]",https://github.com/PixarAnimationStudios/OpenUSD/actions/runs/36614446083/job/109565099100
109565099164,36614446083,1,linux,Linux,2026-09-29 18:49:48,2026-09-29 19:49:47,2026-09,success,included,True,59.983333333333334,55.95,"[""ubuntu-22.04""]",https://github.com/PixarAnimationStudios/OpenUSD/actions/runs/36614446083/job/109565099164
109565099166,36614446083,1,macos,macOS,2026-09-29 18:49:54,2026-09-29 19:44:41,2026-09,success,included,True,54.78333333333333,50.416666666666664,"[""macos-15""]",https://github.com/PixarAnimationStudios/OpenUSD/actions/runs/36614446083/job/109565099166
109569282948,36615999059,1,windows,Windows,2026-09-29 18:59:57,2026-09-29 20:41:31,2026-09,success,included,True,101.56666666666666,96.73333333333333,"[""windows-2022""]",https://github.com/PixarAnimationStudios/OpenUSD/actions/runs/36615999059/job/109569282948
109569282977,36615999059,1,wasm64,Wasm (Wasm64),2026-09-29 18:59:57,2026-09-29 20:04:00,2026-09,success,included,True,64.05,62.21666666666667,"[""ubuntu-22.04""]",https://github.com/PixarAnimationStudios/OpenUSD/actions/runs/36615999059/job/109569282977
109569283016,36615999059,1,linux,Linux,2026-09-29 18:59:57,2026-09-29 20:17:36,2026-09,success,included,True,77.65,73.16666666666667,"[""ubuntu-22.04""]",https://github.com/PixarAnimationStudios/OpenUSD/actions/runs/36615999059/job/109569283016
109569283204,36615999059,1,wasm32,Wasm (Wasm),2026-09-29 18:59:57,2026-09-29 20:00:54,2026-09,success,included,True,60.95,58.96666666666667,"[""ubuntu-22.04""]",https://github.com/PixarAnimationStudios/OpenUSD/actions/runs/36615999059/job/109569283204
109569283037,36615999059,1,macos,macOS,2026-09-29 19:00:00,2026-09-29 19:55:08,2026-09,success,included,True,55.13333333333333,49.96666666666667,"[""macos-15""]",https://github.com/PixarAnimationStudios/OpenUSD/actions/runs/36615999059/job/109569283037
109960372621,36736685249,1,wasm64,Wasm (Wasm64),2026-09-30 15:26:39,2026-09-30 16:29:41,2026-09,success,included,True,63.03333333333333,61.233333333333334,"[""ubuntu-22.04""]",https://github.com/PixarAnimationStudios/OpenUSD/actions/runs/36736685249/job/109960372621
109960372659,36736685249,1,windows,Windows,2026-09-30 15:26:39,2026-09-30 16:38:16,2026-09,success,included,True,71.61666666666666,67.18333333333334,"[""windows-2022""]",https://github.com/PixarAnimationStudios/OpenUSD/actions/runs/36736685249/job/109960372659
109960372720,36736685249,1,linux,Linux,2026-09-30 15:26:39,2026-09-30 16:42:59,2026-09,success,included,True,76.33333333333333,71.25,"[""ubuntu-22.04""]",https://github.com/PixarAnimationStudios/OpenUSD/actions/runs/36736685249/job/109960372720
109960372739,36736685249,1,wasm32,Wasm (Wasm),2026-09-30 15:26:39,2026-09-30 16:13:45,2026-09,success,included,True,47.1,45.416666666666664,"[""ubuntu-22.04""]",https://github.com/PixarAnimationStudios/OpenUSD/actions/runs/36736685249/job/109960372739
109960372756,36736685249,1,macos,macOS,2026-09-30 15:26:44,2026-09-30 16:26:25,2026-09,success,included,True,59.68333333333333,54.86666666666667,"[""macos-15""]",https://github.com/PixarAnimationStudios/OpenUSD/actions/runs/36736685249/job/109960372756
109962380675,36737243245,1,windows,Windows,2026-09-30 15:31:08,2026-09-30 17:02:25,2026-09,success,included,True,91.28333333333333,86.58333333333333,"[""windows-2022""]",https://github.com/PixarAnimationStudios/OpenUSD/actions/runs/36737243245/job/109962380675
109962380810,36737243245,1,wasm64,Wasm (Wasm64),2026-09-30 15:31:08,2026-09-30 16:17:41,2026-09,success,included,True,46.55,45.0,"[""ubuntu-22.04""]",https://github.com/PixarAnimationStudios/OpenUSD/actions/runs/36737243245/job/109962380810
109962380747,36737243245,1,linux,Linux,2026-09-30 15:31:09,2026-09-30 16:27:14,2026-09,success,included,True,56.083333333333336,52.266666666666666,"[""ubuntu-22.04""]",https://github.com/PixarAnimationStudios/OpenUSD/actions/runs/36737243245/job/109962380747
109962381220,36737243245,1,wasm32,Wasm (Wasm),2026-09-30 15:31:09,2026-09-30 16:34:48,2026-09,success,included,True,63.65,61.733333333333334,"[""ubuntu-22.04""]",https://github.com/PixarAnimationStudios/OpenUSD/actions/runs/36737243245/job/109962381220
109962380766,36737243245,1,macos,macOS,2026-09-30 15:31:14,2026-09-30 16:26:14,2026-09,success,included,True,55.0,50.56666666666667,"[""macos-15""]",https://github.com/PixarAnimationStudios/OpenUSD/actions/runs/36737243245/job/109962380766
110080878145,36772065330,1,wasm32,Wasm (Wasm),2026-09-30 20:22:14,2026-09-30 21:16:35,2026-09,success,included,True,54.35,52.65,"[""ubuntu-22.04""]",https://github.com/PixarAnimationStudios/OpenUSD/actions/runs/36772065330/job/110080878145
110080878227,36772065330,1,windows,Windows,2026-09-30 20:22:14,2026-09-30 20:38:36,2026-09,success,included,True,16.366666666666667,11.583333333333334,"[""windows-2022""]",https://github.com/PixarAnimationStudios/OpenUSD/actions/runs/36772065330/job/110080878227
110080878255,36772065330,1,wasm64,Wasm (Wasm64),2026-09-30 20:22:14,2026-09-30 21:25:38,2026-09,success,included,True,63.4,61.516666666666666,"[""ubuntu-22.04""]",https://github.com/PixarAnimationStudios/OpenUSD/actions/runs/36772065330/job/110080878255
110080878101,36772065330,1,linux,Linux,2026-09-30 20:22:15,2026-09-30 21:43:20,2026-09,success,included,True,81.08333333333333,75.68333333333334,"[""ubuntu-22.04""]",https://github.com/PixarAnimationStudios/OpenUSD/actions/runs/36772065330/job/110080878101
110080878098,36772065330,1,macos,macOS,2026-09-30 20:22:19,2026-09-30 21:37:52,2026-09,success,included,True,75.55,71.86666666666666,"[""macos-15""]",https://github.com/PixarAnimationStudios/OpenUSD/actions/runs/36772065330/job/110080878098
110098408192,36777274384,1,windows,Windows,2026-09-30 21:07:16,2026-09-30 22:43:51,2026-09,success,included,True,96.58333333333333,91.56666666666666,"[""windows-2022""]",https://github.com/PixarAnimationStudios/OpenUSD/actions/runs/36777274384/job/110098408192
110098408281,36777274384,1,linux,Linux,2026-09-30 21:07:16,2026-09-30 22:14:05,2026-09,failure,not_successful,True,66.81666666666666,62.583333333333336,"[""ubuntu-22.04""]",https://github.com/PixarAnimationStudios/OpenUSD/actions/runs/36777274384/job/110098408281
110098408283,36777274384,1,wasm32,Wasm (Wasm),2026-09-30 21:07:16,2026-09-30 22:07:26,2026-09,success,included,True,60.166666666666664,58.28333333333333,"[""ubuntu-22.04""]",https://github.com/PixarAnimationStudios/OpenUSD/actions/runs/36777274384/job/110098408283
110098408333,36777274384,1,wasm64,Wasm (Wasm64),2026-09-30 21:07:16,2026-09-30 21:50:18,2026-09,success,included,True,43.03333333333333,41.416666666666664,"[""ubuntu-22.04""]",https://github.com/PixarAnimationStudios/OpenUSD/actions/runs/36777274384/job/110098408333
110098408189,36777274384,1,macos,macOS,2026-09-30 21:07:21,2026-09-30 22:18:59,2026-09,success,included,True,71.63333333333334,66.23333333333333,"[""macos-15""]",https://github.com/PixarAnimationStudios/OpenUSD/actions/runs/36777274384/job/110098408189
110123339346,36784714510,1,linux,Linux,2026-09-30 22:18:00,2026-09-30 23:38:10,2026-09,success,included,True,80.16666666666667,75.56666666666666,"[""ubuntu-22.04""]",https://github.com/PixarAnimationStudios/OpenUSD/actions/runs/36784714510/job/110123339346
110123339376,36784714510,1,windows,Windows,2026-09-30 22:18:00,2026-09-30 23:43:36,2026-09,success,included,True,85.6,81.18333333333334,"[""windows-2022""]",https://github.com/PixarAnimationStudios/OpenUSD/actions/runs/36784714510/job/110123339376
110123339463,36784714510,1,wasm64,Wasm (Wasm64),2026-09-30 22:18:00,2026-09-30 23:19:51,2026-09,success,included,True,61.85,60.016666666666666,"[""ubuntu-22.04""]",https://github.com/PixarAnimationStudios/OpenUSD/actions/runs/36784714510/job/110123339463
110123339619,36784714510,1,wasm32,Wasm (Wasm),2026-09-30 22:18:00,2026-09-30 23:06:21,2026-09,success,included,True,48.35,46.7,"[""ubuntu-22.04""]",https://github.com/PixarAnimationStudios/OpenUSD/actions/runs/36784714510/job/110123339619
110123339691,36784714510,1,macos,macOS,2026-09-30 22:18:05,2026-09-30 23:21:49,2026-09,success,included,True,63.733333333333334,59.333333333333336,"[""macos-15""]",https://github.com/PixarAnimationStudios/OpenUSD/actions/runs/36784714510/job/110123339691
110430638934,36880389663,1,wasm32,Wasm (Wasm),2026-10-01 14:57:35,2026-10-01 15:42:12,2026-10,success,included,True,44.61666666666667,43.06666666666667,"[""ubuntu-22.04""]",https://github.com/PixarAnimationStudios/OpenUSD/actions/runs/36880389663/job/110430638934
110430638819,36880389663,1,wasm64,Wasm (Wasm64),2026-10-01 14:57:36,2026-10-01 15:54:24,2026-10,success,included,True,56.8,54.86666666666667,"[""ubuntu-22.04""]",https://github.com/PixarAnimationStudios/OpenUSD/actions/runs/36880389663/job/110430638819
110430638979,36880389663,1,linux,Linux,2026-10-01 14:57:36,2026-10-01 16:16:10,2026-10,success,included,True,78.56666666666666,74.06666666666666,"[""ubuntu-22.04""]",https://github.com/PixarAnimationStudios/OpenUSD/actions/runs/36880389663/job/110430638979
110430638857,36880389663,1,windows,Windows,2026-10-01 14:57:37,2026-10-01 16:33:44,2026-10,success,included,True,96.11666666666666,90.73333333333333,"[""windows-2022""]",https://github.com/PixarAnimationStudios/OpenUSD/actions/runs/36880389663/job/110430638857
110430638752,36880389663,1,macos,macOS,2026-10-01 14:57:40,2026-10-01 16:04:27,2026-10,success,included,True,66.78333333333333,61.43333333333333,"[""macos-15""]",https://github.com/PixarAnimationStudios/OpenUSD/actions/runs/36880389663/job/110430638752
110432491351,36880946877,1,wasm32,Wasm (Wasm),2026-10-01 15:01:39,2026-10-01 15:46:21,2026-10,success,included,True,44.7,43.083333333333336,"[""ubuntu-22.04""]",https://github.com/PixarAnimationStudios/OpenUSD/actions/runs/36880946877/job/110432491351
110432491389,36880946877,1,linux,Linux,2026-10-01 15:01:40,2026-10-01 16:09:42,2026-10,failure,not_successful,True,68.03333333333333,,"[""ubuntu-22.04""]",https://github.com/PixarAnimationStudios/OpenUSD/actions/runs/36880946877/job/110432491389
110432493168,36880946877,1,wasm64,Wasm (Wasm64),2026-10-01 15:01:41,2026-10-01 16:00:27,2026-10,success,included,True,58.766666666666666,56.766666666666666,"[""ubuntu-22.04""]",https://github.com/PixarAnimationStudios/OpenUSD/actions/runs/36880946877/job/110432493168
110432491227,36880946877,1,windows,Windows,2026-10-01 15:01:44,2026-10-01 15:09:37,2026-10,success,included,True,7.883333333333334,3.2333333333333334,"[""windows-2022""]",https://github.com/PixarAnimationStudios/OpenUSD/actions/runs/36880946877/job/110432491227
110432491174,36880946877,1,macos,macOS,2026-10-01 15:01:46,2026-10-01 16:12:26,2026-10,success,included,True,70.66666666666667,67.23333333333333,"[""macos-15""]",https://github.com/PixarAnimationStudios/OpenUSD/actions/runs/36880946877/job/110432491174
